Workbook

Sheet 2.1 Data FSVA 2025 & Bobot
A1: Data Indikator FSVA | H1: MIN/MAX | J1: MIN/MAX | L1: MIN/MAX | N1: MIN/MAX | P1: MIN/MAX | R1: MIN/MAX | T1: MIN/MAX | V1: MIN/MAX | X1: MIN/MAX | Z1: MIN/MAX | AB1: MIN/MAX | AD1: MIN/MAX
A2: Food Security and Vulnerability Atlas 2026 | F2: ASPEK | G2: KETERSEDIAAN | O2: KETERJANGKAUAN | U2: PEMANFAATAN
F3: Min | H3: ='2.2 Cut Off Individu & Komposit'!C8 -> 0 | J3: ='2.2 Cut Off Individu & Komposit'!D8 -> 50 | L3: ='2.2 Cut Off Individu & Komposit'!E8 -> 28 | N3: ='2.2 Cut Off Individu & Komposit'!F8 -> 0 | P3: ='2.2 Cut Off Individu & Komposit'!G8 -> 0 | R3: ='2.2 Cut Off Individu & Komposit'!H8 -> 2 | T3: ='2.2 Cut Off Individu & Komposit'!I8 -> 0 | V3: ='2.2 Cut Off Individu & Komposit'!J8 -> 1 | X3: ='2.2 Cut Off Individu & Komposit'!K8 -> 0 | Z3: ='2.2 Cut Off Individu & Komposit'!L8 -> 0 | AB3: ='2.2 Cut Off Individu & Komposit'!M8 -> 40 | AD3: ='2.2 Cut Off Individu & Komposit'!N8 -> 0
F4: Max | H4: ='2.2 Cut Off Individu & Komposit'!C9 -> 10 | J4: ='2.2 Cut Off Individu & Komposit'!D9 -> 120 | L4: ='2.2 Cut Off Individu & Komposit'!E9 -> 120 | N4: ='2.2 Cut Off Individu & Komposit'!F9 -> 3.5 | P4: ='2.2 Cut Off Individu & Komposit'!G9 -> 50 | R4: ='2.2 Cut Off Individu & Komposit'!H9 -> 20 | T4: ='2.2 Cut Off Individu & Komposit'!I9 -> 75 | V4: ='2.2 Cut Off Individu & Komposit'!J9 -> 12 | X4: ='2.2 Cut Off Individu & Komposit'!K9 -> 100 | Z4: ='2.2 Cut Off Individu & Komposit'!L9 -> 100 | AB4: ='2.2 Cut Off Individu & Komposit'!M9 -> 100 | AD4: ='2.2 Cut Off Individu & Komposit'!N9 -> 75
F5: Keterangan Indikator | G5: 1.1 Rasio konsumsi normatif per kapita thd produksi bersih pangan (padi, jagung, ubi kayu, ubi jalar, sagu, pisang) | H5: Adjustment | I5: 1.2 Rasio ketersediaan energi per kapita per hari terhadap standar kebutuhan | J5: Adjustment | K5: 1.3 Rasio ketersediaan protein hewani per kapita per hari terhadap standar kebutuhan | L5: Adjustment | M5: 1.4 Rasio cadangan pangan per kapita | N5: Adjustment | O5: 2.1 Presentase penduduk dengan tingkat kesejahteraan rendah | P5: Adjustment | Q5: 2.2 Koefisien varian (CV) harga (beras medium, daging ayam ras, telur ayam, dan minyak goreng) | R5: Adjustment | S5: 2.3 Prevalence of Undernourishment (PoU)/Prevalensi Ketidakcukupan Konsumsi Pangan | T5: Adjustment | U5: 3.1 Rata-rata Lama Sekolah Perempuan Umur 15 Tahun ke Atas | V5: Adjustment | W5: 3.2 Presentase RT Tanpa Akses ke Air Bersih | X5: Adjustment | Y5: 3.3 Persentase keamanan pangan (segar & siap saji) yang memenuhi standar terhadap total sampel | Z5: Adjustment | AA5: 3.4 Skor Pola Pangan Harapan (PPH) | AB5: Adjustment | AC5: 3.5 Presentase balita dengan tinggi badan di bawah standar (Stunting) | AD5: Adjustment
A6: No. | B6: Nama Kabupaten/Kota | C6: Kode Kab/Kota | D6: Kode Kec Kemendagri | E6: Kode Kec BPS | F6: Nama Kecamatan | G6: 1. NCPR | H6: 1. NCPR | I6: 2. ENERGY | J6: 2. ENERGY | K6: 3. ANIMAL PROTEIN | L6: 3. ANIMAL PROTEIN | M6: 4. FOOD RESERVES | N6: 4. FOOD RESERVES | O6: 5. POVERTY | P6: 5. POVERTY | Q6: 6. PRICE (CV) | R6: 6. PRICE (CV) | S6: 7. PoU | T6: 7. PoU | U6: 8. FEMALE SCHOOL | V6: 8. FEMALE SCHOOL | W6: 9. NO WATER | X6: 9. NO WATER | Y6: 10. FOOD SAFETY | Z6: 10. FOOD SAFETY | AA6: 11. PPH | AB6: 11. PPH | AC6: 12. STUNTING | AD6: 12. STUNTING
A7: =IF('[2]1.7 NCPR'!A3="","",'[2]1.7 NCPR'!A3) | B7: =IF('[2]1.7 NCPR'!B3="","",'[2]1.7 NCPR'!B3) | C7: =IF(D7="","",LEFT(D7,5)) | D7: =IF('[2]1.7 NCPR'!D3="","",'[2]1.7 NCPR'!D3) | E7: =IF('[2]1.7 NCPR'!E3="","",'[2]1.7 NCPR'!E3) | F7: =IF('[2]1.7 NCPR'!C3="","",'[2]1.7 NCPR'!C3) | G7: =IF(D7="","",IF('[2]1.7 NCPR'!P3="","",(VLOOKUP(D7,'[2]1.7 NCPR'!$D:$P,13,0)))) | H7: =IF(G7="","",IF(G7="-",H$4,IF(G7>=H$4,H$4,IF(G7<H$3,H$3,G7)))) | I7: =IF(D7="","",IF('[1]0.2 Konsumsi Energi'!O6="","",VLOOKUP(D7,'[1]0.2 Konsumsi Energi'!$D$5:$S$704,12,0))) | J7: =IF(I7="","",IF(I7>J$4,J$4,IF(I7<J$3,J$3,I7))) | K7: =IF(D7="","",IF('[1]0.3 Konsumsi Protein Hewani'!O6="","",VLOOKUP(D7,'[1]0.3 Konsumsi Protein Hewani'!$D$5:$S$704,12,0))) | L7: =IF(K7="","",IF(K7>L$4,L$4,IF(K7<L$3,L$3,K7))) | M7: =IF(D7="","",IF('[1]0.4 Stok_Cadangan'!AN6="","",VLOOKUP(D7,'[1]0.4 Stok_Cadangan'!$D$6:$AN$704,37,FALSE))) | N7: =IF(M7="","",IF(M7>N$4,N$4,IF(M7<N$3,N$3,M7))) | O7: =IF(D7="","",IF('[1]0.5 Indikator Keterjangkauan'!J6="","",VLOOKUP(D7,'[1]0.5 Indikator Keterjangkauan'!$D$6:$K$704,7,FALSE))) | P7: =IF(O7="","",IF(O7>P$4,P$4,IF(O7<P$3,P$3,O7))) | Q7: =IF(D7="","",IF('[1]0.5 Indikator Keterjangkauan'!AC6="","",VLOOKUP(D7,'[1]0.5 Indikator Keterjangkauan'!$D$6:$AD$704,26,FALSE))) | R7: =IF(Q7="","",IF(Q7>R$4,R$4,IF(Q7<R$3,R$3,Q7))) | S7: =IF(D7="","",IF('[1]0.5 Indikator Keterjangkauan'!AI6="","",VLOOKUP(D7,'[1]0.5 Indikator Keterjangkauan'!$D$6:$AK$700,32,FALSE))) | T7: =IF(S7="","",IF(S7>T$4,T$4,IF(S7<T$3,T$3,S7))) | U7: =IF(D7="","",IF('[1]0.6 Indikator Pemanfaatan'!J6="","",VLOOKUP(D7,'[1]0.6 Indikator Pemanfaatan'!$D$6:$K$704,7,FALSE))) | V7: =IF(U7="","",IF(U7>V$4,V$4,IF(U7<V$3,V$3,U7))) | W7: =IF(D7="","",IF('[1]0.6 Indikator Pemanfaatan'!P6="","",VLOOKUP(D7,'[1]0.6 Indikator Pemanfaatan'!$D$6:$R$704,13,FALSE))) | X7: =IF(W7="","",IF(W7>X$4,X$4,IF(W7<X$3,X$3,W7))) | Y7: =IF(D7="","",IF('[1]0.6 Indikator Pemanfaatan'!AA6="","",VLOOKUP(D7,'[1]0.6 Indikator Pemanfaatan'!$D$6:$AC$706,24,FALSE))) | Z7: =IF(Y7="","",IF(Y7>Z$4,Z$4,IF(Y7<Z$3,Z$3,Y7))) | AA7: =IF(D7="","",IF('[1]0.6 Indikator Pemanfaatan'!AG6="","",VLOOKUP(D7,'[1]0.6 Indikator Pemanfaatan'!$D$6:$AJ$705,30,FALSE))) | AB7: =IF(AA7="","",IF(AA7>AB$4,AB$4,IF(AA7<AB$3,AB$3,AA7))) | AC7: =IF(D7="","",IF('[1]0.6 Indikator Pemanfaatan'!AM6="","",VLOOKUP(D7,'[1]0.6 Indikator Pemanfaatan'!$D$6:$AP$705,36,FALSE))) | AD7: =IF(AC7="","",IF(AC7>AD$4,AD$4,IF(AC7<AD$3,AD$3,AC7)))
A8: =IF('[2]1.7 NCPR'!A4="","",'[2]1.7 NCPR'!A4) | B8: =IF('[2]1.7 NCPR'!B4="","",'[2]1.7 NCPR'!B4) | C8: =IF(D8="","",LEFT(D8,5)) | D8: =IF('[2]1.7 NCPR'!D4="","",'[2]1.7 NCPR'!D4) | E8: =IF('[2]1.7 NCPR'!E4="","",'[2]1.7 NCPR'!E4) | F8: =IF('[2]1.7 NCPR'!C4="","",'[2]1.7 NCPR'!C4) | G8: =IF(D8="","",IF('[2]1.7 NCPR'!P4="","",(VLOOKUP(D8,'[2]1.7 NCPR'!$D:$P,13,0)))) | H8: =IF(G8="","",IF(G8="-",H$4,IF(G8>=H$4,H$4,IF(G8<H$3,H$3,G8)))) | I8: =IF(D8="","",IF('[1]0.2 Konsumsi Energi'!O7="","",VLOOKUP(D8,'[1]0.2 Konsumsi Energi'!$D$5:$S$704,12,0))) | J8: =IF(I8="","",IF(I8>J$4,J$4,IF(I8<J$3,J$3,I8))) | K8: =IF(D8="","",IF('[1]0.3 Konsumsi Protein Hewani'!O7="","",VLOOKUP(D8,'[1]0.3 Konsumsi Protein Hewani'!$D$5:$S$704,12,0))) | L8: =IF(K8="","",IF(K8>L$4,L$4,IF(K8<L$3,L$3,K8))) | M8: =IF(D8="","",IF('[1]0.4 Stok_Cadangan'!AN7="","",VLOOKUP(D8,'[1]0.4 Stok_Cadangan'!$D$6:$AN$704,37,FALSE))) | N8: =IF(M8="","",IF(M8>N$4,N$4,IF(M8<N$3,N$3,M8))) | O8: =IF(D8="","",IF('[1]0.5 Indikator Keterjangkauan'!J7="","",VLOOKUP(D8,'[1]0.5 Indikator Keterjangkauan'!$D$6:$K$704,7,FALSE))) | P8: =IF(O8="","",IF(O8>P$4,P$4,IF(O8<P$3,P$3,O8))) | Q8: =IF(D8="","",IF('[1]0.5 Indikator Keterjangkauan'!AC7="","",VLOOKUP(D8,'[1]0.5 Indikator Keterjangkauan'!$D$6:$AD$704,26,FALSE))) | R8: =IF(Q8="","",IF(Q8>R$4,R$4,IF(Q8<R$3,R$3,Q8))) | S8: =IF(D8="","",IF('[1]0.5 Indikator Keterjangkauan'!AI7="","",VLOOKUP(D8,'[1]0.5 Indikator Keterjangkauan'!$D$6:$AK$700,32,FALSE))) | T8: =IF(S8="","",IF(S8>T$4,T$4,IF(S8<T$3,T$3,S8))) | U8: =IF(D8="","",IF('[1]0.6 Indikator Pemanfaatan'!J7="","",VLOOKUP(D8,'[1]0.6 Indikator Pemanfaatan'!$D$6:$K$704,7,FALSE))) | V8: =IF(U8="","",IF(U8>V$4,V$4,IF(U8<V$3,V$3,U8))) | W8: =IF(D8="","",IF('[1]0.6 Indikator Pemanfaatan'!P7="","",VLOOKUP(D8,'[1]0.6 Indikator Pemanfaatan'!$D$6:$R$704,13,FALSE))) | X8: =IF(W8="","",IF(W8>X$4,X$4,IF(W8<X$3,X$3,W8))) | Y8: =IF(D8="","",IF('[1]0.6 Indikator Pemanfaatan'!AA7="","",VLOOKUP(D8,'[1]0.6 Indikator Pemanfaatan'!$D$6:$AC$706,24,FALSE))) | Z8: =IF(Y8="","",IF(Y8>Z$4,Z$4,IF(Y8<Z$3,Z$3,Y8))) | AA8: =IF(D8="","",IF('[1]0.6 Indikator Pemanfaatan'!AG7="","",VLOOKUP(D8,'[1]0.6 Indikator Pemanfaatan'!$D$6:$AJ$705,30,FALSE))) | AB8: =IF(AA8="","",IF(AA8>AB$4,AB$4,IF(AA8<AB$3,AB$3,AA8))) | AC8: =IF(D8="","",IF('[1]0.6 Indikator Pemanfaatan'!AM7="","",VLOOKUP(D8,'[1]0.6 Indikator Pemanfaatan'!$D$6:$AP$705,36,FALSE))) | AD8: =IF(AC8="","",IF(AC8>AD$4,AD$4,IF(AC8<AD$3,AD$3,AC8)))
A9: =IF('[2]1.7 NCPR'!A5="","",'[2]1.7 NCPR'!A5) | B9: =IF('[2]1.7 NCPR'!B5="","",'[2]1.7 NCPR'!B5) | C9: =IF(D9="","",LEFT(D9,5)) | D9: =IF('[2]1.7 NCPR'!D5="","",'[2]1.7 NCPR'!D5) | E9: =IF('[2]1.7 NCPR'!E5="","",'[2]1.7 NCPR'!E5) | F9: =IF('[2]1.7 NCPR'!C5="","",'[2]1.7 NCPR'!C5) | G9: =IF(D9="","",IF('[2]1.7 NCPR'!P5="","",(VLOOKUP(D9,'[2]1.7 NCPR'!$D:$P,13,0)))) | H9: =IF(G9="","",IF(G9="-",H$4,IF(G9>=H$4,H$4,IF(G9<H$3,H$3,G9)))) | I9: =IF(D9="","",IF('[1]0.2 Konsumsi Energi'!O8="","",VLOOKUP(D9,'[1]0.2 Konsumsi Energi'!$D$5:$S$704,12,0))) | J9: =IF(I9="","",IF(I9>J$4,J$4,IF(I9<J$3,J$3,I9))) | K9: =IF(D9="","",IF('[1]0.3 Konsumsi Protein Hewani'!O8="","",VLOOKUP(D9,'[1]0.3 Konsumsi Protein Hewani'!$D$5:$S$704,12,0))) | L9: =IF(K9="","",IF(K9>L$4,L$4,IF(K9<L$3,L$3,K9))) | M9: =IF(D9="","",IF('[1]0.4 Stok_Cadangan'!AN8="","",VLOOKUP(D9,'[1]0.4 Stok_Cadangan'!$D$6:$AN$704,37,FALSE))) | N9: =IF(M9="","",IF(M9>N$4,N$4,IF(M9<N$3,N$3,M9))) | O9: =IF(D9="","",IF('[1]0.5 Indikator Keterjangkauan'!J8="","",VLOOKUP(D9,'[1]0.5 Indikator Keterjangkauan'!$D$6:$K$704,7,FALSE))) | P9: =IF(O9="","",IF(O9>P$4,P$4,IF(O9<P$3,P$3,O9))) | Q9: =IF(D9="","",IF('[1]0.5 Indikator Keterjangkauan'!AC8="","",VLOOKUP(D9,'[1]0.5 Indikator Keterjangkauan'!$D$6:$AD$704,26,FALSE))) | R9: =IF(Q9="","",IF(Q9>R$4,R$4,IF(Q9<R$3,R$3,Q9))) | S9: =IF(D9="","",IF('[1]0.5 Indikator Keterjangkauan'!AI8="","",VLOOKUP(D9,'[1]0.5 Indikator Keterjangkauan'!$D$6:$AK$700,32,FALSE))) | T9: =IF(S9="","",IF(S9>T$4,T$4,IF(S9<T$3,T$3,S9))) | U9: =IF(D9="","",IF('[1]0.6 Indikator Pemanfaatan'!J8="","",VLOOKUP(D9,'[1]0.6 Indikator Pemanfaatan'!$D$6:$K$704,7,FALSE))) | V9: =IF(U9="","",IF(U9>V$4,V$4,IF(U9<V$3,V$3,U9))) | W9: =IF(D9="","",IF('[1]0.6 Indikator Pemanfaatan'!P8="","",VLOOKUP(D9,'[1]0.6 Indikator Pemanfaatan'!$D$6:$R$704,13,FALSE))) | X9: =IF(W9="","",IF(W9>X$4,X$4,IF(W9<X$3,X$3,W9))) | Y9: =IF(D9="","",IF('[1]0.6 Indikator Pemanfaatan'!AA8="","",VLOOKUP(D9,'[1]0.6 Indikator Pemanfaatan'!$D$6:$AC$706,24,FALSE))) | Z9: =IF(Y9="","",IF(Y9>Z$4,Z$4,IF(Y9<Z$3,Z$3,Y9))) | AA9: =IF(D9="","",IF('[1]0.6 Indikator Pemanfaatan'!AG8="","",VLOOKUP(D9,'[1]0.6 Indikator Pemanfaatan'!$D$6:$AJ$705,30,FALSE))) | AB9: =IF(AA9="","",IF(AA9>AB$4,AB$4,IF(AA9<AB$3,AB$3,AA9))) | AC9: =IF(D9="","",IF('[1]0.6 Indikator Pemanfaatan'!AM8="","",VLOOKUP(D9,'[1]0.6 Indikator Pemanfaatan'!$D$6:$AP$705,36,FALSE))) | AD9: =IF(AC9="","",IF(AC9>AD$4,AD$4,IF(AC9<AD$3,AD$3,AC9))) | XFB9: Kecamatan di Seluruh Kab
A10: =IF('[2]1.7 NCPR'!A6="","",'[2]1.7 NCPR'!A6) | B10: =IF('[2]1.7 NCPR'!B6="","",'[2]1.7 NCPR'!B6) | C10: =IF(D10="","",LEFT(D10,5)) | D10: =IF('[2]1.7 NCPR'!D6="","",'[2]1.7 NCPR'!D6) | E10: =IF('[2]1.7 NCPR'!E6="","",'[2]1.7 NCPR'!E6) | F10: =IF('[2]1.7 NCPR'!C6="","",'[2]1.7 NCPR'!C6) | G10: =IF(D10="","",IF('[2]1.7 NCPR'!P6="","",(VLOOKUP(D10,'[2]1.7 NCPR'!$D:$P,13,0)))) | H10: =IF(G10="","",IF(G10="-",H$4,IF(G10>=H$4,H$4,IF(G10<H$3,H$3,G10)))) | I10: =IF(D10="","",IF('[1]0.2 Konsumsi Energi'!O9="","",VLOOKUP(D10,'[1]0.2 Konsumsi Energi'!$D$5:$S$704,12,0))) | J10: =IF(I10="","",IF(I10>J$4,J$4,IF(I10<J$3,J$3,I10))) | K10: =IF(D10="","",IF('[1]0.3 Konsumsi Protein Hewani'!O9="","",VLOOKUP(D10,'[1]0.3 Konsumsi Protein Hewani'!$D$5:$S$704,12,0))) | L10: =IF(K10="","",IF(K10>L$4,L$4,IF(K10<L$3,L$3,K10))) | M10: =IF(D10="","",IF('[1]0.4 Stok_Cadangan'!AN9="","",VLOOKUP(D10,'[1]0.4 Stok_Cadangan'!$D$6:$AN$704,37,FALSE))) | N10: =IF(M10="","",IF(M10>N$4,N$4,IF(M10<N$3,N$3,M10))) | O10: =IF(D10="","",IF('[1]0.5 Indikator Keterjangkauan'!J9="","",VLOOKUP(D10,'[1]0.5 Indikator Keterjangkauan'!$D$6:$K$704,7,FALSE))) | P10: =IF(O10="","",IF(O10>P$4,P$4,IF(O10<P$3,P$3,O10))) | Q10: =IF(D10="","",IF('[1]0.5 Indikator Keterjangkauan'!AC9="","",VLOOKUP(D10,'[1]0.5 Indikator Keterjangkauan'!$D$6:$AD$704,26,FALSE))) | R10: =IF(Q10="","",IF(Q10>R$4,R$4,IF(Q10<R$3,R$3,Q10))) | S10: =IF(D10="","",IF('[1]0.5 Indikator Keterjangkauan'!AI9="","",VLOOKUP(D10,'[1]0.5 Indikator Keterjangkauan'!$D$6:$AK$700,32,FALSE))) | T10: =IF(S10="","",IF(S10>T$4,T$4,IF(S10<T$3,T$3,S10))) | U10: =IF(D10="","",IF('[1]0.6 Indikator Pemanfaatan'!J9="","",VLOOKUP(D10,'[1]0.6 Indikator Pemanfaatan'!$D$6:$K$704,7,FALSE))) | V10: =IF(U10="","",IF(U10>V$4,V$4,IF(U10<V$3,V$3,U10))) | W10: =IF(D10="","",IF('[1]0.6 Indikator Pemanfaatan'!P9="","",VLOOKUP(D10,'[1]0.6 Indikator Pemanfaatan'!$D$6:$R$704,13,FALSE))) | X10: =IF(W10="","",IF(W10>X$4,X$4,IF(W10<X$3,X$3,W10))) | Y10: =IF(D10="","",IF('[1]0.6 Indikator Pemanfaatan'!AA9="","",VLOOKUP(D10,'[1]0.6 Indikator Pemanfaatan'!$D$6:$AC$706,24,FALSE))) | Z10: =IF(Y10="","",IF(Y10>Z$4,Z$4,IF(Y10<Z$3,Z$3,Y10))) | AA10: =IF(D10="","",IF('[1]0.6 Indikator Pemanfaatan'!AG9="","",VLOOKUP(D10,'[1]0.6 Indikator Pemanfaatan'!$D$6:$AJ$705,30,FALSE))) | AB10: =IF(AA10="","",IF(AA10>AB$4,AB$4,IF(AA10<AB$3,AB$3,AA10))) | AC10: =IF(D10="","",IF('[1]0.6 Indikator Pemanfaatan'!AM9="","",VLOOKUP(D10,'[1]0.6 Indikator Pemanfaatan'!$D$6:$AP$705,36,FALSE))) | AD10: =IF(AC10="","",IF(AC10>AD$4,AD$4,IF(AC10<AD$3,AD$3,AC10))) | XFB10: Kecamatan di Seluruh Kota
A11: =IF('[2]1.7 NCPR'!A7="","",'[2]1.7 NCPR'!A7) | B11: =IF('[2]1.7 NCPR'!B7="","",'[2]1.7 NCPR'!B7) | C11: =IF(D11="","",LEFT(D11,5)) | D11: =IF('[2]1.7 NCPR'!D7="","",'[2]1.7 NCPR'!D7) | E11: =IF('[2]1.7 NCPR'!E7="","",'[2]1.7 NCPR'!E7) | F11: =IF('[2]1.7 NCPR'!C7="","",'[2]1.7 NCPR'!C7) | G11: =IF(D11="","",IF('[2]1.7 NCPR'!P7="","",(VLOOKUP(D11,'[2]1.7 NCPR'!$D:$P,13,0)))) | H11: =IF(G11="","",IF(G11="-",H$4,IF(G11>=H$4,H$4,IF(G11<H$3,H$3,G11)))) | I11: =IF(D11="","",IF('[1]0.2 Konsumsi Energi'!O10="","",VLOOKUP(D11,'[1]0.2 Konsumsi Energi'!$D$5:$S$704,12,0))) | J11: =IF(I11="","",IF(I11>J$4,J$4,IF(I11<J$3,J$3,I11))) | K11: =IF(D11="","",IF('[1]0.3 Konsumsi Protein Hewani'!O10="","",VLOOKUP(D11,'[1]0.3 Konsumsi Protein Hewani'!$D$5:$S$704,12,0))) | L11: =IF(K11="","",IF(K11>L$4,L$4,IF(K11<L$3,L$3,K11))) | M11: =IF(D11="","",IF('[1]0.4 Stok_Cadangan'!AN10="","",VLOOKUP(D11,'[1]0.4 Stok_Cadangan'!$D$6:$AN$704,37,FALSE))) | N11: =IF(M11="","",IF(M11>N$4,N$4,IF(M11<N$3,N$3,M11))) | O11: =IF(D11="","",IF('[1]0.5 Indikator Keterjangkauan'!J10="","",VLOOKUP(D11,'[1]0.5 Indikator Keterjangkauan'!$D$6:$K$704,7,FALSE))) | P11: =IF(O11="","",IF(O11>P$4,P$4,IF(O11<P$3,P$3,O11))) | Q11: =IF(D11="","",IF('[1]0.5 Indikator Keterjangkauan'!AC10="","",VLOOKUP(D11,'[1]0.5 Indikator Keterjangkauan'!$D$6:$AD$704,26,FALSE))) | R11: =IF(Q11="","",IF(Q11>R$4,R$4,IF(Q11<R$3,R$3,Q11))) | S11: =IF(D11="","",IF('[1]0.5 Indikator Keterjangkauan'!AI10="","",VLOOKUP(D11,'[1]0.5 Indikator Keterjangkauan'!$D$6:$AK$700,32,FALSE))) | T11: =IF(S11="","",IF(S11>T$4,T$4,IF(S11<T$3,T$3,S11))) | U11: =IF(D11="","",IF('[1]0.6 Indikator Pemanfaatan'!J10="","",VLOOKUP(D11,'[1]0.6 Indikator Pemanfaatan'!$D$6:$K$704,7,FALSE))) | V11: =IF(U11="","",IF(U11>V$4,V$4,IF(U11<V$3,V$3,U11))) | W11: =IF(D11="","",IF('[1]0.6 Indikator Pemanfaatan'!P10="","",VLOOKUP(D11,'[1]0.6 Indikator Pemanfaatan'!$D$6:$R$704,13,FALSE))) | X11: =IF(W11="","",IF(W11>X$4,X$4,IF(W11<X$3,X$3,W11))) | Y11: =IF(D11="","",IF('[1]0.6 Indikator Pemanfaatan'!AA10="","",VLOOKUP(D11,'[1]0.6 Indikator Pemanfaatan'!$D$6:$AC$706,24,FALSE))) | Z11: =IF(Y11="","",IF(Y11>Z$4,Z$4,IF(Y11<Z$3,Z$3,Y11))) | AA11: =IF(D11="","",IF('[1]0.6 Indikator Pemanfaatan'!AG10="","",VLOOKUP(D11,'[1]0.6 Indikator Pemanfaatan'!$D$6:$AJ$705,30,FALSE))) | AB11: =IF(AA11="","",IF(AA11>AB$4,AB$4,IF(AA11<AB$3,AB$3,AA11))) | AC11: =IF(D11="","",IF('[1]0.6 Indikator Pemanfaatan'!AM10="","",VLOOKUP(D11,'[1]0.6 Indikator Pemanfaatan'!$D$6:$AP$705,36,FALSE))) | AD11: =IF(AC11="","",IF(AC11>AD$4,AD$4,IF(AC11<AD$3,AD$3,AC11))) | XFB11: Kecamatan di Seluruh Kab & Kota
A12: =IF('[2]1.7 NCPR'!A8="","",'[2]1.7 NCPR'!A8) | B12: =IF('[2]1.7 NCPR'!B8="","",'[2]1.7 NCPR'!B8) | C12: =IF(D12="","",LEFT(D12,5)) | D12: =IF('[2]1.7 NCPR'!D8="","",'[2]1.7 NCPR'!D8) | E12: =IF('[2]1.7 NCPR'!E8="","",'[2]1.7 NCPR'!E8) | F12: =IF('[2]1.7 NCPR'!C8="","",'[2]1.7 NCPR'!C8) | G12: =IF(D12="","",IF('[2]1.7 NCPR'!P8="","",(VLOOKUP(D12,'[2]1.7 NCPR'!$D:$P,13,0)))) | H12: =IF(G12="","",IF(G12="-",H$4,IF(G12>=H$4,H$4,IF(G12<H$3,H$3,G12)))) | I12: =IF(D12="","",IF('[1]0.2 Konsumsi Energi'!O11="","",VLOOKUP(D12,'[1]0.2 Konsumsi Energi'!$D$5:$S$704,12,0))) | J12: =IF(I12="","",IF(I12>J$4,J$4,IF(I12<J$3,J$3,I12))) | K12: =IF(D12="","",IF('[1]0.3 Konsumsi Protein Hewani'!O11="","",VLOOKUP(D12,'[1]0.3 Konsumsi Protein Hewani'!$D$5:$S$704,12,0))) | L12: =IF(K12="","",IF(K12>L$4,L$4,IF(K12<L$3,L$3,K12))) | M12: =IF(D12="","",IF('[1]0.4 Stok_Cadangan'!AN11="","",VLOOKUP(D12,'[1]0.4 Stok_Cadangan'!$D$6:$AN$704,37,FALSE))) | N12: =IF(M12="","",IF(M12>N$4,N$4,IF(M12<N$3,N$3,M12))) | O12: =IF(D12="","",IF('[1]0.5 Indikator Keterjangkauan'!J11="","",VLOOKUP(D12,'[1]0.5 Indikator Keterjangkauan'!$D$6:$K$704,7,FALSE))) | P12: =IF(O12="","",IF(O12>P$4,P$4,IF(O12<P$3,P$3,O12))) | Q12: =IF(D12="","",IF('[1]0.5 Indikator Keterjangkauan'!AC11="","",VLOOKUP(D12,'[1]0.5 Indikator Keterjangkauan'!$D$6:$AD$704,26,FALSE))) | R12: =IF(Q12="","",IF(Q12>R$4,R$4,IF(Q12<R$3,R$3,Q12))) | S12: =IF(D12="","",IF('[1]0.5 Indikator Keterjangkauan'!AI11="","",VLOOKUP(D12,'[1]0.5 Indikator Keterjangkauan'!$D$6:$AK$700,32,FALSE))) | T12: =IF(S12="","",IF(S12>T$4,T$4,IF(S12<T$3,T$3,S12))) | U12: =IF(D12="","",IF('[1]0.6 Indikator Pemanfaatan'!J11="","",VLOOKUP(D12,'[1]0.6 Indikator Pemanfaatan'!$D$6:$K$704,7,FALSE))) | V12: =IF(U12="","",IF(U12>V$4,V$4,IF(U12<V$3,V$3,U12))) | W12: =IF(D12="","",IF('[1]0.6 Indikator Pemanfaatan'!P11="","",VLOOKUP(D12,'[1]0.6 Indikator Pemanfaatan'!$D$6:$R$704,13,FALSE))) | X12: =IF(W12="","",IF(W12>X$4,X$4,IF(W12<X$3,X$3,W12))) | Y12: =IF(D12="","",IF('[1]0.6 Indikator Pemanfaatan'!AA11="","",VLOOKUP(D12,'[1]0.6 Indikator Pemanfaatan'!$D$6:$AC$706,24,FALSE))) | Z12: =IF(Y12="","",IF(Y12>Z$4,Z$4,IF(Y12<Z$3,Z$3,Y12))) | AA12: =IF(D12="","",IF('[1]0.6 Indikator Pemanfaatan'!AG11="","",VLOOKUP(D12,'[1]0.6 Indikator Pemanfaatan'!$D$6:$AJ$705,30,FALSE))) | AB12: =IF(AA12="","",IF(AA12>AB$4,AB$4,IF(AA12<AB$3,AB$3,AA12))) | AC12: =IF(D12="","",IF('[1]0.6 Indikator Pemanfaatan'!AM11="","",VLOOKUP(D12,'[1]0.6 Indikator Pemanfaatan'!$D$6:$AP$705,36,FALSE))) | AD12: =IF(AC12="","",IF(AC12>AD$4,AD$4,IF(AC12<AD$3,AD$3,AC12)))
A13: =IF('[2]1.7 NCPR'!A9="","",'[2]1.7 NCPR'!A9) | B13: =IF('[2]1.7 NCPR'!B9="","",'[2]1.7 NCPR'!B9) | C13: =IF(D13="","",LEFT(D13,5)) | D13: =IF('[2]1.7 NCPR'!D9="","",'[2]1.7 NCPR'!D9) | E13: =IF('[2]1.7 NCPR'!E9="","",'[2]1.7 NCPR'!E9) | F13: =IF('[2]1.7 NCPR'!C9="","",'[2]1.7 NCPR'!C9) | G13: =IF(D13="","",IF('[2]1.7 NCPR'!P9="","",(VLOOKUP(D13,'[2]1.7 NCPR'!$D:$P,13,0)))) | H13: =IF(G13="","",IF(G13="-",H$4,IF(G13>=H$4,H$4,IF(G13<H$3,H$3,G13)))) | I13: =IF(D13="","",IF('[1]0.2 Konsumsi Energi'!O12="","",VLOOKUP(D13,'[1]0.2 Konsumsi Energi'!$D$5:$S$704,12,0))) | J13: =IF(I13="","",IF(I13>J$4,J$4,IF(I13<J$3,J$3,I13))) | K13: =IF(D13="","",IF('[1]0.3 Konsumsi Protein Hewani'!O12="","",VLOOKUP(D13,'[1]0.3 Konsumsi Protein Hewani'!$D$5:$S$704,12,0))) | L13: =IF(K13="","",IF(K13>L$4,L$4,IF(K13<L$3,L$3,K13))) | M13: =IF(D13="","",IF('[1]0.4 Stok_Cadangan'!AN12="","",VLOOKUP(D13,'[1]0.4 Stok_Cadangan'!$D$6:$AN$704,37,FALSE))) | N13: =IF(M13="","",IF(M13>N$4,N$4,IF(M13<N$3,N$3,M13))) | O13: =IF(D13="","",IF('[1]0.5 Indikator Keterjangkauan'!J12="","",VLOOKUP(D13,'[1]0.5 Indikator Keterjangkauan'!$D$6:$K$704,7,FALSE))) | P13: =IF(O13="","",IF(O13>P$4,P$4,IF(O13<P$3,P$3,O13))) | Q13: =IF(D13="","",IF('[1]0.5 Indikator Keterjangkauan'!AC12="","",VLOOKUP(D13,'[1]0.5 Indikator Keterjangkauan'!$D$6:$AD$704,26,FALSE))) | R13: =IF(Q13="","",IF(Q13>R$4,R$4,IF(Q13<R$3,R$3,Q13))) | S13: =IF(D13="","",IF('[1]0.5 Indikator Keterjangkauan'!AI12="","",VLOOKUP(D13,'[1]0.5 Indikator Keterjangkauan'!$D$6:$AK$700,32,FALSE))) | T13: =IF(S13="","",IF(S13>T$4,T$4,IF(S13<T$3,T$3,S13))) | U13: =IF(D13="","",IF('[1]0.6 Indikator Pemanfaatan'!J12="","",VLOOKUP(D13,'[1]0.6 Indikator Pemanfaatan'!$D$6:$K$704,7,FALSE))) | V13: =IF(U13="","",IF(U13>V$4,V$4,IF(U13<V$3,V$3,U13))) | W13: =IF(D13="","",IF('[1]0.6 Indikator Pemanfaatan'!P12="","",VLOOKUP(D13,'[1]0.6 Indikator Pemanfaatan'!$D$6:$R$704,13,FALSE))) | X13: =IF(W13="","",IF(W13>X$4,X$4,IF(W13<X$3,X$3,W13))) | Y13: =IF(D13="","",IF('[1]0.6 Indikator Pemanfaatan'!AA12="","",VLOOKUP(D13,'[1]0.6 Indikator Pemanfaatan'!$D$6:$AC$706,24,FALSE))) | Z13: =IF(Y13="","",IF(Y13>Z$4,Z$4,IF(Y13<Z$3,Z$3,Y13))) | AA13: =IF(D13="","",IF('[1]0.6 Indikator Pemanfaatan'!AG12="","",VLOOKUP(D13,'[1]0.6 Indikator Pemanfaatan'!$D$6:$AJ$705,30,FALSE))) | AB13: =IF(AA13="","",IF(AA13>AB$4,AB$4,IF(AA13<AB$3,AB$3,AA13))) | AC13: =IF(D13="","",IF('[1]0.6 Indikator Pemanfaatan'!AM12="","",VLOOKUP(D13,'[1]0.6 Indikator Pemanfaatan'!$D$6:$AP$705,36,FALSE))) | AD13: =IF(AC13="","",IF(AC13>AD$4,AD$4,IF(AC13<AD$3,AD$3,AC13)))
A14: =IF('[2]1.7 NCPR'!A10="","",'[2]1.7 NCPR'!A10) | B14: =IF('[2]1.7 NCPR'!B10="","",'[2]1.7 NCPR'!B10) | C14: =IF(D14="","",LEFT(D14,5)) | D14: =IF('[2]1.7 NCPR'!D10="","",'[2]1.7 NCPR'!D10) | E14: =IF('[2]1.7 NCPR'!E10="","",'[2]1.7 NCPR'!E10) | F14: =IF('[2]1.7 NCPR'!C10="","",'[2]1.7 NCPR'!C10) | G14: =IF(D14="","",IF('[2]1.7 NCPR'!P10="","",(VLOOKUP(D14,'[2]1.7 NCPR'!$D:$P,13,0)))) | H14: =IF(G14="","",IF(G14="-",H$4,IF(G14>=H$4,H$4,IF(G14<H$3,H$3,G14)))) | I14: =IF(D14="","",IF('[1]0.2 Konsumsi Energi'!O13="","",VLOOKUP(D14,'[1]0.2 Konsumsi Energi'!$D$5:$S$704,12,0))) | J14: =IF(I14="","",IF(I14>J$4,J$4,IF(I14<J$3,J$3,I14))) | K14: =IF(D14="","",IF('[1]0.3 Konsumsi Protein Hewani'!O13="","",VLOOKUP(D14,'[1]0.3 Konsumsi Protein Hewani'!$D$5:$S$704,12,0))) | L14: =IF(K14="","",IF(K14>L$4,L$4,IF(K14<L$3,L$3,K14))) | M14: =IF(D14="","",IF('[1]0.4 Stok_Cadangan'!AN13="","",VLOOKUP(D14,'[1]0.4 Stok_Cadangan'!$D$6:$AN$704,37,FALSE))) | N14: =IF(M14="","",IF(M14>N$4,N$4,IF(M14<N$3,N$3,M14))) | O14: =IF(D14="","",IF('[1]0.5 Indikator Keterjangkauan'!J13="","",VLOOKUP(D14,'[1]0.5 Indikator Keterjangkauan'!$D$6:$K$704,7,FALSE))) | P14: =IF(O14="","",IF(O14>P$4,P$4,IF(O14<P$3,P$3,O14))) | Q14: =IF(D14="","",IF('[1]0.5 Indikator Keterjangkauan'!AC13="","",VLOOKUP(D14,'[1]0.5 Indikator Keterjangkauan'!$D$6:$AD$704,26,FALSE))) | R14: =IF(Q14="","",IF(Q14>R$4,R$4,IF(Q14<R$3,R$3,Q14))) | S14: =IF(D14="","",IF('[1]0.5 Indikator Keterjangkauan'!AI13="","",VLOOKUP(D14,'[1]0.5 Indikator Keterjangkauan'!$D$6:$AK$700,32,FALSE))) | T14: =IF(S14="","",IF(S14>T$4,T$4,IF(S14<T$3,T$3,S14))) | U14: =IF(D14="","",IF('[1]0.6 Indikator Pemanfaatan'!J13="","",VLOOKUP(D14,'[1]0.6 Indikator Pemanfaatan'!$D$6:$K$704,7,FALSE))) | V14: =IF(U14="","",IF(U14>V$4,V$4,IF(U14<V$3,V$3,U14))) | W14: =IF(D14="","",IF('[1]0.6 Indikator Pemanfaatan'!P13="","",VLOOKUP(D14,'[1]0.6 Indikator Pemanfaatan'!$D$6:$R$704,13,FALSE))) | X14: =IF(W14="","",IF(W14>X$4,X$4,IF(W14<X$3,X$3,W14))) | Y14: =IF(D14="","",IF('[1]0.6 Indikator Pemanfaatan'!AA13="","",VLOOKUP(D14,'[1]0.6 Indikator Pemanfaatan'!$D$6:$AC$706,24,FALSE))) | Z14: =IF(Y14="","",IF(Y14>Z$4,Z$4,IF(Y14<Z$3,Z$3,Y14))) | AA14: =IF(D14="","",IF('[1]0.6 Indikator Pemanfaatan'!AG13="","",VLOOKUP(D14,'[1]0.6 Indikator Pemanfaatan'!$D$6:$AJ$705,30,FALSE))) | AB14: =IF(AA14="","",IF(AA14>AB$4,AB$4,IF(AA14<AB$3,AB$3,AA14))) | AC14: =IF(D14="","",IF('[1]0.6 Indikator Pemanfaatan'!AM13="","",VLOOKUP(D14,'[1]0.6 Indikator Pemanfaatan'!$D$6:$AP$705,36,FALSE))) | AD14: =IF(AC14="","",IF(AC14>AD$4,AD$4,IF(AC14<AD$3,AD$3,AC14)))
A15: =IF('[2]1.7 NCPR'!A11="","",'[2]1.7 NCPR'!A11) | B15: =IF('[2]1.7 NCPR'!B11="","",'[2]1.7 NCPR'!B11) | C15: =IF(D15="","",LEFT(D15,5)) | D15: =IF('[2]1.7 NCPR'!D11="","",'[2]1.7 NCPR'!D11) | E15: =IF('[2]1.7 NCPR'!E11="","",'[2]1.7 NCPR'!E11) | F15: =IF('[2]1.7 NCPR'!C11="","",'[2]1.7 NCPR'!C11) | G15: =IF(D15="","",IF('[2]1.7 NCPR'!P11="","",(VLOOKUP(D15,'[2]1.7 NCPR'!$D:$P,13,0)))) | H15: =IF(G15="","",IF(G15="-",H$4,IF(G15>=H$4,H$4,IF(G15<H$3,H$3,G15)))) | I15: =IF(D15="","",IF('[1]0.2 Konsumsi Energi'!O14="","",VLOOKUP(D15,'[1]0.2 Konsumsi Energi'!$D$5:$S$704,12,0))) | J15: =IF(I15="","",IF(I15>J$4,J$4,IF(I15<J$3,J$3,I15))) | K15: =IF(D15="","",IF('[1]0.3 Konsumsi Protein Hewani'!O14="","",VLOOKUP(D15,'[1]0.3 Konsumsi Protein Hewani'!$D$5:$S$704,12,0))) | L15: =IF(K15="","",IF(K15>L$4,L$4,IF(K15<L$3,L$3,K15))) | M15: =IF(D15="","",IF('[1]0.4 Stok_Cadangan'!AN14="","",VLOOKUP(D15,'[1]0.4 Stok_Cadangan'!$D$6:$AN$704,37,FALSE))) | N15: =IF(M15="","",IF(M15>N$4,N$4,IF(M15<N$3,N$3,M15))) | O15: =IF(D15="","",IF('[1]0.5 Indikator Keterjangkauan'!J14="","",VLOOKUP(D15,'[1]0.5 Indikator Keterjangkauan'!$D$6:$K$704,7,FALSE))) | P15: =IF(O15="","",IF(O15>P$4,P$4,IF(O15<P$3,P$3,O15))) | Q15: =IF(D15="","",IF('[1]0.5 Indikator Keterjangkauan'!AC14="","",VLOOKUP(D15,'[1]0.5 Indikator Keterjangkauan'!$D$6:$AD$704,26,FALSE))) | R15: =IF(Q15="","",IF(Q15>R$4,R$4,IF(Q15<R$3,R$3,Q15))) | S15: =IF(D15="","",IF('[1]0.5 Indikator Keterjangkauan'!AI14="","",VLOOKUP(D15,'[1]0.5 Indikator Keterjangkauan'!$D$6:$AK$700,32,FALSE))) | T15: =IF(S15="","",IF(S15>T$4,T$4,IF(S15<T$3,T$3,S15))) | U15: =IF(D15="","",IF('[1]0.6 Indikator Pemanfaatan'!J14="","",VLOOKUP(D15,'[1]0.6 Indikator Pemanfaatan'!$D$6:$K$704,7,FALSE))) | V15: =IF(U15="","",IF(U15>V$4,V$4,IF(U15<V$3,V$3,U15))) | W15: =IF(D15="","",IF('[1]0.6 Indikator Pemanfaatan'!P14="","",VLOOKUP(D15,'[1]0.6 Indikator Pemanfaatan'!$D$6:$R$704,13,FALSE))) | X15: =IF(W15="","",IF(W15>X$4,X$4,IF(W15<X$3,X$3,W15))) | Y15: =IF(D15="","",IF('[1]0.6 Indikator Pemanfaatan'!AA14="","",VLOOKUP(D15,'[1]0.6 Indikator Pemanfaatan'!$D$6:$AC$706,24,FALSE))) | Z15: =IF(Y15="","",IF(Y15>Z$4,Z$4,IF(Y15<Z$3,Z$3,Y15))) | AA15: =IF(D15="","",IF('[1]0.6 Indikator Pemanfaatan'!AG14="","",VLOOKUP(D15,'[1]0.6 Indikator Pemanfaatan'!$D$6:$AJ$705,30,FALSE))) | AB15: =IF(AA15="","",IF(AA15>AB$4,AB$4,IF(AA15<AB$3,AB$3,AA15))) | AC15: =IF(D15="","",IF('[1]0.6 Indikator Pemanfaatan'!AM14="","",VLOOKUP(D15,'[1]0.6 Indikator Pemanfaatan'!$D$6:$AP$705,36,FALSE))) | AD15: =IF(AC15="","",IF(AC15>AD$4,AD$4,IF(AC15<AD$3,AD$3,AC15)))
A16: =IF('[2]1.7 NCPR'!A12="","",'[2]1.7 NCPR'!A12) | B16: =IF('[2]1.7 NCPR'!B12="","",'[2]1.7 NCPR'!B12) | C16: =IF(D16="","",LEFT(D16,5)) | D16: =IF('[2]1.7 NCPR'!D12="","",'[2]1.7 NCPR'!D12) | E16: =IF('[2]1.7 NCPR'!E12="","",'[2]1.7 NCPR'!E12) | F16: =IF('[2]1.7 NCPR'!C12="","",'[2]1.7 NCPR'!C12) | G16: =IF(D16="","",IF('[2]1.7 NCPR'!P12="","",(VLOOKUP(D16,'[2]1.7 NCPR'!$D:$P,13,0)))) | H16: =IF(G16="","",IF(G16="-",H$4,IF(G16>=H$4,H$4,IF(G16<H$3,H$3,G16)))) | I16: =IF(D16="","",IF('[1]0.2 Konsumsi Energi'!O15="","",VLOOKUP(D16,'[1]0.2 Konsumsi Energi'!$D$5:$S$704,12,0))) | J16: =IF(I16="","",IF(I16>J$4,J$4,IF(I16<J$3,J$3,I16))) | K16: =IF(D16="","",IF('[1]0.3 Konsumsi Protein Hewani'!O15="","",VLOOKUP(D16,'[1]0.3 Konsumsi Protein Hewani'!$D$5:$S$704,12,0))) | L16: =IF(K16="","",IF(K16>L$4,L$4,IF(K16<L$3,L$3,K16))) | M16: =IF(D16="","",IF('[1]0.4 Stok_Cadangan'!AN15="","",VLOOKUP(D16,'[1]0.4 Stok_Cadangan'!$D$6:$AN$704,37,FALSE))) | N16: =IF(M16="","",IF(M16>N$4,N$4,IF(M16<N$3,N$3,M16))) | O16: =IF(D16="","",IF('[1]0.5 Indikator Keterjangkauan'!J15="","",VLOOKUP(D16,'[1]0.5 Indikator Keterjangkauan'!$D$6:$K$704,7,FALSE))) | P16: =IF(O16="","",IF(O16>P$4,P$4,IF(O16<P$3,P$3,O16))) | Q16: =IF(D16="","",IF('[1]0.5 Indikator Keterjangkauan'!AC15="","",VLOOKUP(D16,'[1]0.5 Indikator Keterjangkauan'!$D$6:$AD$704,26,FALSE))) | R16: =IF(Q16="","",IF(Q16>R$4,R$4,IF(Q16<R$3,R$3,Q16))) | S16: =IF(D16="","",IF('[1]0.5 Indikator Keterjangkauan'!AI15="","",VLOOKUP(D16,'[1]0.5 Indikator Keterjangkauan'!$D$6:$AK$700,32,FALSE))) | T16: =IF(S16="","",IF(S16>T$4,T$4,IF(S16<T$3,T$3,S16))) | U16: =IF(D16="","",IF('[1]0.6 Indikator Pemanfaatan'!J15="","",VLOOKUP(D16,'[1]0.6 Indikator Pemanfaatan'!$D$6:$K$704,7,FALSE))) | V16: =IF(U16="","",IF(U16>V$4,V$4,IF(U16<V$3,V$3,U16))) | W16: =IF(D16="","",IF('[1]0.6 Indikator Pemanfaatan'!P15="","",VLOOKUP(D16,'[1]0.6 Indikator Pemanfaatan'!$D$6:$R$704,13,FALSE))) | X16: =IF(W16="","",IF(W16>X$4,X$4,IF(W16<X$3,X$3,W16))) | Y16: =IF(D16="","",IF('[1]0.6 Indikator Pemanfaatan'!AA15="","",VLOOKUP(D16,'[1]0.6 Indikator Pemanfaatan'!$D$6:$AC$706,24,FALSE))) | Z16: =IF(Y16="","",IF(Y16>Z$4,Z$4,IF(Y16<Z$3,Z$3,Y16))) | AA16: =IF(D16="","",IF('[1]0.6 Indikator Pemanfaatan'!AG15="","",VLOOKUP(D16,'[1]0.6 Indikator Pemanfaatan'!$D$6:$AJ$705,30,FALSE))) | AB16: =IF(AA16="","",IF(AA16>AB$4,AB$4,IF(AA16<AB$3,AB$3,AA16))) | AC16: =IF(D16="","",IF('[1]0.6 Indikator Pemanfaatan'!AM15="","",VLOOKUP(D16,'[1]0.6 Indikator Pemanfaatan'!$D$6:$AP$705,36,FALSE))) | AD16: =IF(AC16="","",IF(AC16>AD$4,AD$4,IF(AC16<AD$3,AD$3,AC16)))
A17: =IF('[2]1.7 NCPR'!A13="","",'[2]1.7 NCPR'!A13) | B17: =IF('[2]1.7 NCPR'!B13="","",'[2]1.7 NCPR'!B13) | C17: =IF(D17="","",LEFT(D17,5)) | D17: =IF('[2]1.7 NCPR'!D13="","",'[2]1.7 NCPR'!D13) | E17: =IF('[2]1.7 NCPR'!E13="","",'[2]1.7 NCPR'!E13) | F17: =IF('[2]1.7 NCPR'!C13="","",'[2]1.7 NCPR'!C13) | G17: =IF(D17="","",IF('[2]1.7 NCPR'!P13="","",(VLOOKUP(D17,'[2]1.7 NCPR'!$D:$P,13,0)))) | H17: =IF(G17="","",IF(G17="-",H$4,IF(G17>=H$4,H$4,IF(G17<H$3,H$3,G17)))) | I17: =IF(D17="","",IF('[1]0.2 Konsumsi Energi'!O16="","",VLOOKUP(D17,'[1]0.2 Konsumsi Energi'!$D$5:$S$704,12,0))) | J17: =IF(I17="","",IF(I17>J$4,J$4,IF(I17<J$3,J$3,I17))) | K17: =IF(D17="","",IF('[1]0.3 Konsumsi Protein Hewani'!O16="","",VLOOKUP(D17,'[1]0.3 Konsumsi Protein Hewani'!$D$5:$S$704,12,0))) | L17: =IF(K17="","",IF(K17>L$4,L$4,IF(K17<L$3,L$3,K17))) | M17: =IF(D17="","",IF('[1]0.4 Stok_Cadangan'!AN16="","",VLOOKUP(D17,'[1]0.4 Stok_Cadangan'!$D$6:$AN$704,37,FALSE))) | N17: =IF(M17="","",IF(M17>N$4,N$4,IF(M17<N$3,N$3,M17))) | O17: =IF(D17="","",IF('[1]0.5 Indikator Keterjangkauan'!J16="","",VLOOKUP(D17,'[1]0.5 Indikator Keterjangkauan'!$D$6:$K$704,7,FALSE))) | P17: =IF(O17="","",IF(O17>P$4,P$4,IF(O17<P$3,P$3,O17))) | Q17: =IF(D17="","",IF('[1]0.5 Indikator Keterjangkauan'!AC16="","",VLOOKUP(D17,'[1]0.5 Indikator Keterjangkauan'!$D$6:$AD$704,26,FALSE))) | R17: =IF(Q17="","",IF(Q17>R$4,R$4,IF(Q17<R$3,R$3,Q17))) | S17: =IF(D17="","",IF('[1]0.5 Indikator Keterjangkauan'!AI16="","",VLOOKUP(D17,'[1]0.5 Indikator Keterjangkauan'!$D$6:$AK$700,32,FALSE))) | T17: =IF(S17="","",IF(S17>T$4,T$4,IF(S17<T$3,T$3,S17))) | U17: =IF(D17="","",IF('[1]0.6 Indikator Pemanfaatan'!J16="","",VLOOKUP(D17,'[1]0.6 Indikator Pemanfaatan'!$D$6:$K$704,7,FALSE))) | V17: =IF(U17="","",IF(U17>V$4,V$4,IF(U17<V$3,V$3,U17))) | W17: =IF(D17="","",IF('[1]0.6 Indikator Pemanfaatan'!P16="","",VLOOKUP(D17,'[1]0.6 Indikator Pemanfaatan'!$D$6:$R$704,13,FALSE))) | X17: =IF(W17="","",IF(W17>X$4,X$4,IF(W17<X$3,X$3,W17))) | Y17: =IF(D17="","",IF('[1]0.6 Indikator Pemanfaatan'!AA16="","",VLOOKUP(D17,'[1]0.6 Indikator Pemanfaatan'!$D$6:$AC$706,24,FALSE))) | Z17: =IF(Y17="","",IF(Y17>Z$4,Z$4,IF(Y17<Z$3,Z$3,Y17))) | AA17: =IF(D17="","",IF('[1]0.6 Indikator Pemanfaatan'!AG16="","",VLOOKUP(D17,'[1]0.6 Indikator Pemanfaatan'!$D$6:$AJ$705,30,FALSE))) | AB17: =IF(AA17="","",IF(AA17>AB$4,AB$4,IF(AA17<AB$3,AB$3,AA17))) | AC17: =IF(D17="","",IF('[1]0.6 Indikator Pemanfaatan'!AM16="","",VLOOKUP(D17,'[1]0.6 Indikator Pemanfaatan'!$D$6:$AP$705,36,FALSE))) | AD17: =IF(AC17="","",IF(AC17>AD$4,AD$4,IF(AC17<AD$3,AD$3,AC17)))
A18: =IF('[2]1.7 NCPR'!A14="","",'[2]1.7 NCPR'!A14) | B18: =IF('[2]1.7 NCPR'!B14="","",'[2]1.7 NCPR'!B14) | C18: =IF(D18="","",LEFT(D18,5)) | D18: =IF('[2]1.7 NCPR'!D14="","",'[2]1.7 NCPR'!D14) | E18: =IF('[2]1.7 NCPR'!E14="","",'[2]1.7 NCPR'!E14) | F18: =IF('[2]1.7 NCPR'!C14="","",'[2]1.7 NCPR'!C14) | G18: =IF(D18="","",IF('[2]1.7 NCPR'!P14="","",(VLOOKUP(D18,'[2]1.7 NCPR'!$D:$P,13,0)))) | H18: =IF(G18="","",IF(G18="-",H$4,IF(G18>=H$4,H$4,IF(G18<H$3,H$3,G18)))) | I18: =IF(D18="","",IF('[1]0.2 Konsumsi Energi'!O17="","",VLOOKUP(D18,'[1]0.2 Konsumsi Energi'!$D$5:$S$704,12,0))) | J18: =IF(I18="","",IF(I18>J$4,J$4,IF(I18<J$3,J$3,I18))) | K18: =IF(D18="","",IF('[1]0.3 Konsumsi Protein Hewani'!O17="","",VLOOKUP(D18,'[1]0.3 Konsumsi Protein Hewani'!$D$5:$S$704,12,0))) | L18: =IF(K18="","",IF(K18>L$4,L$4,IF(K18<L$3,L$3,K18))) | M18: =IF(D18="","",IF('[1]0.4 Stok_Cadangan'!AN17="","",VLOOKUP(D18,'[1]0.4 Stok_Cadangan'!$D$6:$AN$704,37,FALSE))) | N18: =IF(M18="","",IF(M18>N$4,N$4,IF(M18<N$3,N$3,M18))) | O18: =IF(D18="","",IF('[1]0.5 Indikator Keterjangkauan'!J17="","",VLOOKUP(D18,'[1]0.5 Indikator Keterjangkauan'!$D$6:$K$704,7,FALSE))) | P18: =IF(O18="","",IF(O18>P$4,P$4,IF(O18<P$3,P$3,O18))) | Q18: =IF(D18="","",IF('[1]0.5 Indikator Keterjangkauan'!AC17="","",VLOOKUP(D18,'[1]0.5 Indikator Keterjangkauan'!$D$6:$AD$704,26,FALSE))) | R18: =IF(Q18="","",IF(Q18>R$4,R$4,IF(Q18<R$3,R$3,Q18))) | S18: =IF(D18="","",IF('[1]0.5 Indikator Keterjangkauan'!AI17="","",VLOOKUP(D18,'[1]0.5 Indikator Keterjangkauan'!$D$6:$AK$700,32,FALSE))) | T18: =IF(S18="","",IF(S18>T$4,T$4,IF(S18<T$3,T$3,S18))) | U18: =IF(D18="","",IF('[1]0.6 Indikator Pemanfaatan'!J17="","",VLOOKUP(D18,'[1]0.6 Indikator Pemanfaatan'!$D$6:$K$704,7,FALSE))) | V18: =IF(U18="","",IF(U18>V$4,V$4,IF(U18<V$3,V$3,U18))) | W18: =IF(D18="","",IF('[1]0.6 Indikator Pemanfaatan'!P17="","",VLOOKUP(D18,'[1]0.6 Indikator Pemanfaatan'!$D$6:$R$704,13,FALSE))) | X18: =IF(W18="","",IF(W18>X$4,X$4,IF(W18<X$3,X$3,W18))) | Y18: =IF(D18="","",IF('[1]0.6 Indikator Pemanfaatan'!AA17="","",VLOOKUP(D18,'[1]0.6 Indikator Pemanfaatan'!$D$6:$AC$706,24,FALSE))) | Z18: =IF(Y18="","",IF(Y18>Z$4,Z$4,IF(Y18<Z$3,Z$3,Y18))) | AA18: =IF(D18="","",IF('[1]0.6 Indikator Pemanfaatan'!AG17="","",VLOOKUP(D18,'[1]0.6 Indikator Pemanfaatan'!$D$6:$AJ$705,30,FALSE))) | AB18: =IF(AA18="","",IF(AA18>AB$4,AB$4,IF(AA18<AB$3,AB$3,AA18))) | AC18: =IF(D18="","",IF('[1]0.6 Indikator Pemanfaatan'!AM17="","",VLOOKUP(D18,'[1]0.6 Indikator Pemanfaatan'!$D$6:$AP$705,36,FALSE))) | AD18: =IF(AC18="","",IF(AC18>AD$4,AD$4,IF(AC18<AD$3,AD$3,AC18)))
A19: =IF('[2]1.7 NCPR'!A15="","",'[2]1.7 NCPR'!A15) | B19: =IF('[2]1.7 NCPR'!B15="","",'[2]1.7 NCPR'!B15) | C19: =IF(D19="","",LEFT(D19,5)) | D19: =IF('[2]1.7 NCPR'!D15="","",'[2]1.7 NCPR'!D15) | E19: =IF('[2]1.7 NCPR'!E15="","",'[2]1.7 NCPR'!E15) | F19: =IF('[2]1.7 NCPR'!C15="","",'[2]1.7 NCPR'!C15) | G19: =IF(D19="","",IF('[2]1.7 NCPR'!P15="","",(VLOOKUP(D19,'[2]1.7 NCPR'!$D:$P,13,0)))) | H19: =IF(G19="","",IF(G19="-",H$4,IF(G19>=H$4,H$4,IF(G19<H$3,H$3,G19)))) | I19: =IF(D19="","",IF('[1]0.2 Konsumsi Energi'!O18="","",VLOOKUP(D19,'[1]0.2 Konsumsi Energi'!$D$5:$S$704,12,0))) | J19: =IF(I19="","",IF(I19>J$4,J$4,IF(I19<J$3,J$3,I19))) | K19: =IF(D19="","",IF('[1]0.3 Konsumsi Protein Hewani'!O18="","",VLOOKUP(D19,'[1]0.3 Konsumsi Protein Hewani'!$D$5:$S$704,12,0))) | L19: =IF(K19="","",IF(K19>L$4,L$4,IF(K19<L$3,L$3,K19))) | M19: =IF(D19="","",IF('[1]0.4 Stok_Cadangan'!AN18="","",VLOOKUP(D19,'[1]0.4 Stok_Cadangan'!$D$6:$AN$704,37,FALSE))) | N19: =IF(M19="","",IF(M19>N$4,N$4,IF(M19<N$3,N$3,M19))) | O19: =IF(D19="","",IF('[1]0.5 Indikator Keterjangkauan'!J18="","",VLOOKUP(D19,'[1]0.5 Indikator Keterjangkauan'!$D$6:$K$704,7,FALSE))) | P19: =IF(O19="","",IF(O19>P$4,P$4,IF(O19<P$3,P$3,O19))) | Q19: =IF(D19="","",IF('[1]0.5 Indikator Keterjangkauan'!AC18="","",VLOOKUP(D19,'[1]0.5 Indikator Keterjangkauan'!$D$6:$AD$704,26,FALSE))) | R19: =IF(Q19="","",IF(Q19>R$4,R$4,IF(Q19<R$3,R$3,Q19))) | S19: =IF(D19="","",IF('[1]0.5 Indikator Keterjangkauan'!AI18="","",VLOOKUP(D19,'[1]0.5 Indikator Keterjangkauan'!$D$6:$AK$700,32,FALSE))) | T19: =IF(S19="","",IF(S19>T$4,T$4,IF(S19<T$3,T$3,S19))) | U19: =IF(D19="","",IF('[1]0.6 Indikator Pemanfaatan'!J18="","",VLOOKUP(D19,'[1]0.6 Indikator Pemanfaatan'!$D$6:$K$704,7,FALSE))) | V19: =IF(U19="","",IF(U19>V$4,V$4,IF(U19<V$3,V$3,U19))) | W19: =IF(D19="","",IF('[1]0.6 Indikator Pemanfaatan'!P18="","",VLOOKUP(D19,'[1]0.6 Indikator Pemanfaatan'!$D$6:$R$704,13,FALSE))) | X19: =IF(W19="","",IF(W19>X$4,X$4,IF(W19<X$3,X$3,W19))) | Y19: =IF(D19="","",IF('[1]0.6 Indikator Pemanfaatan'!AA18="","",VLOOKUP(D19,'[1]0.6 Indikator Pemanfaatan'!$D$6:$AC$706,24,FALSE))) | Z19: =IF(Y19="","",IF(Y19>Z$4,Z$4,IF(Y19<Z$3,Z$3,Y19))) | AA19: =IF(D19="","",IF('[1]0.6 Indikator Pemanfaatan'!AG18="","",VLOOKUP(D19,'[1]0.6 Indikator Pemanfaatan'!$D$6:$AJ$705,30,FALSE))) | AB19: =IF(AA19="","",IF(AA19>AB$4,AB$4,IF(AA19<AB$3,AB$3,AA19))) | AC19: =IF(D19="","",IF('[1]0.6 Indikator Pemanfaatan'!AM18="","",VLOOKUP(D19,'[1]0.6 Indikator Pemanfaatan'!$D$6:$AP$705,36,FALSE))) | AD19: =IF(AC19="","",IF(AC19>AD$4,AD$4,IF(AC19<AD$3,AD$3,AC19)))
A20: =IF('[2]1.7 NCPR'!A16="","",'[2]1.7 NCPR'!A16) | B20: =IF('[2]1.7 NCPR'!B16="","",'[2]1.7 NCPR'!B16) | C20: =IF(D20="","",LEFT(D20,5)) | D20: =IF('[2]1.7 NCPR'!D16="","",'[2]1.7 NCPR'!D16) | E20: =IF('[2]1.7 NCPR'!E16="","",'[2]1.7 NCPR'!E16) | F20: =IF('[2]1.7 NCPR'!C16="","",'[2]1.7 NCPR'!C16) | G20: =IF(D20="","",IF('[2]1.7 NCPR'!P16="","",(VLOOKUP(D20,'[2]1.7 NCPR'!$D:$P,13,0)))) | H20: =IF(G20="","",IF(G20="-",H$4,IF(G20>=H$4,H$4,IF(G20<H$3,H$3,G20)))) | I20: =IF(D20="","",IF('[1]0.2 Konsumsi Energi'!O19="","",VLOOKUP(D20,'[1]0.2 Konsumsi Energi'!$D$5:$S$704,12,0))) | J20: =IF(I20="","",IF(I20>J$4,J$4,IF(I20<J$3,J$3,I20))) | K20: =IF(D20="","",IF('[1]0.3 Konsumsi Protein Hewani'!O19="","",VLOOKUP(D20,'[1]0.3 Konsumsi Protein Hewani'!$D$5:$S$704,12,0))) | L20: =IF(K20="","",IF(K20>L$4,L$4,IF(K20<L$3,L$3,K20))) | M20: =IF(D20="","",IF('[1]0.4 Stok_Cadangan'!AN19="","",VLOOKUP(D20,'[1]0.4 Stok_Cadangan'!$D$6:$AN$704,37,FALSE))) | N20: =IF(M20="","",IF(M20>N$4,N$4,IF(M20<N$3,N$3,M20))) | O20: =IF(D20="","",IF('[1]0.5 Indikator Keterjangkauan'!J19="","",VLOOKUP(D20,'[1]0.5 Indikator Keterjangkauan'!$D$6:$K$704,7,FALSE))) | P20: =IF(O20="","",IF(O20>P$4,P$4,IF(O20<P$3,P$3,O20))) | Q20: =IF(D20="","",IF('[1]0.5 Indikator Keterjangkauan'!AC19="","",VLOOKUP(D20,'[1]0.5 Indikator Keterjangkauan'!$D$6:$AD$704,26,FALSE))) | R20: =IF(Q20="","",IF(Q20>R$4,R$4,IF(Q20<R$3,R$3,Q20))) | S20: =IF(D20="","",IF('[1]0.5 Indikator Keterjangkauan'!AI19="","",VLOOKUP(D20,'[1]0.5 Indikator Keterjangkauan'!$D$6:$AK$700,32,FALSE))) | T20: =IF(S20="","",IF(S20>T$4,T$4,IF(S20<T$3,T$3,S20))) | U20: =IF(D20="","",IF('[1]0.6 Indikator Pemanfaatan'!J19="","",VLOOKUP(D20,'[1]0.6 Indikator Pemanfaatan'!$D$6:$K$704,7,FALSE))) | V20: =IF(U20="","",IF(U20>V$4,V$4,IF(U20<V$3,V$3,U20))) | W20: =IF(D20="","",IF('[1]0.6 Indikator Pemanfaatan'!P19="","",VLOOKUP(D20,'[1]0.6 Indikator Pemanfaatan'!$D$6:$R$704,13,FALSE))) | X20: =IF(W20="","",IF(W20>X$4,X$4,IF(W20<X$3,X$3,W20))) | Y20: =IF(D20="","",IF('[1]0.6 Indikator Pemanfaatan'!AA19="","",VLOOKUP(D20,'[1]0.6 Indikator Pemanfaatan'!$D$6:$AC$706,24,FALSE))) | Z20: =IF(Y20="","",IF(Y20>Z$4,Z$4,IF(Y20<Z$3,Z$3,Y20))) | AA20: =IF(D20="","",IF('[1]0.6 Indikator Pemanfaatan'!AG19="","",VLOOKUP(D20,'[1]0.6 Indikator Pemanfaatan'!$D$6:$AJ$705,30,FALSE))) | AB20: =IF(AA20="","",IF(AA20>AB$4,AB$4,IF(AA20<AB$3,AB$3,AA20))) | AC20: =IF(D20="","",IF('[1]0.6 Indikator Pemanfaatan'!AM19="","",VLOOKUP(D20,'[1]0.6 Indikator Pemanfaatan'!$D$6:$AP$705,36,FALSE))) | AD20: =IF(AC20="","",IF(AC20>AD$4,AD$4,IF(AC20<AD$3,AD$3,AC20)))
A21: =IF('[2]1.7 NCPR'!A17="","",'[2]1.7 NCPR'!A17) | B21: =IF('[2]1.7 NCPR'!B17="","",'[2]1.7 NCPR'!B17) | C21: =IF(D21="","",LEFT(D21,5)) | D21: =IF('[2]1.7 NCPR'!D17="","",'[2]1.7 NCPR'!D17) | E21: =IF('[2]1.7 NCPR'!E17="","",'[2]1.7 NCPR'!E17) | F21: =IF('[2]1.7 NCPR'!C17="","",'[2]1.7 NCPR'!C17) | G21: =IF(D21="","",IF('[2]1.7 NCPR'!P17="","",(VLOOKUP(D21,'[2]1.7 NCPR'!$D:$P,13,0)))) | H21: =IF(G21="","",IF(G21="-",H$4,IF(G21>=H$4,H$4,IF(G21<H$3,H$3,G21)))) | I21: =IF(D21="","",IF('[1]0.2 Konsumsi Energi'!O20="","",VLOOKUP(D21,'[1]0.2 Konsumsi Energi'!$D$5:$S$704,12,0))) | J21: =IF(I21="","",IF(I21>J$4,J$4,IF(I21<J$3,J$3,I21))) | K21: =IF(D21="","",IF('[1]0.3 Konsumsi Protein Hewani'!O20="","",VLOOKUP(D21,'[1]0.3 Konsumsi Protein Hewani'!$D$5:$S$704,12,0))) | L21: =IF(K21="","",IF(K21>L$4,L$4,IF(K21<L$3,L$3,K21))) | M21: =IF(D21="","",IF('[1]0.4 Stok_Cadangan'!AN20="","",VLOOKUP(D21,'[1]0.4 Stok_Cadangan'!$D$6:$AN$704,37,FALSE))) | N21: =IF(M21="","",IF(M21>N$4,N$4,IF(M21<N$3,N$3,M21))) | O21: =IF(D21="","",IF('[1]0.5 Indikator Keterjangkauan'!J20="","",VLOOKUP(D21,'[1]0.5 Indikator Keterjangkauan'!$D$6:$K$704,7,FALSE))) | P21: =IF(O21="","",IF(O21>P$4,P$4,IF(O21<P$3,P$3,O21))) | Q21: =IF(D21="","",IF('[1]0.5 Indikator Keterjangkauan'!AC20="","",VLOOKUP(D21,'[1]0.5 Indikator Keterjangkauan'!$D$6:$AD$704,26,FALSE))) | R21: =IF(Q21="","",IF(Q21>R$4,R$4,IF(Q21<R$3,R$3,Q21))) | S21: =IF(D21="","",IF('[1]0.5 Indikator Keterjangkauan'!AI20="","",VLOOKUP(D21,'[1]0.5 Indikator Keterjangkauan'!$D$6:$AK$700,32,FALSE))) | T21: =IF(S21="","",IF(S21>T$4,T$4,IF(S21<T$3,T$3,S21))) | U21: =IF(D21="","",IF('[1]0.6 Indikator Pemanfaatan'!J20="","",VLOOKUP(D21,'[1]0.6 Indikator Pemanfaatan'!$D$6:$K$704,7,FALSE))) | V21: =IF(U21="","",IF(U21>V$4,V$4,IF(U21<V$3,V$3,U21))) | W21: =IF(D21="","",IF('[1]0.6 Indikator Pemanfaatan'!P20="","",VLOOKUP(D21,'[1]0.6 Indikator Pemanfaatan'!$D$6:$R$704,13,FALSE))) | X21: =IF(W21="","",IF(W21>X$4,X$4,IF(W21<X$3,X$3,W21))) | Y21: =IF(D21="","",IF('[1]0.6 Indikator Pemanfaatan'!AA20="","",VLOOKUP(D21,'[1]0.6 Indikator Pemanfaatan'!$D$6:$AC$706,24,FALSE))) | Z21: =IF(Y21="","",IF(Y21>Z$4,Z$4,IF(Y21<Z$3,Z$3,Y21))) | AA21: =IF(D21="","",IF('[1]0.6 Indikator Pemanfaatan'!AG20="","",VLOOKUP(D21,'[1]0.6 Indikator Pemanfaatan'!$D$6:$AJ$705,30,FALSE))) | AB21: =IF(AA21="","",IF(AA21>AB$4,AB$4,IF(AA21<AB$3,AB$3,AA21))) | AC21: =IF(D21="","",IF('[1]0.6 Indikator Pemanfaatan'!AM20="","",VLOOKUP(D21,'[1]0.6 Indikator Pemanfaatan'!$D$6:$AP$705,36,FALSE))) | AD21: =IF(AC21="","",IF(AC21>AD$4,AD$4,IF(AC21<AD$3,AD$3,AC21)))
A22: =IF('[2]1.7 NCPR'!A18="","",'[2]1.7 NCPR'!A18) | B22: =IF('[2]1.7 NCPR'!B18="","",'[2]1.7 NCPR'!B18) | C22: =IF(D22="","",LEFT(D22,5)) | D22: =IF('[2]1.7 NCPR'!D18="","",'[2]1.7 NCPR'!D18) | E22: =IF('[2]1.7 NCPR'!E18="","",'[2]1.7 NCPR'!E18) | F22: =IF('[2]1.7 NCPR'!C18="","",'[2]1.7 NCPR'!C18) | G22: =IF(D22="","",IF('[2]1.7 NCPR'!P18="","",(VLOOKUP(D22,'[2]1.7 NCPR'!$D:$P,13,0)))) | H22: =IF(G22="","",IF(G22="-",H$4,IF(G22>=H$4,H$4,IF(G22<H$3,H$3,G22)))) | I22: =IF(D22="","",IF('[1]0.2 Konsumsi Energi'!O21="","",VLOOKUP(D22,'[1]0.2 Konsumsi Energi'!$D$5:$S$704,12,0))) | J22: =IF(I22="","",IF(I22>J$4,J$4,IF(I22<J$3,J$3,I22))) | K22: =IF(D22="","",IF('[1]0.3 Konsumsi Protein Hewani'!O21="","",VLOOKUP(D22,'[1]0.3 Konsumsi Protein Hewani'!$D$5:$S$704,12,0))) | L22: =IF(K22="","",IF(K22>L$4,L$4,IF(K22<L$3,L$3,K22))) | M22: =IF(D22="","",IF('[1]0.4 Stok_Cadangan'!AN21="","",VLOOKUP(D22,'[1]0.4 Stok_Cadangan'!$D$6:$AN$704,37,FALSE))) | N22: =IF(M22="","",IF(M22>N$4,N$4,IF(M22<N$3,N$3,M22))) | O22: =IF(D22="","",IF('[1]0.5 Indikator Keterjangkauan'!J21="","",VLOOKUP(D22,'[1]0.5 Indikator Keterjangkauan'!$D$6:$K$704,7,FALSE))) | P22: =IF(O22="","",IF(O22>P$4,P$4,IF(O22<P$3,P$3,O22))) | Q22: =IF(D22="","",IF('[1]0.5 Indikator Keterjangkauan'!AC21="","",VLOOKUP(D22,'[1]0.5 Indikator Keterjangkauan'!$D$6:$AD$704,26,FALSE))) | R22: =IF(Q22="","",IF(Q22>R$4,R$4,IF(Q22<R$3,R$3,Q22))) | S22: =IF(D22="","",IF('[1]0.5 Indikator Keterjangkauan'!AI21="","",VLOOKUP(D22,'[1]0.5 Indikator Keterjangkauan'!$D$6:$AK$700,32,FALSE))) | T22: =IF(S22="","",IF(S22>T$4,T$4,IF(S22<T$3,T$3,S22))) | U22: =IF(D22="","",IF('[1]0.6 Indikator Pemanfaatan'!J21="","",VLOOKUP(D22,'[1]0.6 Indikator Pemanfaatan'!$D$6:$K$704,7,FALSE))) | V22: =IF(U22="","",IF(U22>V$4,V$4,IF(U22<V$3,V$3,U22))) | W22: =IF(D22="","",IF('[1]0.6 Indikator Pemanfaatan'!P21="","",VLOOKUP(D22,'[1]0.6 Indikator Pemanfaatan'!$D$6:$R$704,13,FALSE))) | X22: =IF(W22="","",IF(W22>X$4,X$4,IF(W22<X$3,X$3,W22))) | Y22: =IF(D22="","",IF('[1]0.6 Indikator Pemanfaatan'!AA21="","",VLOOKUP(D22,'[1]0.6 Indikator Pemanfaatan'!$D$6:$AC$706,24,FALSE))) | Z22: =IF(Y22="","",IF(Y22>Z$4,Z$4,IF(Y22<Z$3,Z$3,Y22))) | AA22: =IF(D22="","",IF('[1]0.6 Indikator Pemanfaatan'!AG21="","",VLOOKUP(D22,'[1]0.6 Indikator Pemanfaatan'!$D$6:$AJ$705,30,FALSE))) | AB22: =IF(AA22="","",IF(AA22>AB$4,AB$4,IF(AA22<AB$3,AB$3,AA22))) | AC22: =IF(D22="","",IF('[1]0.6 Indikator Pemanfaatan'!AM21="","",VLOOKUP(D22,'[1]0.6 Indikator Pemanfaatan'!$D$6:$AP$705,36,FALSE))) | AD22: =IF(AC22="","",IF(AC22>AD$4,AD$4,IF(AC22<AD$3,AD$3,AC22)))
A23: =IF('[2]1.7 NCPR'!A19="","",'[2]1.7 NCPR'!A19) | B23: =IF('[2]1.7 NCPR'!B19="","",'[2]1.7 NCPR'!B19) | C23: =IF(D23="","",LEFT(D23,5)) | D23: =IF('[2]1.7 NCPR'!D19="","",'[2]1.7 NCPR'!D19) | E23: =IF('[2]1.7 NCPR'!E19="","",'[2]1.7 NCPR'!E19) | F23: =IF('[2]1.7 NCPR'!C19="","",'[2]1.7 NCPR'!C19) | G23: =IF(D23="","",IF('[2]1.7 NCPR'!P19="","",(VLOOKUP(D23,'[2]1.7 NCPR'!$D:$P,13,0)))) | H23: =IF(G23="","",IF(G23="-",H$4,IF(G23>=H$4,H$4,IF(G23<H$3,H$3,G23)))) | I23: =IF(D23="","",IF('[1]0.2 Konsumsi Energi'!O22="","",VLOOKUP(D23,'[1]0.2 Konsumsi Energi'!$D$5:$S$704,12,0))) | J23: =IF(I23="","",IF(I23>J$4,J$4,IF(I23<J$3,J$3,I23))) | K23: =IF(D23="","",IF('[1]0.3 Konsumsi Protein Hewani'!O22="","",VLOOKUP(D23,'[1]0.3 Konsumsi Protein Hewani'!$D$5:$S$704,12,0))) | L23: =IF(K23="","",IF(K23>L$4,L$4,IF(K23<L$3,L$3,K23))) | M23: =IF(D23="","",IF('[1]0.4 Stok_Cadangan'!AN22="","",VLOOKUP(D23,'[1]0.4 Stok_Cadangan'!$D$6:$AN$704,37,FALSE))) | N23: =IF(M23="","",IF(M23>N$4,N$4,IF(M23<N$3,N$3,M23))) | O23: =IF(D23="","",IF('[1]0.5 Indikator Keterjangkauan'!J22="","",VLOOKUP(D23,'[1]0.5 Indikator Keterjangkauan'!$D$6:$K$704,7,FALSE))) | P23: =IF(O23="","",IF(O23>P$4,P$4,IF(O23<P$3,P$3,O23))) | Q23: =IF(D23="","",IF('[1]0.5 Indikator Keterjangkauan'!AC22="","",VLOOKUP(D23,'[1]0.5 Indikator Keterjangkauan'!$D$6:$AD$704,26,FALSE))) | R23: =IF(Q23="","",IF(Q23>R$4,R$4,IF(Q23<R$3,R$3,Q23))) | S23: =IF(D23="","",IF('[1]0.5 Indikator Keterjangkauan'!AI22="","",VLOOKUP(D23,'[1]0.5 Indikator Keterjangkauan'!$D$6:$AK$700,32,FALSE))) | T23: =IF(S23="","",IF(S23>T$4,T$4,IF(S23<T$3,T$3,S23))) | U23: =IF(D23="","",IF('[1]0.6 Indikator Pemanfaatan'!J22="","",VLOOKUP(D23,'[1]0.6 Indikator Pemanfaatan'!$D$6:$K$704,7,FALSE))) | V23: =IF(U23="","",IF(U23>V$4,V$4,IF(U23<V$3,V$3,U23))) | W23: =IF(D23="","",IF('[1]0.6 Indikator Pemanfaatan'!P22="","",VLOOKUP(D23,'[1]0.6 Indikator Pemanfaatan'!$D$6:$R$704,13,FALSE))) | X23: =IF(W23="","",IF(W23>X$4,X$4,IF(W23<X$3,X$3,W23))) | Y23: =IF(D23="","",IF('[1]0.6 Indikator Pemanfaatan'!AA22="","",VLOOKUP(D23,'[1]0.6 Indikator Pemanfaatan'!$D$6:$AC$706,24,FALSE))) | Z23: =IF(Y23="","",IF(Y23>Z$4,Z$4,IF(Y23<Z$3,Z$3,Y23))) | AA23: =IF(D23="","",IF('[1]0.6 Indikator Pemanfaatan'!AG22="","",VLOOKUP(D23,'[1]0.6 Indikator Pemanfaatan'!$D$6:$AJ$705,30,FALSE))) | AB23: =IF(AA23="","",IF(AA23>AB$4,AB$4,IF(AA23<AB$3,AB$3,AA23))) | AC23: =IF(D23="","",IF('[1]0.6 Indikator Pemanfaatan'!AM22="","",VLOOKUP(D23,'[1]0.6 Indikator Pemanfaatan'!$D$6:$AP$705,36,FALSE))) | AD23: =IF(AC23="","",IF(AC23>AD$4,AD$4,IF(AC23<AD$3,AD$3,AC23)))
... A705: =IF('[2]1.7 NCPR'!A701="","",'[2]1.7 NCPR'!A701) | B705: =IF('[2]1.7 NCPR'!B701="","",'[2]1.7 NCPR'!B701) | C705: =IF(D705="","",LEFT(D705,5)) | D705: =IF('[2]1.7 NCPR'!D701="","",'[2]1.7 NCPR'!D701) | E705: =IF('[2]1.7 NCPR'!E701="","",'[2]1.7 NCPR'!E701) | F705: =IF('[2]1.7 NCPR'!C701="","",'[2]1.7 NCPR'!C701) | G705: =IF(D705="","",IF('[2]1.7 NCPR'!P701="","",(VLOOKUP(D705,'[2]1.7 NCPR'!$D:$P,13,0)))) | H705: =IF(G705="","",IF(G705="-",H$4,IF(G705>=H$4,H$4,IF(G705<H$3,H$3,G705)))) | I705: =IF(D705="","",IF('[1]0.2 Konsumsi Energi'!O704="","",VLOOKUP(D705,'[1]0.2 Konsumsi Energi'!$D$5:$S$704,12,0))) | J705: =IF(I705="","",IF(I705>J$4,J$4,IF(I705<J$3,J$3,I705))) | K705: =IF(D705="","",IF('[1]0.3 Konsumsi Protein Hewani'!O704="","",VLOOKUP(D705,'[1]0.3 Konsumsi Protein Hewani'!$D$5:$S$704,12,0))) | L705: =IF(K705="","",IF(K705>L$4,L$4,IF(K705<L$3,L$3,K705))) | M705: =IF(D705="","",IF('[1]0.4 Stok_Cadangan'!AN704="","",VLOOKUP(D705,'[1]0.4 Stok_Cadangan'!$D$6:$AN$704,37,FALSE))) | N705: =IF(M705="","",IF(M705>N$4,N$4,IF(M705<N$3,N$3,M705))) | O705: =IF(D705="","",IF('[1]0.5 Indikator Keterjangkauan'!J704="","",VLOOKUP(D705,'[1]0.5 Indikator Keterjangkauan'!$D$6:$K$704,7,FALSE))) | P705: =IF(O705="","",IF(O705>P$4,P$4,IF(O705<P$3,P$3,O705))) | Q705: =IF(D705="","",IF('[1]0.5 Indikator Keterjangkauan'!AC704="","",VLOOKUP(D705,'[1]0.5 Indikator Keterjangkauan'!$D$6:$AD$704,26,FALSE))) | R705: =IF(Q705="","",IF(Q705>R$4,R$4,IF(Q705<R$3,R$3,Q705))) | S705: =IF(D705="","",IF('[1]0.5 Indikator Keterjangkauan'!AI704="","",VLOOKUP(D705,'[1]0.5 Indikator Keterjangkauan'!$D$6:$AK$700,32,FALSE))) | T705: =IF(S705="","",IF(S705>T$4,T$4,IF(S705<T$3,T$3,S705))) | U705: =IF(D705="","",IF('[1]0.6 Indikator Pemanfaatan'!J704="","",VLOOKUP(D705,'[1]0.6 Indikator Pemanfaatan'!$D$6:$K$704,7,FALSE))) | V705: =IF(U705="","",IF(U705>V$4,V$4,IF(U705<V$3,V$3,U705))) | W705: =IF(D705="","",IF('[1]0.6 Indikator Pemanfaatan'!P704="","",VLOOKUP(D705,'[1]0.6 Indikator Pemanfaatan'!$D$6:$R$704,13,FALSE))) | X705: =IF(W705="","",IF(W705>X$4,X$4,IF(W705<X$3,X$3,W705))) | Y705: =IF(D705="","",IF('[1]0.6 Indikator Pemanfaatan'!AA704="","",VLOOKUP(D705,'[1]0.6 Indikator Pemanfaatan'!$D$6:$AC$706,24,FALSE))) | Z705: =IF(Y705="","",IF(Y705>Z$4,Z$4,IF(Y705<Z$3,Z$3,Y705))) | AA705: =IF(D705="","",IF('[1]0.6 Indikator Pemanfaatan'!AG704="","",VLOOKUP(D705,'[1]0.6 Indikator Pemanfaatan'!$D$6:$AJ$705,30,FALSE))) | AB705: =IF(AA705="","",IF(AA705>AB$4,AB$4,IF(AA705<AB$3,AB$3,AA705))) | AC705: =IF(D705="","",IF('[1]0.6 Indikator Pemanfaatan'!AM704="","",VLOOKUP(D705,'[1]0.6 Indikator Pemanfaatan'!$D$6:$AP$705,36,FALSE))) | AD705: =IF(AC705="","",IF(AC705>AD$4,AD$4,IF(AC705<AD$3,AD$3,AC705)))

Sheet 2.2 Cut Off Individu & Komposit
B3: BAGIAN UTAMA | C3: 1. NCPR | D3: 2. ENERGY | E3: 3. ANIMAL PROTEIN | F3: 4. FOOD RESERVES | G3: 5. POVERTY | H3: 6. PRICE (CV) | I3: 7. PoU | J3: 8. FEMALE SCHOOL | K3: 9. NO WATER | L3: 10. FOOD SAFETY | M3: 11. PPH | N3: 12. STUNTING
B5: MEAN | C5: =IFERROR(AVERAGE('2.1 Data FSVA 2025 & Bobot'!H7:H704),"-") -> - | D5: =IFERROR(AVERAGE('2.1 Data FSVA 2025 & Bobot'!J7:J704),"-") -> - | E5: =IFERROR(AVERAGE('2.1 Data FSVA 2025 & Bobot'!L7:L704),"-") -> - | F5: =IFERROR(AVERAGE('2.1 Data FSVA 2025 & Bobot'!N7:N704),"-") -> - | G5: =IFERROR(AVERAGE('2.1 Data FSVA 2025 & Bobot'!P7:P704),"-") -> - | H5: =IFERROR(AVERAGE('2.1 Data FSVA 2025 & Bobot'!R7:R704),"-") -> - | I5: =IFERROR(AVERAGE('2.1 Data FSVA 2025 & Bobot'!T7:T704),"-") -> - | J5: =IFERROR(AVERAGE('2.1 Data FSVA 2025 & Bobot'!V7:V704),"-") -> - | K5: =IFERROR(AVERAGE('2.1 Data FSVA 2025 & Bobot'!X7:X704),"-") -> - | L5: =IFERROR(AVERAGE('2.1 Data FSVA 2025 & Bobot'!Z7:Z704),"-") -> - | M5: =IFERROR(AVERAGE('2.1 Data FSVA 2025 & Bobot'!AB7:AB704),"-") -> - | N5: =IFERROR(AVERAGE('2.1 Data FSVA 2025 & Bobot'!AD7:AD704),"-") -> -
B6: STANDAR DEVIASI | C6: =IFERROR(STDEV('2.1 Data FSVA 2025 & Bobot'!H7:H704),"-") -> - | D6: =IFERROR(STDEV('2.1 Data FSVA 2025 & Bobot'!J7:J704),"-") -> - | E6: =IFERROR(STDEV('2.1 Data FSVA 2025 & Bobot'!L7:L704),"-") -> - | F6: =IFERROR(STDEV('2.1 Data FSVA 2025 & Bobot'!N7:N704),"-") -> - | G6: =IFERROR(STDEV('2.1 Data FSVA 2025 & Bobot'!P7:P704),"-") -> - | H6: =IFERROR(STDEV('2.1 Data FSVA 2025 & Bobot'!R7:R704),"-") -> - | I6: =IFERROR(STDEV('2.1 Data FSVA 2025 & Bobot'!T7:T704),"-") -> - | J6: =IFERROR(STDEV('2.1 Data FSVA 2025 & Bobot'!V7:V704),"-") -> - | K6: =IFERROR(STDEV('2.1 Data FSVA 2025 & Bobot'!X7:X704),"-") -> - | L6: =IFERROR(STDEV('2.1 Data FSVA 2025 & Bobot'!Z7:Z704),"-") -> - | M6: =IFERROR(STDEV('2.1 Data FSVA 2025 & Bobot'!AB7:AB704),"-") -> - | N6: =IFERROR(STDEV('2.1 Data FSVA 2025 & Bobot'!AD7:AD704),"-") -> -
B7: RANGE | C7: =C9-C8 -> 10 | D7: =D9-D8 -> 70 | E7: =E9-E8 -> 92 | F7: =F9-F8 -> 3.5 | G7: =G9-G8 -> 50 | H7: =H9-H8 -> 18 | I7: =I9-I8 -> 75 | J7: =J9-J8 -> 11 | ... N7: =N9-N8 -> 75
B8: MIN | C8: 0 | D8: 50 | E8: 28 | F8: 0 | G8: 0 | H8: 2 | I8: 0 | J8: 1 | K8: 0 | L8: 0 | M8: 40 | N8: 0
B9: MAX | C9: 10 | D9: 120 | E9: 120 | F9: 3.5 | G9: 50 | H9: 20 | I9: 75 | J9: 12 | K9: 100 | L9: 100 | M9: 100 | N9: 75
B10: CUT OFF INDIKATOR INDIVIDU
B11: PRIORITAS
B12: Prioritas 1 | C12: 1.5 | D12: =70 -> 70 | E12: =70 -> 70 | F12: 0.25 | G12: 30 | H12: 10 | I12: 25 | J12: =6 -> 6 | K12: 70 | L12: 30 | M12: =70 -> 70 | N12: 40
B13: Prioritas 2 | C13: 1.25 | D13: =80 -> 80 | E13: =80 -> 80 | F13: 0.375 | G13: 25 | H13: 9 | I13: 20 | J13: =6.5 -> 6.5 | K13: 60 | L13: 40 | M13: =75 -> 75 | N13: 35
B14: Prioritas 3 | C14: 1 | D14: =90 -> 90 | E14: =90 -> 90 | F14: 0.5 | G14: 20 | H14: 8 | I14: 15 | J14: =7.5 -> 7.5 | K14: 50 | L14: 50 | M14: =80 -> 80 | N14: 30
B15: Prioritas 4 | C15: 0.75 | D15: =100 -> 100 | E15: =100 -> 100 | F15: 0.625 | G15: 15 | H15: 7 | I15: 10 | J15: =8.5 -> 8.5 | K15: 40 | L15: 60 | M15: =85 -> 85 | N15: 25
B16: Prioritas 5 | C16: 0.5 | D16: =110 -> 110 | E16: =110 -> 110 | F16: 0.75 | G16: 10 | H16: 6 | I16: 5 | J16: =9 -> 9 | K16: 30 | L16: 70 | M16: =90 -> 90 | N16: 20
B17: Prioritas 6 | C17: 0 | D17: 120 | E17: 120 | F17: 3.5 | G17: 0 | H17: 2 | I17: 0 | J17: 12 | K17: 0 | L17: 100 | M17: 100 | N17: 0
B18: CUT OFF INDIKATOR INDIVIDU (Min Max)
B19: PRIORITAS | C19: 1. NCPR ^ | D19: 2. ENERGY | E19: 4. ANIMAL PROTEIN | F19: 3. FOOD RESERVES | G19: 5. POVERTY ^ | H19: 6. PRICE (CV) ^ | I19: 7. PoU ^ | J19: 8. FEMALE SCHOOL | K19: 9. NO WATER ^ | L19: 10. FOOD SAFETY | M19: 11. PPH | N19: 12. STUNTING ^ | P19: CUT OFF SKOR KOMPOSIT (min max) | Q19: PRIORITAS KOMPOSIT | R19: RANGE SKOR KOMPOSIT (Min Max)
B20: Prioritas 1 | C20: =IFERROR((C$9-C12)/(C$9-C$8),"-") -> 0.85 | D20: =IFERROR((D12-D$8)/(D$9-D$8),"-") -> 0.28571429 | E20: =IFERROR((E12-E$8)/(E$9-E$8),"-") -> 0.45652174 | F20: =IFERROR((F12-F$8)/(F$9-F$8),"-") -> 0.071428571 | G20: =IFERROR((G$9-G12)/(G$9-G$8),"-") -> 0.4 | H20: =IFERROR((H$9-H12)/(H$9-H$8),"-") -> 0.55555556 | I20: =IFERROR((I$9-I12)/(I$9-I$8),"-") -> 0.66666667 | J20: =IFERROR((J12-J$8)/(J$9-J$8),"-") -> 0.45454545 | K20: =IFERROR((K$9-K12)/(K$9-K$8),"-") -> 0.3 | L20: =IFERROR((L12-L$8)/(L$9-L$8),"-") -> 0.3 | M20: =IFERROR((M12-M$8)/(M$9-M$8),"-") -> 0.5 | N20: =IFERROR((N$9-N12)/(N$9-N$8),"-") -> 0.46666667 | P20: =IFERROR(($C$27*C20)+($D$27*D20)+($F$27*F20)+($E$27*E20)+($G$27*G20)+($H$27*H20)+($I$27*I20)+($J$27*J20)+($K$27*K20)+($M$27*M20)+($N$27*N20)+($L$27*L20),"-") -> 0.45764822 | Q20: Prioritas 1 | S20: <= | T20: =IF(P20="-","",P20) -> 0.45764822
B21: Prioritas 2 | C21: =IFERROR((C$9-C13)/(C$9-C$8),"-") -> 0.875 | D21: =IFERROR((D13-D$8)/(D$9-D$8),"-") -> 0.42857143 | E21: =IFERROR((E13-E$8)/(E$9-E$8),"-") -> 0.56521739 | F21: =IFERROR((F13-F$8)/(F$9-F$8),"-") -> 0.10714286 | G21: =IFERROR((G$9-G13)/(G$9-G$8),"-") -> 0.5 | H21: =IFERROR((H$9-H13)/(H$9-H$8),"-") -> 0.61111111 | I21: =IFERROR((I$9-I13)/(I$9-I$8),"-") -> 0.73333333 | J21: =IFERROR((J13-J$8)/(J$9-J$8),"-") -> 0.5 | K21: =IFERROR((K$9-K13)/(K$9-K$8),"-") -> 0.4 | L21: =IFERROR((L13-L$8)/(L$9-L$8),"-") -> 0.4 | M21: =IFERROR((M13-M$8)/(M$9-M$8),"-") -> 0.58333333 | N21: =IFERROR((N$9-N13)/(N$9-N$8),"-") -> 0.53333333 | P21: =IFERROR(($C$27*C21)+($D$27*D21)+($F$27*F21)+($E$27*E21)+($G$27*G21)+($H$27*H21)+($I$27*I21)+($J$27*J21)+($K$27*K21)+($M$27*M21)+($N$27*N21)+($L$27*L21),"-") -> 0.53475509 | Q21: Prioritas 2 | R21: =T20 -> 0.45764822 | S21: - < | T21: =IF(P21="-","",P21) -> 0.53475509
B22: Prioritas 3 | C22: =IFERROR((C$9-C14)/(C$9-C$8),"-") -> 0.9 | D22: =IFERROR((D14-D$8)/(D$9-D$8),"-") -> 0.57142857 | E22: =IFERROR((E14-E$8)/(E$9-E$8),"-") -> 0.67391304 | F22: =IFERROR((F14-F$8)/(F$9-F$8),"-") -> 0.14285714 | G22: =IFERROR((G$9-G14)/(G$9-G$8),"-") -> 0.6 | H22: =IFERROR((H$9-H14)/(H$9-H$8),"-") -> 0.66666667 | I22: =IFERROR((I$9-I14)/(I$9-I$8),"-") -> 0.8 | J22: =IFERROR((J14-J$8)/(J$9-J$8),"-") -> 0.59090909 | K22: =IFERROR((K$9-K14)/(K$9-K$8),"-") -> 0.5 | L22: =IFERROR((L14-L$8)/(L$9-L$8),"-") -> 0.5 | M22: =IFERROR((M14-M$8)/(M$9-M$8),"-") -> 0.66666667 | N22: =IFERROR((N$9-N14)/(N$9-N$8),"-") -> 0.6 | P22: =IFERROR(($C$27*C22)+($D$27*D22)+($F$27*F22)+($E$27*E22)+($G$27*G22)+($H$27*H22)+($I$27*I22)+($J$27*J22)+($K$27*K22)+($M$27*M22)+($N$27*N22)+($L$27*L22),"-") -> 0.61413469 | Q22: Prioritas 3 | R22: =T21 -> 0.53475509 | S22: - < | T22: =IF(P22="-","",P22) -> 0.61413469
B23: Prioritas 4 | C23: =IFERROR((C$9-C15)/(C$9-C$8),"-") -> 0.925 | D23: =IFERROR((D15-D$8)/(D$9-D$8),"-") -> 0.71428571 | E23: =IFERROR((E15-E$8)/(E$9-E$8),"-") -> 0.7826087 | F23: =IFERROR((F15-F$8)/(F$9-F$8),"-") -> 0.17857143 | G23: =IFERROR((G$9-G15)/(G$9-G$8),"-") -> 0.7 | H23: =IFERROR((H$9-H15)/(H$9-H$8),"-") -> 0.72222222 | I23: =IFERROR((I$9-I15)/(I$9-I$8),"-") -> 0.86666667 | J23: =IFERROR((J15-J$8)/(J$9-J$8),"-") -> 0.68181818 | K23: =IFERROR((K$9-K15)/(K$9-K$8),"-") -> 0.6 | L23: =IFERROR((L15-L$8)/(L$9-L$8),"-") -> 0.6 | M23: =IFERROR((M15-M$8)/(M$9-M$8),"-") -> 0.75 | N23: =IFERROR((N$9-N15)/(N$9-N$8),"-") -> 0.66666667 | P23: =IFERROR(($C$27*C23)+($D$27*D23)+($F$27*F23)+($E$27*E23)+($G$27*G23)+($H$27*H23)+($I$27*I23)+($J$27*J23)+($K$27*K23)+($M$27*M23)+($N$27*N23)+($L$27*L23),"-") -> 0.69351429 | Q23: Prioritas 4 | R23: =T22 -> 0.61413469 | S23: - < | T23: =IF(P23="-","",P23) -> 0.69351429
B24: Prioritas 5 | C24: =IFERROR((C$9-C16)/(C$9-C$8),"-") -> 0.95 | D24: =IFERROR((D16-D$8)/(D$9-D$8),"-") -> 0.85714286 | E24: =IFERROR((E16-E$8)/(E$9-E$8),"-") -> 0.89130435 | F24: =IFERROR((F16-F$8)/(F$9-F$8),"-") -> 0.21428571 | G24: =IFERROR((G$9-G16)/(G$9-G$8),"-") -> 0.8 | H24: =IFERROR((H$9-H16)/(H$9-H$8),"-") -> 0.77777778 | I24: =IFERROR((I$9-I16)/(I$9-I$8),"-") -> 0.93333333 | J24: =IFERROR((J16-J$8)/(J$9-J$8),"-") -> 0.72727273 | K24: =IFERROR((K$9-K16)/(K$9-K$8),"-") -> 0.7 | L24: =IFERROR((L16-L$8)/(L$9-L$8),"-") -> 0.7 | M24: =IFERROR((M16-M$8)/(M$9-M$8),"-") -> 0.83333333 | N24: =IFERROR((N$9-N16)/(N$9-N$8),"-") -> 0.73333333 | P24: =IFERROR(($C$27*C24)+($D$27*D24)+($F$27*F24)+($E$27*E24)+($G$27*G24)+($H$27*H24)+($I$27*I24)+($J$27*J24)+($K$27*K24)+($M$27*M24)+($N$27*N24)+($L$27*L24),"-") -> 0.77062116 | Q24: Prioritas 5 | R24: =T23 -> 0.69351429 | S24: - < | T24: =IF(P24="-","",P24) -> 0.77062116
B25: Prioritas 6 | C25: =IFERROR((C$9-C17)/(C$9-C$8),"-") -> 1 | D25: =IFERROR((D17-D$8)/(D$9-D$8),"-") -> 1 | E25: =IFERROR((E17-E$8)/(E$9-E$8),"-") -> 1 | F25: =IFERROR((F17-F$8)/(F$9-F$8),"-") -> 1 | G25: =IFERROR((G$9-G17)/(G$9-G$8),"-") -> 1 | H25: =IFERROR((H$9-H17)/(H$9-H$8),"-") -> 1 | I25: =IFERROR((I$9-I17)/(I$9-I$8),"-") -> 1 | J25: =IFERROR((J17-J$8)/(J$9-J$8),"-") -> 1 | K25: =IFERROR((K$9-K17)/(K$9-K$8),"-") -> 1 | L25: =IFERROR((L17-L$8)/(L$9-L$8),"-") -> 1 | M25: =IFERROR((M17-M$8)/(M$9-M$8),"-") -> 1 | N25: =IFERROR((N$9-N17)/(N$9-N$8),"-") -> 1 | P25: =IFERROR(($C$27*C25)+($D$27*D25)+($F$27*F25)+($E$27*E25)+($G$27*G25)+($H$27*H25)+($I$27*I25)+($J$27*J25)+($K$27*K25)+($M$27*M25)+($N$27*N25)+($L$27*L25),"-") -> 1 | Q25: Prioritas 6 | S25: > | T25: =IF(P24="-","",P24) -> 0.77062116
B27: BOBOT INDIKATOR | C27: 0.095 | D27: 0.08 | E27: 0.08 | F27: 0.08 | G27: 0.118 | H27: 0.113 | I27: 0.099 | J27: 0.05 | K27: 0.075 | L27: 0.06 | M27: 0.078 | N27: 0.072

Sheet 2.3 Indeks & Cut off Komposit
G1: KETERSEDIAAN | K1: KETERJANGKAUAN | N1: PEMANFAATAN
A2: PERHITUNGAN INDEKS KETAHANAN PANGAN | F2: Bobot Indikator | G2: ='2.2 Cut Off Individu & Komposit'!C27 -> 0.095 | H2: ='2.2 Cut Off Individu & Komposit'!D27 -> 0.08 | I2: ='2.2 Cut Off Individu & Komposit'!E27 -> 0.08 | J2: ='2.2 Cut Off Individu & Komposit'!F27 -> 0.08 | K2: ='2.2 Cut Off Individu & Komposit'!G27 -> 0.118 | L2: ='2.2 Cut Off Individu & Komposit'!H27 -> 0.113 | M2: ='2.2 Cut Off Individu & Komposit'!I27 -> 0.099 | N2: ='2.2 Cut Off Individu & Komposit'!J27 -> 0.05 | ... R2: ='2.2 Cut Off Individu & Komposit'!N27 -> 0.072
A3: Di Masing-masing Wilayah (Kecamatan) | F3: Mean | G3: =IFERROR('2.2 Cut Off Individu & Komposit'!C5,0) -> - | H3: =IFERROR('2.2 Cut Off Individu & Komposit'!D5,0) -> - | I3: =IFERROR('2.2 Cut Off Individu & Komposit'!E5,0) -> - | J3: =IFERROR('2.2 Cut Off Individu & Komposit'!F5,0) -> - | K3: =IFERROR('2.2 Cut Off Individu & Komposit'!G5,0) -> - | L3: =IFERROR('2.2 Cut Off Individu & Komposit'!H5,0) -> - | M3: =IFERROR('2.2 Cut Off Individu & Komposit'!I5,0) -> - | N3: =IFERROR('2.2 Cut Off Individu & Komposit'!J5,0) -> - | ... R3: =IFERROR('2.2 Cut Off Individu & Komposit'!N5,0) -> - | AB3: Provinsi :
F4: Standar Deviasi | G4: =IFERROR('2.2 Cut Off Individu & Komposit'!C6,0) -> - | H4: =IFERROR('2.2 Cut Off Individu & Komposit'!D6,0) -> - | I4: =IFERROR('2.2 Cut Off Individu & Komposit'!E6,0) -> - | J4: =IFERROR('2.2 Cut Off Individu & Komposit'!F6,0) -> - | K4: =IFERROR('2.2 Cut Off Individu & Komposit'!G6,0) -> - | L4: =IFERROR('2.2 Cut Off Individu & Komposit'!H6,0) -> - | M4: =IFERROR('2.2 Cut Off Individu & Komposit'!I6,0) -> - | N4: =IFERROR('2.2 Cut Off Individu & Komposit'!J6,0) -> - | ... R4: =IFERROR('2.2 Cut Off Individu & Komposit'!N6,0) -> -
F6: Min | G6: =IFERROR('2.2 Cut Off Individu & Komposit'!C8,0) -> 0 | H6: =IFERROR('2.2 Cut Off Individu & Komposit'!D8,0) -> 50 | I6: =IFERROR('2.2 Cut Off Individu & Komposit'!E8,0) -> 28 | J6: =IFERROR('2.2 Cut Off Individu & Komposit'!F8,0) -> 0 | K6: =IFERROR('2.2 Cut Off Individu & Komposit'!G8,0) -> 0 | L6: =IFERROR('2.2 Cut Off Individu & Komposit'!H8,0) -> 2 | M6: =IFERROR('2.2 Cut Off Individu & Komposit'!I8,0) -> 0 | N6: =IFERROR('2.2 Cut Off Individu & Komposit'!J8,0) -> 1 | ... R6: =IFERROR('2.2 Cut Off Individu & Komposit'!N8,0) -> 0
F7: Max | G7: =IFERROR('2.2 Cut Off Individu & Komposit'!C9,0) -> 10 | H7: =IFERROR('2.2 Cut Off Individu & Komposit'!D9,0) -> 120 | I7: =IFERROR('2.2 Cut Off Individu & Komposit'!E9,0) -> 120 | J7: =IFERROR('2.2 Cut Off Individu & Komposit'!F9,0) -> 3.5 | K7: =IFERROR('2.2 Cut Off Individu & Komposit'!G9,0) -> 50 | L7: =IFERROR('2.2 Cut Off Individu & Komposit'!H9,0) -> 20 | M7: =IFERROR('2.2 Cut Off Individu & Komposit'!I9,0) -> 75 | N7: =IFERROR('2.2 Cut Off Individu & Komposit'!J9,0) -> 12 | ... R7: =IFERROR('2.2 Cut Off Individu & Komposit'!N9,0) -> 75
B9: Min-Max Scale
A10: No. | B10: Nama Kabupaten/Kota | C10: Kode Kab/Kota | D10: Kode Kec Kemendagri | E10: Kode Kec BPS | F10: Nama Kecamatan | G10: 1. NCPR ^ | H10: 2. ENERGY | I10: 3. ANIMAL PROTEIN | J10: 4. FOOD RESERVES | K10: 5. POVERTY ^ | L10: 6. PRICE (CV) ^ | M10: 7. PoU ^ | N10: 8. FEMALE SCHOOL | O10: 9. NO WATER ^ | P10: 10. FOOD SAFETY | Q10: 11. PPH | R10: 12. STUNTING ^ | S10: SKOR KOMPOSIT Min Max | T10: PRIORITAS KOMPOSIT | U10: INDEK KP KUMULATIF | V10: PERINGKAT KP | X10: CUT OFF SKOR KOMPOSIT min max | Y10: PRIORITAS KOMPOSIT
A11: =IF('2.1 Data FSVA 2025 & Bobot'!A7="","",'2.1 Data FSVA 2025 & Bobot'!A7) | B11: =IF('2.1 Data FSVA 2025 & Bobot'!B7="","",'2.1 Data FSVA 2025 & Bobot'!B7) | C11: =IF('2.1 Data FSVA 2025 & Bobot'!C7="","",'2.1 Data FSVA 2025 & Bobot'!C7) | D11: =IF('2.1 Data FSVA 2025 & Bobot'!D7="","",'2.1 Data FSVA 2025 & Bobot'!D7) | E11: =IF('2.1 Data FSVA 2025 & Bobot'!E7="","",'2.1 Data FSVA 2025 & Bobot'!E7) | F11: =IF('2.1 Data FSVA 2025 & Bobot'!F7="","",'2.1 Data FSVA 2025 & Bobot'!F7) | G11: =IF('2.1 Data FSVA 2025 & Bobot'!H7="","",IFERROR(((G$7-'2.1 Data FSVA 2025 & Bobot'!H7))/(G$7-G$6),"-")) | H11: =IF('2.1 Data FSVA 2025 & Bobot'!J7="","",IFERROR((('2.1 Data FSVA 2025 & Bobot'!J7-H$6))/(H$7-H$6),"-")) | I11: =IF('2.1 Data FSVA 2025 & Bobot'!L7="","",IFERROR((('2.1 Data FSVA 2025 & Bobot'!L7-I$6))/(I$7-I$6),"-")) | J11: =IF('2.1 Data FSVA 2025 & Bobot'!N7="","",IFERROR((('2.1 Data FSVA 2025 & Bobot'!N7-J$6))/(J$7-J$6),"-")) | K11: =IF('2.1 Data FSVA 2025 & Bobot'!P7="","",IFERROR(((K$7-'2.1 Data FSVA 2025 & Bobot'!P7))/(K$7-K$6),"-")) | L11: =IF('2.1 Data FSVA 2025 & Bobot'!R7="","",IFERROR(((L$7-'2.1 Data FSVA 2025 & Bobot'!R7))/(L$7-L$6),"-")) | M11: =IF('2.1 Data FSVA 2025 & Bobot'!T7="","",IFERROR(((M$7-'2.1 Data FSVA 2025 & Bobot'!T7))/(M$7-M$6),"-")) | N11: =IF('2.1 Data FSVA 2025 & Bobot'!V7="","",IFERROR((('2.1 Data FSVA 2025 & Bobot'!V7-N$6))/(N$7-N$6),"-")) | O11: =IF('2.1 Data FSVA 2025 & Bobot'!X7="","",IFERROR(((O$7-'2.1 Data FSVA 2025 & Bobot'!X7))/(O$7-O$6),"-")) | P11: =IF('2.1 Data FSVA 2025 & Bobot'!Z7="","",IFERROR((('2.1 Data FSVA 2025 & Bobot'!Z7-P$6))/(P$7-P$6),"-")) | Q11: =IF('2.1 Data FSVA 2025 & Bobot'!AB7="","",IFERROR((('2.1 Data FSVA 2025 & Bobot'!AB7-Q$6))/(Q$7-Q$6),"-")) | R11: =IF('2.1 Data FSVA 2025 & Bobot'!AD7="","",IFERROR(((R$7-'2.1 Data FSVA 2025 & Bobot'!AD7))/(R$7-R$6),"-")) | S11: =IFERROR(($G$2*G11)+($H$2*H11)+($I$2*I11)+($J$2*J11)+($K$2*K11)+($L$2*L11)+($M$2*M11)+($N$2*N11)+($O$2*O11)+($P$2*P11)+($Q$2*Q11)+($R$2*R11),"-") -> - | T11: =(IF(S11="-","-",IF(S11<=$X$11,1,IF(S11<=$X$12,2,IF(S11<=$X$13,3,IF(S11<=$X$14,4,IF(S11<=$X$15,5,6))))))) -> - | U11: =IFERROR(100*S11,"-") -> - | V11: =IFERROR(RANK(U11,$U$11:$U$704,0),"-") -> - | X11: ='2.2 Cut Off Individu & Komposit'!P20 -> 0.45764822 | Y11: Prioritas 1
A12: =IF('2.1 Data FSVA 2025 & Bobot'!A8="","",'2.1 Data FSVA 2025 & Bobot'!A8) | B12: =IF('2.1 Data FSVA 2025 & Bobot'!B8="","",'2.1 Data FSVA 2025 & Bobot'!B8) | C12: =IF('2.1 Data FSVA 2025 & Bobot'!C8="","",'2.1 Data FSVA 2025 & Bobot'!C8) | D12: =IF('2.1 Data FSVA 2025 & Bobot'!D8="","",'2.1 Data FSVA 2025 & Bobot'!D8) | E12: =IF('2.1 Data FSVA 2025 & Bobot'!E8="","",'2.1 Data FSVA 2025 & Bobot'!E8) | F12: =IF('2.1 Data FSVA 2025 & Bobot'!F8="","",'2.1 Data FSVA 2025 & Bobot'!F8) | G12: =IF('2.1 Data FSVA 2025 & Bobot'!H8="","",IFERROR(((G$7-'2.1 Data FSVA 2025 & Bobot'!H8))/(G$7-G$6),"-")) | H12: =IF('2.1 Data FSVA 2025 & Bobot'!J8="","",IFERROR((('2.1 Data FSVA 2025 & Bobot'!J8-H$6))/(H$7-H$6),"-")) | I12: =IF('2.1 Data FSVA 2025 & Bobot'!L8="","",IFERROR((('2.1 Data FSVA 2025 & Bobot'!L8-I$6))/(I$7-I$6),"-")) | J12: =IF('2.1 Data FSVA 2025 & Bobot'!N8="","",IFERROR((('2.1 Data FSVA 2025 & Bobot'!N8-J$6))/(J$7-J$6),"-")) | K12: =IF('2.1 Data FSVA 2025 & Bobot'!P8="","",IFERROR(((K$7-'2.1 Data FSVA 2025 & Bobot'!P8))/(K$7-K$6),"-")) | L12: =IF('2.1 Data FSVA 2025 & Bobot'!R8="","",IFERROR(((L$7-'2.1 Data FSVA 2025 & Bobot'!R8))/(L$7-L$6),"-")) | M12: =IF('2.1 Data FSVA 2025 & Bobot'!T8="","",IFERROR(((M$7-'2.1 Data FSVA 2025 & Bobot'!T8))/(M$7-M$6),"-")) | N12: =IF('2.1 Data FSVA 2025 & Bobot'!V8="","",IFERROR((('2.1 Data FSVA 2025 & Bobot'!V8-N$6))/(N$7-N$6),"-")) | O12: =IF('2.1 Data FSVA 2025 & Bobot'!X8="","",IFERROR(((O$7-'2.1 Data FSVA 2025 & Bobot'!X8))/(O$7-O$6),"-")) | P12: =IF('2.1 Data FSVA 2025 & Bobot'!Z8="","",IFERROR((('2.1 Data FSVA 2025 & Bobot'!Z8-P$6))/(P$7-P$6),"-")) | Q12: =IF('2.1 Data FSVA 2025 & Bobot'!AB8="","",IFERROR((('2.1 Data FSVA 2025 & Bobot'!AB8-Q$6))/(Q$7-Q$6),"-")) | R12: =IF('2.1 Data FSVA 2025 & Bobot'!AD8="","",IFERROR(((R$7-'2.1 Data FSVA 2025 & Bobot'!AD8))/(R$7-R$6),"-")) | S12: =IFERROR(($G$2*G12)+($H$2*H12)+($I$2*I12)+($J$2*J12)+($K$2*K12)+($L$2*L12)+($M$2*M12)+($N$2*N12)+($O$2*O12)+($P$2*P12)+($Q$2*Q12)+($R$2*R12),"-") -> - | T12: =(IF(S12="-","-",IF(S12<=$X$11,1,IF(S12<=$X$12,2,IF(S12<=$X$13,3,IF(S12<=$X$14,4,IF(S12<=$X$15,5,6))))))) -> - | U12: =IFERROR(100*S12,"-") -> - | V12: =IFERROR(RANK(U12,$U$11:$U$704,0),"-") -> - | X12: ='2.2 Cut Off Individu & Komposit'!P21 -> 0.53475509 | Y12: Prioritas 2
A13: =IF('2.1 Data FSVA 2025 & Bobot'!A9="","",'2.1 Data FSVA 2025 & Bobot'!A9) | B13: =IF('2.1 Data FSVA 2025 & Bobot'!B9="","",'2.1 Data FSVA 2025 & Bobot'!B9) | C13: =IF('2.1 Data FSVA 2025 & Bobot'!C9="","",'2.1 Data FSVA 2025 & Bobot'!C9) | D13: =IF('2.1 Data FSVA 2025 & Bobot'!D9="","",'2.1 Data FSVA 2025 & Bobot'!D9) | E13: =IF('2.1 Data FSVA 2025 & Bobot'!E9="","",'2.1 Data FSVA 2025 & Bobot'!E9) | F13: =IF('2.1 Data FSVA 2025 & Bobot'!F9="","",'2.1 Data FSVA 2025 & Bobot'!F9) | G13: =IF('2.1 Data FSVA 2025 & Bobot'!H9="","",IFERROR(((G$7-'2.1 Data FSVA 2025 & Bobot'!H9))/(G$7-G$6),"-")) | H13: =IF('2.1 Data FSVA 2025 & Bobot'!J9="","",IFERROR((('2.1 Data FSVA 2025 & Bobot'!J9-H$6))/(H$7-H$6),"-")) | I13: =IF('2.1 Data FSVA 2025 & Bobot'!L9="","",IFERROR((('2.1 Data FSVA 2025 & Bobot'!L9-I$6))/(I$7-I$6),"-")) | J13: =IF('2.1 Data FSVA 2025 & Bobot'!N9="","",IFERROR((('2.1 Data FSVA 2025 & Bobot'!N9-J$6))/(J$7-J$6),"-")) | K13: =IF('2.1 Data FSVA 2025 & Bobot'!P9="","",IFERROR(((K$7-'2.1 Data FSVA 2025 & Bobot'!P9))/(K$7-K$6),"-")) | L13: =IF('2.1 Data FSVA 2025 & Bobot'!R9="","",IFERROR(((L$7-'2.1 Data FSVA 2025 & Bobot'!R9))/(L$7-L$6),"-")) | M13: =IF('2.1 Data FSVA 2025 & Bobot'!T9="","",IFERROR(((M$7-'2.1 Data FSVA 2025 & Bobot'!T9))/(M$7-M$6),"-")) | N13: =IF('2.1 Data FSVA 2025 & Bobot'!V9="","",IFERROR((('2.1 Data FSVA 2025 & Bobot'!V9-N$6))/(N$7-N$6),"-")) | O13: =IF('2.1 Data FSVA 2025 & Bobot'!X9="","",IFERROR(((O$7-'2.1 Data FSVA 2025 & Bobot'!X9))/(O$7-O$6),"-")) | P13: =IF('2.1 Data FSVA 2025 & Bobot'!Z9="","",IFERROR((('2.1 Data FSVA 2025 & Bobot'!Z9-P$6))/(P$7-P$6),"-")) | Q13: =IF('2.1 Data FSVA 2025 & Bobot'!AB9="","",IFERROR((('2.1 Data FSVA 2025 & Bobot'!AB9-Q$6))/(Q$7-Q$6),"-")) | R13: =IF('2.1 Data FSVA 2025 & Bobot'!AD9="","",IFERROR(((R$7-'2.1 Data FSVA 2025 & Bobot'!AD9))/(R$7-R$6),"-")) | S13: =IFERROR(($G$2*G13)+($H$2*H13)+($I$2*I13)+($J$2*J13)+($K$2*K13)+($L$2*L13)+($M$2*M13)+($N$2*N13)+($O$2*O13)+($P$2*P13)+($Q$2*Q13)+($R$2*R13),"-") -> - | T13: =(IF(S13="-","-",IF(S13<=$X$11,1,IF(S13<=$X$12,2,IF(S13<=$X$13,3,IF(S13<=$X$14,4,IF(S13<=$X$15,5,6))))))) -> - | U13: =IFERROR(100*S13,"-") -> - | V13: =IFERROR(RANK(U13,$U$11:$U$704,0),"-") -> - | X13: ='2.2 Cut Off Individu & Komposit'!P22 -> 0.61413469 | Y13: Prioritas 3
A14: =IF('2.1 Data FSVA 2025 & Bobot'!A10="","",'2.1 Data FSVA 2025 & Bobot'!A10) | B14: =IF('2.1 Data FSVA 2025 & Bobot'!B10="","",'2.1 Data FSVA 2025 & Bobot'!B10) | C14: =IF('2.1 Data FSVA 2025 & Bobot'!C10="","",'2.1 Data FSVA 2025 & Bobot'!C10) | D14: =IF('2.1 Data FSVA 2025 & Bobot'!D10="","",'2.1 Data FSVA 2025 & Bobot'!D10) | E14: =IF('2.1 Data FSVA 2025 & Bobot'!E10="","",'2.1 Data FSVA 2025 & Bobot'!E10) | F14: =IF('2.1 Data FSVA 2025 & Bobot'!F10="","",'2.1 Data FSVA 2025 & Bobot'!F10) | G14: =IF('2.1 Data FSVA 2025 & Bobot'!H10="","",IFERROR(((G$7-'2.1 Data FSVA 2025 & Bobot'!H10))/(G$7-G$6),"-")) | H14: =IF('2.1 Data FSVA 2025 & Bobot'!J10="","",IFERROR((('2.1 Data FSVA 2025 & Bobot'!J10-H$6))/(H$7-H$6),"-")) | I14: =IF('2.1 Data FSVA 2025 & Bobot'!L10="","",IFERROR((('2.1 Data FSVA 2025 & Bobot'!L10-I$6))/(I$7-I$6),"-")) | J14: =IF('2.1 Data FSVA 2025 & Bobot'!N10="","",IFERROR((('2.1 Data FSVA 2025 & Bobot'!N10-J$6))/(J$7-J$6),"-")) | K14: =IF('2.1 Data FSVA 2025 & Bobot'!P10="","",IFERROR(((K$7-'2.1 Data FSVA 2025 & Bobot'!P10))/(K$7-K$6),"-")) | L14: =IF('2.1 Data FSVA 2025 & Bobot'!R10="","",IFERROR(((L$7-'2.1 Data FSVA 2025 & Bobot'!R10))/(L$7-L$6),"-")) | M14: =IF('2.1 Data FSVA 2025 & Bobot'!T10="","",IFERROR(((M$7-'2.1 Data FSVA 2025 & Bobot'!T10))/(M$7-M$6),"-")) | N14: =IF('2.1 Data FSVA 2025 & Bobot'!V10="","",IFERROR((('2.1 Data FSVA 2025 & Bobot'!V10-N$6))/(N$7-N$6),"-")) | O14: =IF('2.1 Data FSVA 2025 & Bobot'!X10="","",IFERROR(((O$7-'2.1 Data FSVA 2025 & Bobot'!X10))/(O$7-O$6),"-")) | P14: =IF('2.1 Data FSVA 2025 & Bobot'!Z10="","",IFERROR((('2.1 Data FSVA 2025 & Bobot'!Z10-P$6))/(P$7-P$6),"-")) | Q14: =IF('2.1 Data FSVA 2025 & Bobot'!AB10="","",IFERROR((('2.1 Data FSVA 2025 & Bobot'!AB10-Q$6))/(Q$7-Q$6),"-")) | R14: =IF('2.1 Data FSVA 2025 & Bobot'!AD10="","",IFERROR(((R$7-'2.1 Data FSVA 2025 & Bobot'!AD10))/(R$7-R$6),"-")) | S14: =IFERROR(($G$2*G14)+($H$2*H14)+($I$2*I14)+($J$2*J14)+($K$2*K14)+($L$2*L14)+($M$2*M14)+($N$2*N14)+($O$2*O14)+($P$2*P14)+($Q$2*Q14)+($R$2*R14),"-") -> - | T14: =(IF(S14="-","-",IF(S14<=$X$11,1,IF(S14<=$X$12,2,IF(S14<=$X$13,3,IF(S14<=$X$14,4,IF(S14<=$X$15,5,6))))))) -> - | U14: =IFERROR(100*S14,"-") -> - | V14: =IFERROR(RANK(U14,$U$11:$U$704,0),"-") -> - | X14: ='2.2 Cut Off Individu & Komposit'!P23 -> 0.69351429 | Y14: Prioritas 4
A15: =IF('2.1 Data FSVA 2025 & Bobot'!A11="","",'2.1 Data FSVA 2025 & Bobot'!A11) | B15: =IF('2.1 Data FSVA 2025 & Bobot'!B11="","",'2.1 Data FSVA 2025 & Bobot'!B11) | C15: =IF('2.1 Data FSVA 2025 & Bobot'!C11="","",'2.1 Data FSVA 2025 & Bobot'!C11) | D15: =IF('2.1 Data FSVA 2025 & Bobot'!D11="","",'2.1 Data FSVA 2025 & Bobot'!D11) | E15: =IF('2.1 Data FSVA 2025 & Bobot'!E11="","",'2.1 Data FSVA 2025 & Bobot'!E11) | F15: =IF('2.1 Data FSVA 2025 & Bobot'!F11="","",'2.1 Data FSVA 2025 & Bobot'!F11) | G15: =IF('2.1 Data FSVA 2025 & Bobot'!H11="","",IFERROR(((G$7-'2.1 Data FSVA 2025 & Bobot'!H11))/(G$7-G$6),"-")) | H15: =IF('2.1 Data FSVA 2025 & Bobot'!J11="","",IFERROR((('2.1 Data FSVA 2025 & Bobot'!J11-H$6))/(H$7-H$6),"-")) | I15: =IF('2.1 Data FSVA 2025 & Bobot'!L11="","",IFERROR((('2.1 Data FSVA 2025 & Bobot'!L11-I$6))/(I$7-I$6),"-")) | J15: =IF('2.1 Data FSVA 2025 & Bobot'!N11="","",IFERROR((('2.1 Data FSVA 2025 & Bobot'!N11-J$6))/(J$7-J$6),"-")) | K15: =IF('2.1 Data FSVA 2025 & Bobot'!P11="","",IFERROR(((K$7-'2.1 Data FSVA 2025 & Bobot'!P11))/(K$7-K$6),"-")) | L15: =IF('2.1 Data FSVA 2025 & Bobot'!R11="","",IFERROR(((L$7-'2.1 Data FSVA 2025 & Bobot'!R11))/(L$7-L$6),"-")) | M15: =IF('2.1 Data FSVA 2025 & Bobot'!T11="","",IFERROR(((M$7-'2.1 Data FSVA 2025 & Bobot'!T11))/(M$7-M$6),"-")) | N15: =IF('2.1 Data FSVA 2025 & Bobot'!V11="","",IFERROR((('2.1 Data FSVA 2025 & Bobot'!V11-N$6))/(N$7-N$6),"-")) | O15: =IF('2.1 Data FSVA 2025 & Bobot'!X11="","",IFERROR(((O$7-'2.1 Data FSVA 2025 & Bobot'!X11))/(O$7-O$6),"-")) | P15: =IF('2.1 Data FSVA 2025 & Bobot'!Z11="","",IFERROR((('2.1 Data FSVA 2025 & Bobot'!Z11-P$6))/(P$7-P$6),"-")) | Q15: =IF('2.1 Data FSVA 2025 & Bobot'!AB11="","",IFERROR((('2.1 Data FSVA 2025 & Bobot'!AB11-Q$6))/(Q$7-Q$6),"-")) | R15: =IF('2.1 Data FSVA 2025 & Bobot'!AD11="","",IFERROR(((R$7-'2.1 Data FSVA 2025 & Bobot'!AD11))/(R$7-R$6),"-")) | S15: =IFERROR(($G$2*G15)+($H$2*H15)+($I$2*I15)+($J$2*J15)+($K$2*K15)+($L$2*L15)+($M$2*M15)+($N$2*N15)+($O$2*O15)+($P$2*P15)+($Q$2*Q15)+($R$2*R15),"-") -> - | T15: =(IF(S15="-","-",IF(S15<=$X$11,1,IF(S15<=$X$12,2,IF(S15<=$X$13,3,IF(S15<=$X$14,4,IF(S15<=$X$15,5,6))))))) -> - | U15: =IFERROR(100*S15,"-") -> - | V15: =IFERROR(RANK(U15,$U$11:$U$704,0),"-") -> - | X15: ='2.2 Cut Off Individu & Komposit'!P24 -> 0.77062116 | Y15: Prioritas 5
A16: =IF('2.1 Data FSVA 2025 & Bobot'!A12="","",'2.1 Data FSVA 2025 & Bobot'!A12) | B16: =IF('2.1 Data FSVA 2025 & Bobot'!B12="","",'2.1 Data FSVA 2025 & Bobot'!B12) | C16: =IF('2.1 Data FSVA 2025 & Bobot'!C12="","",'2.1 Data FSVA 2025 & Bobot'!C12) | D16: =IF('2.1 Data FSVA 2025 & Bobot'!D12="","",'2.1 Data FSVA 2025 & Bobot'!D12) | E16: =IF('2.1 Data FSVA 2025 & Bobot'!E12="","",'2.1 Data FSVA 2025 & Bobot'!E12) | F16: =IF('2.1 Data FSVA 2025 & Bobot'!F12="","",'2.1 Data FSVA 2025 & Bobot'!F12) | G16: =IF('2.1 Data FSVA 2025 & Bobot'!H12="","",IFERROR(((G$7-'2.1 Data FSVA 2025 & Bobot'!H12))/(G$7-G$6),"-")) | H16: =IF('2.1 Data FSVA 2025 & Bobot'!J12="","",IFERROR((('2.1 Data FSVA 2025 & Bobot'!J12-H$6))/(H$7-H$6),"-")) | I16: =IF('2.1 Data FSVA 2025 & Bobot'!L12="","",IFERROR((('2.1 Data FSVA 2025 & Bobot'!L12-I$6))/(I$7-I$6),"-")) | J16: =IF('2.1 Data FSVA 2025 & Bobot'!N12="","",IFERROR((('2.1 Data FSVA 2025 & Bobot'!N12-J$6))/(J$7-J$6),"-")) | K16: =IF('2.1 Data FSVA 2025 & Bobot'!P12="","",IFERROR(((K$7-'2.1 Data FSVA 2025 & Bobot'!P12))/(K$7-K$6),"-")) | L16: =IF('2.1 Data FSVA 2025 & Bobot'!R12="","",IFERROR(((L$7-'2.1 Data FSVA 2025 & Bobot'!R12))/(L$7-L$6),"-")) | M16: =IF('2.1 Data FSVA 2025 & Bobot'!T12="","",IFERROR(((M$7-'2.1 Data FSVA 2025 & Bobot'!T12))/(M$7-M$6),"-")) | N16: =IF('2.1 Data FSVA 2025 & Bobot'!V12="","",IFERROR((('2.1 Data FSVA 2025 & Bobot'!V12-N$6))/(N$7-N$6),"-")) | O16: =IF('2.1 Data FSVA 2025 & Bobot'!X12="","",IFERROR(((O$7-'2.1 Data FSVA 2025 & Bobot'!X12))/(O$7-O$6),"-")) | P16: =IF('2.1 Data FSVA 2025 & Bobot'!Z12="","",IFERROR((('2.1 Data FSVA 2025 & Bobot'!Z12-P$6))/(P$7-P$6),"-")) | Q16: =IF('2.1 Data FSVA 2025 & Bobot'!AB12="","",IFERROR((('2.1 Data FSVA 2025 & Bobot'!AB12-Q$6))/(Q$7-Q$6),"-")) | R16: =IF('2.1 Data FSVA 2025 & Bobot'!AD12="","",IFERROR(((R$7-'2.1 Data FSVA 2025 & Bobot'!AD12))/(R$7-R$6),"-")) | S16: =IFERROR(($G$2*G16)+($H$2*H16)+($I$2*I16)+($J$2*J16)+($K$2*K16)+($L$2*L16)+($M$2*M16)+($N$2*N16)+($O$2*O16)+($P$2*P16)+($Q$2*Q16)+($R$2*R16),"-") -> - | T16: =(IF(S16="-","-",IF(S16<=$X$11,1,IF(S16<=$X$12,2,IF(S16<=$X$13,3,IF(S16<=$X$14,4,IF(S16<=$X$15,5,6))))))) -> - | U16: =IFERROR(100*S16,"-") -> - | V16: =IFERROR(RANK(U16,$U$11:$U$704,0),"-") -> - | X16: ='2.2 Cut Off Individu & Komposit'!P25 -> 1 | Y16: Prioritas 6
A17: =IF('2.1 Data FSVA 2025 & Bobot'!A13="","",'2.1 Data FSVA 2025 & Bobot'!A13) | B17: =IF('2.1 Data FSVA 2025 & Bobot'!B13="","",'2.1 Data FSVA 2025 & Bobot'!B13) | C17: =IF('2.1 Data FSVA 2025 & Bobot'!C13="","",'2.1 Data FSVA 2025 & Bobot'!C13) | D17: =IF('2.1 Data FSVA 2025 & Bobot'!D13="","",'2.1 Data FSVA 2025 & Bobot'!D13) | E17: =IF('2.1 Data FSVA 2025 & Bobot'!E13="","",'2.1 Data FSVA 2025 & Bobot'!E13) | F17: =IF('2.1 Data FSVA 2025 & Bobot'!F13="","",'2.1 Data FSVA 2025 & Bobot'!F13) | G17: =IF('2.1 Data FSVA 2025 & Bobot'!H13="","",IFERROR(((G$7-'2.1 Data FSVA 2025 & Bobot'!H13))/(G$7-G$6),"-")) | H17: =IF('2.1 Data FSVA 2025 & Bobot'!J13="","",IFERROR((('2.1 Data FSVA 2025 & Bobot'!J13-H$6))/(H$7-H$6),"-")) | I17: =IF('2.1 Data FSVA 2025 & Bobot'!L13="","",IFERROR((('2.1 Data FSVA 2025 & Bobot'!L13-I$6))/(I$7-I$6),"-")) | J17: =IF('2.1 Data FSVA 2025 & Bobot'!N13="","",IFERROR((('2.1 Data FSVA 2025 & Bobot'!N13-J$6))/(J$7-J$6),"-")) | K17: =IF('2.1 Data FSVA 2025 & Bobot'!P13="","",IFERROR(((K$7-'2.1 Data FSVA 2025 & Bobot'!P13))/(K$7-K$6),"-")) | L17: =IF('2.1 Data FSVA 2025 & Bobot'!R13="","",IFERROR(((L$7-'2.1 Data FSVA 2025 & Bobot'!R13))/(L$7-L$6),"-")) | M17: =IF('2.1 Data FSVA 2025 & Bobot'!T13="","",IFERROR(((M$7-'2.1 Data FSVA 2025 & Bobot'!T13))/(M$7-M$6),"-")) | N17: =IF('2.1 Data FSVA 2025 & Bobot'!V13="","",IFERROR((('2.1 Data FSVA 2025 & Bobot'!V13-N$6))/(N$7-N$6),"-")) | O17: =IF('2.1 Data FSVA 2025 & Bobot'!X13="","",IFERROR(((O$7-'2.1 Data FSVA 2025 & Bobot'!X13))/(O$7-O$6),"-")) | P17: =IF('2.1 Data FSVA 2025 & Bobot'!Z13="","",IFERROR((('2.1 Data FSVA 2025 & Bobot'!Z13-P$6))/(P$7-P$6),"-")) | Q17: =IF('2.1 Data FSVA 2025 & Bobot'!AB13="","",IFERROR((('2.1 Data FSVA 2025 & Bobot'!AB13-Q$6))/(Q$7-Q$6),"-")) | R17: =IF('2.1 Data FSVA 2025 & Bobot'!AD13="","",IFERROR(((R$7-'2.1 Data FSVA 2025 & Bobot'!AD13))/(R$7-R$6),"-")) | S17: =IFERROR(($G$2*G17)+($H$2*H17)+($I$2*I17)+($J$2*J17)+($K$2*K17)+($L$2*L17)+($M$2*M17)+($N$2*N17)+($O$2*O17)+($P$2*P17)+($Q$2*Q17)+($R$2*R17),"-") -> - | T17: =(IF(S17="-","-",IF(S17<=$X$11,1,IF(S17<=$X$12,2,IF(S17<=$X$13,3,IF(S17<=$X$14,4,IF(S17<=$X$15,5,6))))))) -> - | U17: =IFERROR(100*S17,"-") -> - | V17: =IFERROR(RANK(U17,$U$11:$U$704,0),"-") -> -
A18: =IF('2.1 Data FSVA 2025 & Bobot'!A14="","",'2.1 Data FSVA 2025 & Bobot'!A14) | B18: =IF('2.1 Data FSVA 2025 & Bobot'!B14="","",'2.1 Data FSVA 2025 & Bobot'!B14) | C18: =IF('2.1 Data FSVA 2025 & Bobot'!C14="","",'2.1 Data FSVA 2025 & Bobot'!C14) | D18: =IF('2.1 Data FSVA 2025 & Bobot'!D14="","",'2.1 Data FSVA 2025 & Bobot'!D14) | E18: =IF('2.1 Data FSVA 2025 & Bobot'!E14="","",'2.1 Data FSVA 2025 & Bobot'!E14) | F18: =IF('2.1 Data FSVA 2025 & Bobot'!F14="","",'2.1 Data FSVA 2025 & Bobot'!F14) | G18: =IF('2.1 Data FSVA 2025 & Bobot'!H14="","",IFERROR(((G$7-'2.1 Data FSVA 2025 & Bobot'!H14))/(G$7-G$6),"-")) | H18: =IF('2.1 Data FSVA 2025 & Bobot'!J14="","",IFERROR((('2.1 Data FSVA 2025 & Bobot'!J14-H$6))/(H$7-H$6),"-")) | I18: =IF('2.1 Data FSVA 2025 & Bobot'!L14="","",IFERROR((('2.1 Data FSVA 2025 & Bobot'!L14-I$6))/(I$7-I$6),"-")) | J18: =IF('2.1 Data FSVA 2025 & Bobot'!N14="","",IFERROR((('2.1 Data FSVA 2025 & Bobot'!N14-J$6))/(J$7-J$6),"-")) | K18: =IF('2.1 Data FSVA 2025 & Bobot'!P14="","",IFERROR(((K$7-'2.1 Data FSVA 2025 & Bobot'!P14))/(K$7-K$6),"-")) | L18: =IF('2.1 Data FSVA 2025 & Bobot'!R14="","",IFERROR(((L$7-'2.1 Data FSVA 2025 & Bobot'!R14))/(L$7-L$6),"-")) | M18: =IF('2.1 Data FSVA 2025 & Bobot'!T14="","",IFERROR(((M$7-'2.1 Data FSVA 2025 & Bobot'!T14))/(M$7-M$6),"-")) | N18: =IF('2.1 Data FSVA 2025 & Bobot'!V14="","",IFERROR((('2.1 Data FSVA 2025 & Bobot'!V14-N$6))/(N$7-N$6),"-")) | O18: =IF('2.1 Data FSVA 2025 & Bobot'!X14="","",IFERROR(((O$7-'2.1 Data FSVA 2025 & Bobot'!X14))/(O$7-O$6),"-")) | P18: =IF('2.1 Data FSVA 2025 & Bobot'!Z14="","",IFERROR((('2.1 Data FSVA 2025 & Bobot'!Z14-P$6))/(P$7-P$6),"-")) | Q18: =IF('2.1 Data FSVA 2025 & Bobot'!AB14="","",IFERROR((('2.1 Data FSVA 2025 & Bobot'!AB14-Q$6))/(Q$7-Q$6),"-")) | R18: =IF('2.1 Data FSVA 2025 & Bobot'!AD14="","",IFERROR(((R$7-'2.1 Data FSVA 2025 & Bobot'!AD14))/(R$7-R$6),"-")) | S18: =IFERROR(($G$2*G18)+($H$2*H18)+($I$2*I18)+($J$2*J18)+($K$2*K18)+($L$2*L18)+($M$2*M18)+($N$2*N18)+($O$2*O18)+($P$2*P18)+($Q$2*Q18)+($R$2*R18),"-") -> - | T18: =(IF(S18="-","-",IF(S18<=$X$11,1,IF(S18<=$X$12,2,IF(S18<=$X$13,3,IF(S18<=$X$14,4,IF(S18<=$X$15,5,6))))))) -> - | U18: =IFERROR(100*S18,"-") -> - | V18: =IFERROR(RANK(U18,$U$11:$U$704,0),"-") -> -
A19: =IF('2.1 Data FSVA 2025 & Bobot'!A15="","",'2.1 Data FSVA 2025 & Bobot'!A15) | B19: =IF('2.1 Data FSVA 2025 & Bobot'!B15="","",'2.1 Data FSVA 2025 & Bobot'!B15) | C19: =IF('2.1 Data FSVA 2025 & Bobot'!C15="","",'2.1 Data FSVA 2025 & Bobot'!C15) | D19: =IF('2.1 Data FSVA 2025 & Bobot'!D15="","",'2.1 Data FSVA 2025 & Bobot'!D15) | E19: =IF('2.1 Data FSVA 2025 & Bobot'!E15="","",'2.1 Data FSVA 2025 & Bobot'!E15) | F19: =IF('2.1 Data FSVA 2025 & Bobot'!F15="","",'2.1 Data FSVA 2025 & Bobot'!F15) | G19: =IF('2.1 Data FSVA 2025 & Bobot'!H15="","",IFERROR(((G$7-'2.1 Data FSVA 2025 & Bobot'!H15))/(G$7-G$6),"-")) | H19: =IF('2.1 Data FSVA 2025 & Bobot'!J15="","",IFERROR((('2.1 Data FSVA 2025 & Bobot'!J15-H$6))/(H$7-H$6),"-")) | I19: =IF('2.1 Data FSVA 2025 & Bobot'!L15="","",IFERROR((('2.1 Data FSVA 2025 & Bobot'!L15-I$6))/(I$7-I$6),"-")) | J19: =IF('2.1 Data FSVA 2025 & Bobot'!N15="","",IFERROR((('2.1 Data FSVA 2025 & Bobot'!N15-J$6))/(J$7-J$6),"-")) | K19: =IF('2.1 Data FSVA 2025 & Bobot'!P15="","",IFERROR(((K$7-'2.1 Data FSVA 2025 & Bobot'!P15))/(K$7-K$6),"-")) | L19: =IF('2.1 Data FSVA 2025 & Bobot'!R15="","",IFERROR(((L$7-'2.1 Data FSVA 2025 & Bobot'!R15))/(L$7-L$6),"-")) | M19: =IF('2.1 Data FSVA 2025 & Bobot'!T15="","",IFERROR(((M$7-'2.1 Data FSVA 2025 & Bobot'!T15))/(M$7-M$6),"-")) | N19: =IF('2.1 Data FSVA 2025 & Bobot'!V15="","",IFERROR((('2.1 Data FSVA 2025 & Bobot'!V15-N$6))/(N$7-N$6),"-")) | O19: =IF('2.1 Data FSVA 2025 & Bobot'!X15="","",IFERROR(((O$7-'2.1 Data FSVA 2025 & Bobot'!X15))/(O$7-O$6),"-")) | P19: =IF('2.1 Data FSVA 2025 & Bobot'!Z15="","",IFERROR((('2.1 Data FSVA 2025 & Bobot'!Z15-P$6))/(P$7-P$6),"-")) | Q19: =IF('2.1 Data FSVA 2025 & Bobot'!AB15="","",IFERROR((('2.1 Data FSVA 2025 & Bobot'!AB15-Q$6))/(Q$7-Q$6),"-")) | R19: =IF('2.1 Data FSVA 2025 & Bobot'!AD15="","",IFERROR(((R$7-'2.1 Data FSVA 2025 & Bobot'!AD15))/(R$7-R$6),"-")) | S19: =IFERROR(($G$2*G19)+($H$2*H19)+($I$2*I19)+($J$2*J19)+($K$2*K19)+($L$2*L19)+($M$2*M19)+($N$2*N19)+($O$2*O19)+($P$2*P19)+($Q$2*Q19)+($R$2*R19),"-") -> - | T19: =(IF(S19="-","-",IF(S19<=$X$11,1,IF(S19<=$X$12,2,IF(S19<=$X$13,3,IF(S19<=$X$14,4,IF(S19<=$X$15,5,6))))))) -> - | U19: =IFERROR(100*S19,"-") -> - | V19: =IFERROR(RANK(U19,$U$11:$U$704,0),"-") -> -
A20: =IF('2.1 Data FSVA 2025 & Bobot'!A16="","",'2.1 Data FSVA 2025 & Bobot'!A16) | B20: =IF('2.1 Data FSVA 2025 & Bobot'!B16="","",'2.1 Data FSVA 2025 & Bobot'!B16) | C20: =IF('2.1 Data FSVA 2025 & Bobot'!C16="","",'2.1 Data FSVA 2025 & Bobot'!C16) | D20: =IF('2.1 Data FSVA 2025 & Bobot'!D16="","",'2.1 Data FSVA 2025 & Bobot'!D16) | E20: =IF('2.1 Data FSVA 2025 & Bobot'!E16="","",'2.1 Data FSVA 2025 & Bobot'!E16) | F20: =IF('2.1 Data FSVA 2025 & Bobot'!F16="","",'2.1 Data FSVA 2025 & Bobot'!F16) | G20: =IF('2.1 Data FSVA 2025 & Bobot'!H16="","",IFERROR(((G$7-'2.1 Data FSVA 2025 & Bobot'!H16))/(G$7-G$6),"-")) | H20: =IF('2.1 Data FSVA 2025 & Bobot'!J16="","",IFERROR((('2.1 Data FSVA 2025 & Bobot'!J16-H$6))/(H$7-H$6),"-")) | I20: =IF('2.1 Data FSVA 2025 & Bobot'!L16="","",IFERROR((('2.1 Data FSVA 2025 & Bobot'!L16-I$6))/(I$7-I$6),"-")) | J20: =IF('2.1 Data FSVA 2025 & Bobot'!N16="","",IFERROR((('2.1 Data FSVA 2025 & Bobot'!N16-J$6))/(J$7-J$6),"-")) | K20: =IF('2.1 Data FSVA 2025 & Bobot'!P16="","",IFERROR(((K$7-'2.1 Data FSVA 2025 & Bobot'!P16))/(K$7-K$6),"-")) | L20: =IF('2.1 Data FSVA 2025 & Bobot'!R16="","",IFERROR(((L$7-'2.1 Data FSVA 2025 & Bobot'!R16))/(L$7-L$6),"-")) | M20: =IF('2.1 Data FSVA 2025 & Bobot'!T16="","",IFERROR(((M$7-'2.1 Data FSVA 2025 & Bobot'!T16))/(M$7-M$6),"-")) | N20: =IF('2.1 Data FSVA 2025 & Bobot'!V16="","",IFERROR((('2.1 Data FSVA 2025 & Bobot'!V16-N$6))/(N$7-N$6),"-")) | O20: =IF('2.1 Data FSVA 2025 & Bobot'!X16="","",IFERROR(((O$7-'2.1 Data FSVA 2025 & Bobot'!X16))/(O$7-O$6),"-")) | P20: =IF('2.1 Data FSVA 2025 & Bobot'!Z16="","",IFERROR((('2.1 Data FSVA 2025 & Bobot'!Z16-P$6))/(P$7-P$6),"-")) | Q20: =IF('2.1 Data FSVA 2025 & Bobot'!AB16="","",IFERROR((('2.1 Data FSVA 2025 & Bobot'!AB16-Q$6))/(Q$7-Q$6),"-")) | R20: =IF('2.1 Data FSVA 2025 & Bobot'!AD16="","",IFERROR(((R$7-'2.1 Data FSVA 2025 & Bobot'!AD16))/(R$7-R$6),"-")) | S20: =IFERROR(($G$2*G20)+($H$2*H20)+($I$2*I20)+($J$2*J20)+($K$2*K20)+($L$2*L20)+($M$2*M20)+($N$2*N20)+($O$2*O20)+($P$2*P20)+($Q$2*Q20)+($R$2*R20),"-") -> - | T20: =(IF(S20="-","-",IF(S20<=$X$11,1,IF(S20<=$X$12,2,IF(S20<=$X$13,3,IF(S20<=$X$14,4,IF(S20<=$X$15,5,6))))))) -> - | U20: =IFERROR(100*S20,"-") -> - | V20: =IFERROR(RANK(U20,$U$11:$U$704,0),"-") -> -
A21: =IF('2.1 Data FSVA 2025 & Bobot'!A17="","",'2.1 Data FSVA 2025 & Bobot'!A17) | B21: =IF('2.1 Data FSVA 2025 & Bobot'!B17="","",'2.1 Data FSVA 2025 & Bobot'!B17) | C21: =IF('2.1 Data FSVA 2025 & Bobot'!C17="","",'2.1 Data FSVA 2025 & Bobot'!C17) | D21: =IF('2.1 Data FSVA 2025 & Bobot'!D17="","",'2.1 Data FSVA 2025 & Bobot'!D17) | E21: =IF('2.1 Data FSVA 2025 & Bobot'!E17="","",'2.1 Data FSVA 2025 & Bobot'!E17) | F21: =IF('2.1 Data FSVA 2025 & Bobot'!F17="","",'2.1 Data FSVA 2025 & Bobot'!F17) | G21: =IF('2.1 Data FSVA 2025 & Bobot'!H17="","",IFERROR(((G$7-'2.1 Data FSVA 2025 & Bobot'!H17))/(G$7-G$6),"-")) | H21: =IF('2.1 Data FSVA 2025 & Bobot'!J17="","",IFERROR((('2.1 Data FSVA 2025 & Bobot'!J17-H$6))/(H$7-H$6),"-")) | I21: =IF('2.1 Data FSVA 2025 & Bobot'!L17="","",IFERROR((('2.1 Data FSVA 2025 & Bobot'!L17-I$6))/(I$7-I$6),"-")) | J21: =IF('2.1 Data FSVA 2025 & Bobot'!N17="","",IFERROR((('2.1 Data FSVA 2025 & Bobot'!N17-J$6))/(J$7-J$6),"-")) | K21: =IF('2.1 Data FSVA 2025 & Bobot'!P17="","",IFERROR(((K$7-'2.1 Data FSVA 2025 & Bobot'!P17))/(K$7-K$6),"-")) | L21: =IF('2.1 Data FSVA 2025 & Bobot'!R17="","",IFERROR(((L$7-'2.1 Data FSVA 2025 & Bobot'!R17))/(L$7-L$6),"-")) | M21: =IF('2.1 Data FSVA 2025 & Bobot'!T17="","",IFERROR(((M$7-'2.1 Data FSVA 2025 & Bobot'!T17))/(M$7-M$6),"-")) | N21: =IF('2.1 Data FSVA 2025 & Bobot'!V17="","",IFERROR((('2.1 Data FSVA 2025 & Bobot'!V17-N$6))/(N$7-N$6),"-")) | O21: =IF('2.1 Data FSVA 2025 & Bobot'!X17="","",IFERROR(((O$7-'2.1 Data FSVA 2025 & Bobot'!X17))/(O$7-O$6),"-")) | P21: =IF('2.1 Data FSVA 2025 & Bobot'!Z17="","",IFERROR((('2.1 Data FSVA 2025 & Bobot'!Z17-P$6))/(P$7-P$6),"-")) | Q21: =IF('2.1 Data FSVA 2025 & Bobot'!AB17="","",IFERROR((('2.1 Data FSVA 2025 & Bobot'!AB17-Q$6))/(Q$7-Q$6),"-")) | R21: =IF('2.1 Data FSVA 2025 & Bobot'!AD17="","",IFERROR(((R$7-'2.1 Data FSVA 2025 & Bobot'!AD17))/(R$7-R$6),"-")) | S21: =IFERROR(($G$2*G21)+($H$2*H21)+($I$2*I21)+($J$2*J21)+($K$2*K21)+($L$2*L21)+($M$2*M21)+($N$2*N21)+($O$2*O21)+($P$2*P21)+($Q$2*Q21)+($R$2*R21),"-") -> - | T21: =(IF(S21="-","-",IF(S21<=$X$11,1,IF(S21<=$X$12,2,IF(S21<=$X$13,3,IF(S21<=$X$14,4,IF(S21<=$X$15,5,6))))))) -> - | U21: =IFERROR(100*S21,"-") -> - | V21: =IFERROR(RANK(U21,$U$11:$U$704,0),"-") -> -
A22: =IF('2.1 Data FSVA 2025 & Bobot'!A18="","",'2.1 Data FSVA 2025 & Bobot'!A18) | B22: =IF('2.1 Data FSVA 2025 & Bobot'!B18="","",'2.1 Data FSVA 2025 & Bobot'!B18) | C22: =IF('2.1 Data FSVA 2025 & Bobot'!C18="","",'2.1 Data FSVA 2025 & Bobot'!C18) | D22: =IF('2.1 Data FSVA 2025 & Bobot'!D18="","",'2.1 Data FSVA 2025 & Bobot'!D18) | E22: =IF('2.1 Data FSVA 2025 & Bobot'!E18="","",'2.1 Data FSVA 2025 & Bobot'!E18) | F22: =IF('2.1 Data FSVA 2025 & Bobot'!F18="","",'2.1 Data FSVA 2025 & Bobot'!F18) | G22: =IF('2.1 Data FSVA 2025 & Bobot'!H18="","",IFERROR(((G$7-'2.1 Data FSVA 2025 & Bobot'!H18))/(G$7-G$6),"-")) | H22: =IF('2.1 Data FSVA 2025 & Bobot'!J18="","",IFERROR((('2.1 Data FSVA 2025 & Bobot'!J18-H$6))/(H$7-H$6),"-")) | I22: =IF('2.1 Data FSVA 2025 & Bobot'!L18="","",IFERROR((('2.1 Data FSVA 2025 & Bobot'!L18-I$6))/(I$7-I$6),"-")) | J22: =IF('2.1 Data FSVA 2025 & Bobot'!N18="","",IFERROR((('2.1 Data FSVA 2025 & Bobot'!N18-J$6))/(J$7-J$6),"-")) | K22: =IF('2.1 Data FSVA 2025 & Bobot'!P18="","",IFERROR(((K$7-'2.1 Data FSVA 2025 & Bobot'!P18))/(K$7-K$6),"-")) | L22: =IF('2.1 Data FSVA 2025 & Bobot'!R18="","",IFERROR(((L$7-'2.1 Data FSVA 2025 & Bobot'!R18))/(L$7-L$6),"-")) | M22: =IF('2.1 Data FSVA 2025 & Bobot'!T18="","",IFERROR(((M$7-'2.1 Data FSVA 2025 & Bobot'!T18))/(M$7-M$6),"-")) | N22: =IF('2.1 Data FSVA 2025 & Bobot'!V18="","",IFERROR((('2.1 Data FSVA 2025 & Bobot'!V18-N$6))/(N$7-N$6),"-")) | O22: =IF('2.1 Data FSVA 2025 & Bobot'!X18="","",IFERROR(((O$7-'2.1 Data FSVA 2025 & Bobot'!X18))/(O$7-O$6),"-")) | P22: =IF('2.1 Data FSVA 2025 & Bobot'!Z18="","",IFERROR((('2.1 Data FSVA 2025 & Bobot'!Z18-P$6))/(P$7-P$6),"-")) | Q22: =IF('2.1 Data FSVA 2025 & Bobot'!AB18="","",IFERROR((('2.1 Data FSVA 2025 & Bobot'!AB18-Q$6))/(Q$7-Q$6),"-")) | R22: =IF('2.1 Data FSVA 2025 & Bobot'!AD18="","",IFERROR(((R$7-'2.1 Data FSVA 2025 & Bobot'!AD18))/(R$7-R$6),"-")) | S22: =IFERROR(($G$2*G22)+($H$2*H22)+($I$2*I22)+($J$2*J22)+($K$2*K22)+($L$2*L22)+($M$2*M22)+($N$2*N22)+($O$2*O22)+($P$2*P22)+($Q$2*Q22)+($R$2*R22),"-") -> - | T22: =(IF(S22="-","-",IF(S22<=$X$11,1,IF(S22<=$X$12,2,IF(S22<=$X$13,3,IF(S22<=$X$14,4,IF(S22<=$X$15,5,6))))))) -> - | U22: =IFERROR(100*S22,"-") -> - | V22: =IFERROR(RANK(U22,$U$11:$U$704,0),"-") -> - | X22: Keterangan:
A23: =IF('2.1 Data FSVA 2025 & Bobot'!A19="","",'2.1 Data FSVA 2025 & Bobot'!A19) | B23: =IF('2.1 Data FSVA 2025 & Bobot'!B19="","",'2.1 Data FSVA 2025 & Bobot'!B19) | C23: =IF('2.1 Data FSVA 2025 & Bobot'!C19="","",'2.1 Data FSVA 2025 & Bobot'!C19) | D23: =IF('2.1 Data FSVA 2025 & Bobot'!D19="","",'2.1 Data FSVA 2025 & Bobot'!D19) | E23: =IF('2.1 Data FSVA 2025 & Bobot'!E19="","",'2.1 Data FSVA 2025 & Bobot'!E19) | F23: =IF('2.1 Data FSVA 2025 & Bobot'!F19="","",'2.1 Data FSVA 2025 & Bobot'!F19) | G23: =IF('2.1 Data FSVA 2025 & Bobot'!H19="","",IFERROR(((G$7-'2.1 Data FSVA 2025 & Bobot'!H19))/(G$7-G$6),"-")) | H23: =IF('2.1 Data FSVA 2025 & Bobot'!J19="","",IFERROR((('2.1 Data FSVA 2025 & Bobot'!J19-H$6))/(H$7-H$6),"-")) | I23: =IF('2.1 Data FSVA 2025 & Bobot'!L19="","",IFERROR((('2.1 Data FSVA 2025 & Bobot'!L19-I$6))/(I$7-I$6),"-")) | J23: =IF('2.1 Data FSVA 2025 & Bobot'!N19="","",IFERROR((('2.1 Data FSVA 2025 & Bobot'!N19-J$6))/(J$7-J$6),"-")) | K23: =IF('2.1 Data FSVA 2025 & Bobot'!P19="","",IFERROR(((K$7-'2.1 Data FSVA 2025 & Bobot'!P19))/(K$7-K$6),"-")) | L23: =IF('2.1 Data FSVA 2025 & Bobot'!R19="","",IFERROR(((L$7-'2.1 Data FSVA 2025 & Bobot'!R19))/(L$7-L$6),"-")) | M23: =IF('2.1 Data FSVA 2025 & Bobot'!T19="","",IFERROR(((M$7-'2.1 Data FSVA 2025 & Bobot'!T19))/(M$7-M$6),"-")) | N23: =IF('2.1 Data FSVA 2025 & Bobot'!V19="","",IFERROR((('2.1 Data FSVA 2025 & Bobot'!V19-N$6))/(N$7-N$6),"-")) | O23: =IF('2.1 Data FSVA 2025 & Bobot'!X19="","",IFERROR(((O$7-'2.1 Data FSVA 2025 & Bobot'!X19))/(O$7-O$6),"-")) | P23: =IF('2.1 Data FSVA 2025 & Bobot'!Z19="","",IFERROR((('2.1 Data FSVA 2025 & Bobot'!Z19-P$6))/(P$7-P$6),"-")) | Q23: =IF('2.1 Data FSVA 2025 & Bobot'!AB19="","",IFERROR((('2.1 Data FSVA 2025 & Bobot'!AB19-Q$6))/(Q$7-Q$6),"-")) | R23: =IF('2.1 Data FSVA 2025 & Bobot'!AD19="","",IFERROR(((R$7-'2.1 Data FSVA 2025 & Bobot'!AD19))/(R$7-R$6),"-")) | S23: =IFERROR(($G$2*G23)+($H$2*H23)+($I$2*I23)+($J$2*J23)+($K$2*K23)+($L$2*L23)+($M$2*M23)+($N$2*N23)+($O$2*O23)+($P$2*P23)+($Q$2*Q23)+($R$2*R23),"-") -> - | T23: =(IF(S23="-","-",IF(S23<=$X$11,1,IF(S23<=$X$12,2,IF(S23<=$X$13,3,IF(S23<=$X$14,4,IF(S23<=$X$15,5,6))))))) -> - | U23: =IFERROR(100*S23,"-") -> - | V23: =IFERROR(RANK(U23,$U$11:$U$704,0),"-") -> - | X23: 1. Sebelum menghitung Skor Komposit masing-masing wilayah, terlebih dahulu dilakukan normalisasi dan penyamaan arah dengan menggunakan min max scale
A24: =IF('2.1 Data FSVA 2025 & Bobot'!A20="","",'2.1 Data FSVA 2025 & Bobot'!A20) | B24: =IF('2.1 Data FSVA 2025 & Bobot'!B20="","",'2.1 Data FSVA 2025 & Bobot'!B20) | C24: =IF('2.1 Data FSVA 2025 & Bobot'!C20="","",'2.1 Data FSVA 2025 & Bobot'!C20) | D24: =IF('2.1 Data FSVA 2025 & Bobot'!D20="","",'2.1 Data FSVA 2025 & Bobot'!D20) | E24: =IF('2.1 Data FSVA 2025 & Bobot'!E20="","",'2.1 Data FSVA 2025 & Bobot'!E20) | F24: =IF('2.1 Data FSVA 2025 & Bobot'!F20="","",'2.1 Data FSVA 2025 & Bobot'!F20) | G24: =IF('2.1 Data FSVA 2025 & Bobot'!H20="","",IFERROR(((G$7-'2.1 Data FSVA 2025 & Bobot'!H20))/(G$7-G$6),"-")) | H24: =IF('2.1 Data FSVA 2025 & Bobot'!J20="","",IFERROR((('2.1 Data FSVA 2025 & Bobot'!J20-H$6))/(H$7-H$6),"-")) | I24: =IF('2.1 Data FSVA 2025 & Bobot'!L20="","",IFERROR((('2.1 Data FSVA 2025 & Bobot'!L20-I$6))/(I$7-I$6),"-")) | J24: =IF('2.1 Data FSVA 2025 & Bobot'!N20="","",IFERROR((('2.1 Data FSVA 2025 & Bobot'!N20-J$6))/(J$7-J$6),"-")) | K24: =IF('2.1 Data FSVA 2025 & Bobot'!P20="","",IFERROR(((K$7-'2.1 Data FSVA 2025 & Bobot'!P20))/(K$7-K$6),"-")) | L24: =IF('2.1 Data FSVA 2025 & Bobot'!R20="","",IFERROR(((L$7-'2.1 Data FSVA 2025 & Bobot'!R20))/(L$7-L$6),"-")) | M24: =IF('2.1 Data FSVA 2025 & Bobot'!T20="","",IFERROR(((M$7-'2.1 Data FSVA 2025 & Bobot'!T20))/(M$7-M$6),"-")) | N24: =IF('2.1 Data FSVA 2025 & Bobot'!V20="","",IFERROR((('2.1 Data FSVA 2025 & Bobot'!V20-N$6))/(N$7-N$6),"-")) | O24: =IF('2.1 Data FSVA 2025 & Bobot'!X20="","",IFERROR(((O$7-'2.1 Data FSVA 2025 & Bobot'!X20))/(O$7-O$6),"-")) | P24: =IF('2.1 Data FSVA 2025 & Bobot'!Z20="","",IFERROR((('2.1 Data FSVA 2025 & Bobot'!Z20-P$6))/(P$7-P$6),"-")) | Q24: =IF('2.1 Data FSVA 2025 & Bobot'!AB20="","",IFERROR((('2.1 Data FSVA 2025 & Bobot'!AB20-Q$6))/(Q$7-Q$6),"-")) | R24: =IF('2.1 Data FSVA 2025 & Bobot'!AD20="","",IFERROR(((R$7-'2.1 Data FSVA 2025 & Bobot'!AD20))/(R$7-R$6),"-")) | S24: =IFERROR(($G$2*G24)+($H$2*H24)+($I$2*I24)+($J$2*J24)+($K$2*K24)+($L$2*L24)+($M$2*M24)+($N$2*N24)+($O$2*O24)+($P$2*P24)+($Q$2*Q24)+($R$2*R24),"-") -> - | T24: =(IF(S24="-","-",IF(S24<=$X$11,1,IF(S24<=$X$12,2,IF(S24<=$X$13,3,IF(S24<=$X$14,4,IF(S24<=$X$15,5,6))))))) -> - | U24: =IFERROR(100*S24,"-") -> - | V24: =IFERROR(RANK(U24,$U$11:$U$704,0),"-") -> - | X24: 2. Skor Komposit masing-masing wilayah diperoleh dengan cara melakukan penjumlahan terhadap hasil kali Bobot Indikator dengan Nilai Indikator yang sudah dinormalisasikan
A25: =IF('2.1 Data FSVA 2025 & Bobot'!A21="","",'2.1 Data FSVA 2025 & Bobot'!A21) | B25: =IF('2.1 Data FSVA 2025 & Bobot'!B21="","",'2.1 Data FSVA 2025 & Bobot'!B21) | C25: =IF('2.1 Data FSVA 2025 & Bobot'!C21="","",'2.1 Data FSVA 2025 & Bobot'!C21) | D25: =IF('2.1 Data FSVA 2025 & Bobot'!D21="","",'2.1 Data FSVA 2025 & Bobot'!D21) | E25: =IF('2.1 Data FSVA 2025 & Bobot'!E21="","",'2.1 Data FSVA 2025 & Bobot'!E21) | F25: =IF('2.1 Data FSVA 2025 & Bobot'!F21="","",'2.1 Data FSVA 2025 & Bobot'!F21) | G25: =IF('2.1 Data FSVA 2025 & Bobot'!H21="","",IFERROR(((G$7-'2.1 Data FSVA 2025 & Bobot'!H21))/(G$7-G$6),"-")) | H25: =IF('2.1 Data FSVA 2025 & Bobot'!J21="","",IFERROR((('2.1 Data FSVA 2025 & Bobot'!J21-H$6))/(H$7-H$6),"-")) | I25: =IF('2.1 Data FSVA 2025 & Bobot'!L21="","",IFERROR((('2.1 Data FSVA 2025 & Bobot'!L21-I$6))/(I$7-I$6),"-")) | J25: =IF('2.1 Data FSVA 2025 & Bobot'!N21="","",IFERROR((('2.1 Data FSVA 2025 & Bobot'!N21-J$6))/(J$7-J$6),"-")) | K25: =IF('2.1 Data FSVA 2025 & Bobot'!P21="","",IFERROR(((K$7-'2.1 Data FSVA 2025 & Bobot'!P21))/(K$7-K$6),"-")) | L25: =IF('2.1 Data FSVA 2025 & Bobot'!R21="","",IFERROR(((L$7-'2.1 Data FSVA 2025 & Bobot'!R21))/(L$7-L$6),"-")) | M25: =IF('2.1 Data FSVA 2025 & Bobot'!T21="","",IFERROR(((M$7-'2.1 Data FSVA 2025 & Bobot'!T21))/(M$7-M$6),"-")) | N25: =IF('2.1 Data FSVA 2025 & Bobot'!V21="","",IFERROR((('2.1 Data FSVA 2025 & Bobot'!V21-N$6))/(N$7-N$6),"-")) | O25: =IF('2.1 Data FSVA 2025 & Bobot'!X21="","",IFERROR(((O$7-'2.1 Data FSVA 2025 & Bobot'!X21))/(O$7-O$6),"-")) | P25: =IF('2.1 Data FSVA 2025 & Bobot'!Z21="","",IFERROR((('2.1 Data FSVA 2025 & Bobot'!Z21-P$6))/(P$7-P$6),"-")) | Q25: =IF('2.1 Data FSVA 2025 & Bobot'!AB21="","",IFERROR((('2.1 Data FSVA 2025 & Bobot'!AB21-Q$6))/(Q$7-Q$6),"-")) | R25: =IF('2.1 Data FSVA 2025 & Bobot'!AD21="","",IFERROR(((R$7-'2.1 Data FSVA 2025 & Bobot'!AD21))/(R$7-R$6),"-")) | S25: =IFERROR(($G$2*G25)+($H$2*H25)+($I$2*I25)+($J$2*J25)+($K$2*K25)+($L$2*L25)+($M$2*M25)+($N$2*N25)+($O$2*O25)+($P$2*P25)+($Q$2*Q25)+($R$2*R25),"-") -> - | T25: =(IF(S25="-","-",IF(S25<=$X$11,1,IF(S25<=$X$12,2,IF(S25<=$X$13,3,IF(S25<=$X$14,4,IF(S25<=$X$15,5,6))))))) -> - | U25: =IFERROR(100*S25,"-") -> - | V25: =IFERROR(RANK(U25,$U$11:$U$704,0),"-") -> - | X25: 3. Skor Komposit yang dihasilkan disebut juga Indeks Ketahanan Pangan (IKP)
A26: =IF('2.1 Data FSVA 2025 & Bobot'!A22="","",'2.1 Data FSVA 2025 & Bobot'!A22) | B26: =IF('2.1 Data FSVA 2025 & Bobot'!B22="","",'2.1 Data FSVA 2025 & Bobot'!B22) | C26: =IF('2.1 Data FSVA 2025 & Bobot'!C22="","",'2.1 Data FSVA 2025 & Bobot'!C22) | D26: =IF('2.1 Data FSVA 2025 & Bobot'!D22="","",'2.1 Data FSVA 2025 & Bobot'!D22) | E26: =IF('2.1 Data FSVA 2025 & Bobot'!E22="","",'2.1 Data FSVA 2025 & Bobot'!E22) | F26: =IF('2.1 Data FSVA 2025 & Bobot'!F22="","",'2.1 Data FSVA 2025 & Bobot'!F22) | G26: =IF('2.1 Data FSVA 2025 & Bobot'!H22="","",IFERROR(((G$7-'2.1 Data FSVA 2025 & Bobot'!H22))/(G$7-G$6),"-")) | H26: =IF('2.1 Data FSVA 2025 & Bobot'!J22="","",IFERROR((('2.1 Data FSVA 2025 & Bobot'!J22-H$6))/(H$7-H$6),"-")) | I26: =IF('2.1 Data FSVA 2025 & Bobot'!L22="","",IFERROR((('2.1 Data FSVA 2025 & Bobot'!L22-I$6))/(I$7-I$6),"-")) | J26: =IF('2.1 Data FSVA 2025 & Bobot'!N22="","",IFERROR((('2.1 Data FSVA 2025 & Bobot'!N22-J$6))/(J$7-J$6),"-")) | K26: =IF('2.1 Data FSVA 2025 & Bobot'!P22="","",IFERROR(((K$7-'2.1 Data FSVA 2025 & Bobot'!P22))/(K$7-K$6),"-")) | L26: =IF('2.1 Data FSVA 2025 & Bobot'!R22="","",IFERROR(((L$7-'2.1 Data FSVA 2025 & Bobot'!R22))/(L$7-L$6),"-")) | M26: =IF('2.1 Data FSVA 2025 & Bobot'!T22="","",IFERROR(((M$7-'2.1 Data FSVA 2025 & Bobot'!T22))/(M$7-M$6),"-")) | N26: =IF('2.1 Data FSVA 2025 & Bobot'!V22="","",IFERROR((('2.1 Data FSVA 2025 & Bobot'!V22-N$6))/(N$7-N$6),"-")) | O26: =IF('2.1 Data FSVA 2025 & Bobot'!X22="","",IFERROR(((O$7-'2.1 Data FSVA 2025 & Bobot'!X22))/(O$7-O$6),"-")) | P26: =IF('2.1 Data FSVA 2025 & Bobot'!Z22="","",IFERROR((('2.1 Data FSVA 2025 & Bobot'!Z22-P$6))/(P$7-P$6),"-")) | Q26: =IF('2.1 Data FSVA 2025 & Bobot'!AB22="","",IFERROR((('2.1 Data FSVA 2025 & Bobot'!AB22-Q$6))/(Q$7-Q$6),"-")) | R26: =IF('2.1 Data FSVA 2025 & Bobot'!AD22="","",IFERROR(((R$7-'2.1 Data FSVA 2025 & Bobot'!AD22))/(R$7-R$6),"-")) | S26: =IFERROR(($G$2*G26)+($H$2*H26)+($I$2*I26)+($J$2*J26)+($K$2*K26)+($L$2*L26)+($M$2*M26)+($N$2*N26)+($O$2*O26)+($P$2*P26)+($Q$2*Q26)+($R$2*R26),"-") -> - | T26: =(IF(S26="-","-",IF(S26<=$X$11,1,IF(S26<=$X$12,2,IF(S26<=$X$13,3,IF(S26<=$X$14,4,IF(S26<=$X$15,5,6))))))) -> - | U26: =IFERROR(100*S26,"-") -> - | V26: =IFERROR(RANK(U26,$U$11:$U$704,0),"-") -> - | X26: 4. Hasil Skor Komposit Min Max masing-masing wilayah kemudian dikelompokkan ke dalam Prioritas Komposit berdasarkan Cut Off Point Skor Komposit Min Max
A27: =IF('2.1 Data FSVA 2025 & Bobot'!A23="","",'2.1 Data FSVA 2025 & Bobot'!A23) | B27: =IF('2.1 Data FSVA 2025 & Bobot'!B23="","",'2.1 Data FSVA 2025 & Bobot'!B23) | C27: =IF('2.1 Data FSVA 2025 & Bobot'!C23="","",'2.1 Data FSVA 2025 & Bobot'!C23) | D27: =IF('2.1 Data FSVA 2025 & Bobot'!D23="","",'2.1 Data FSVA 2025 & Bobot'!D23) | E27: =IF('2.1 Data FSVA 2025 & Bobot'!E23="","",'2.1 Data FSVA 2025 & Bobot'!E23) | F27: =IF('2.1 Data FSVA 2025 & Bobot'!F23="","",'2.1 Data FSVA 2025 & Bobot'!F23) | G27: =IF('2.1 Data FSVA 2025 & Bobot'!H23="","",IFERROR(((G$7-'2.1 Data FSVA 2025 & Bobot'!H23))/(G$7-G$6),"-")) | H27: =IF('2.1 Data FSVA 2025 & Bobot'!J23="","",IFERROR((('2.1 Data FSVA 2025 & Bobot'!J23-H$6))/(H$7-H$6),"-")) | I27: =IF('2.1 Data FSVA 2025 & Bobot'!L23="","",IFERROR((('2.1 Data FSVA 2025 & Bobot'!L23-I$6))/(I$7-I$6),"-")) | J27: =IF('2.1 Data FSVA 2025 & Bobot'!N23="","",IFERROR((('2.1 Data FSVA 2025 & Bobot'!N23-J$6))/(J$7-J$6),"-")) | K27: =IF('2.1 Data FSVA 2025 & Bobot'!P23="","",IFERROR(((K$7-'2.1 Data FSVA 2025 & Bobot'!P23))/(K$7-K$6),"-")) | L27: =IF('2.1 Data FSVA 2025 & Bobot'!R23="","",IFERROR(((L$7-'2.1 Data FSVA 2025 & Bobot'!R23))/(L$7-L$6),"-")) | M27: =IF('2.1 Data FSVA 2025 & Bobot'!T23="","",IFERROR(((M$7-'2.1 Data FSVA 2025 & Bobot'!T23))/(M$7-M$6),"-")) | N27: =IF('2.1 Data FSVA 2025 & Bobot'!V23="","",IFERROR((('2.1 Data FSVA 2025 & Bobot'!V23-N$6))/(N$7-N$6),"-")) | O27: =IF('2.1 Data FSVA 2025 & Bobot'!X23="","",IFERROR(((O$7-'2.1 Data FSVA 2025 & Bobot'!X23))/(O$7-O$6),"-")) | P27: =IF('2.1 Data FSVA 2025 & Bobot'!Z23="","",IFERROR((('2.1 Data FSVA 2025 & Bobot'!Z23-P$6))/(P$7-P$6),"-")) | Q27: =IF('2.1 Data FSVA 2025 & Bobot'!AB23="","",IFERROR((('2.1 Data FSVA 2025 & Bobot'!AB23-Q$6))/(Q$7-Q$6),"-")) | R27: =IF('2.1 Data FSVA 2025 & Bobot'!AD23="","",IFERROR(((R$7-'2.1 Data FSVA 2025 & Bobot'!AD23))/(R$7-R$6),"-")) | S27: =IFERROR(($G$2*G27)+($H$2*H27)+($I$2*I27)+($J$2*J27)+($K$2*K27)+($L$2*L27)+($M$2*M27)+($N$2*N27)+($O$2*O27)+($P$2*P27)+($Q$2*Q27)+($R$2*R27),"-") -> - | T27: =(IF(S27="-","-",IF(S27<=$X$11,1,IF(S27<=$X$12,2,IF(S27<=$X$13,3,IF(S27<=$X$14,4,IF(S27<=$X$15,5,6))))))) -> - | U27: =IFERROR(100*S27,"-") -> - | V27: =IFERROR(RANK(U27,$U$11:$U$704,0),"-") -> - | X27: 5. Prioritas Komposit merupakan prioritas suatu wilayah (kabupaten/kota) berdasarkan rangkuman dua belas indikator individu yang digunakan
A28: =IF('2.1 Data FSVA 2025 & Bobot'!A24="","",'2.1 Data FSVA 2025 & Bobot'!A24) | B28: =IF('2.1 Data FSVA 2025 & Bobot'!B24="","",'2.1 Data FSVA 2025 & Bobot'!B24) | C28: =IF('2.1 Data FSVA 2025 & Bobot'!C24="","",'2.1 Data FSVA 2025 & Bobot'!C24) | D28: =IF('2.1 Data FSVA 2025 & Bobot'!D24="","",'2.1 Data FSVA 2025 & Bobot'!D24) | E28: =IF('2.1 Data FSVA 2025 & Bobot'!E24="","",'2.1 Data FSVA 2025 & Bobot'!E24) | F28: =IF('2.1 Data FSVA 2025 & Bobot'!F24="","",'2.1 Data FSVA 2025 & Bobot'!F24) | G28: =IF('2.1 Data FSVA 2025 & Bobot'!H24="","",IFERROR(((G$7-'2.1 Data FSVA 2025 & Bobot'!H24))/(G$7-G$6),"-")) | H28: =IF('2.1 Data FSVA 2025 & Bobot'!J24="","",IFERROR((('2.1 Data FSVA 2025 & Bobot'!J24-H$6))/(H$7-H$6),"-")) | I28: =IF('2.1 Data FSVA 2025 & Bobot'!L24="","",IFERROR((('2.1 Data FSVA 2025 & Bobot'!L24-I$6))/(I$7-I$6),"-")) | J28: =IF('2.1 Data FSVA 2025 & Bobot'!N24="","",IFERROR((('2.1 Data FSVA 2025 & Bobot'!N24-J$6))/(J$7-J$6),"-")) | K28: =IF('2.1 Data FSVA 2025 & Bobot'!P24="","",IFERROR(((K$7-'2.1 Data FSVA 2025 & Bobot'!P24))/(K$7-K$6),"-")) | L28: =IF('2.1 Data FSVA 2025 & Bobot'!R24="","",IFERROR(((L$7-'2.1 Data FSVA 2025 & Bobot'!R24))/(L$7-L$6),"-")) | M28: =IF('2.1 Data FSVA 2025 & Bobot'!T24="","",IFERROR(((M$7-'2.1 Data FSVA 2025 & Bobot'!T24))/(M$7-M$6),"-")) | N28: =IF('2.1 Data FSVA 2025 & Bobot'!V24="","",IFERROR((('2.1 Data FSVA 2025 & Bobot'!V24-N$6))/(N$7-N$6),"-")) | O28: =IF('2.1 Data FSVA 2025 & Bobot'!X24="","",IFERROR(((O$7-'2.1 Data FSVA 2025 & Bobot'!X24))/(O$7-O$6),"-")) | P28: =IF('2.1 Data FSVA 2025 & Bobot'!Z24="","",IFERROR((('2.1 Data FSVA 2025 & Bobot'!Z24-P$6))/(P$7-P$6),"-")) | Q28: =IF('2.1 Data FSVA 2025 & Bobot'!AB24="","",IFERROR((('2.1 Data FSVA 2025 & Bobot'!AB24-Q$6))/(Q$7-Q$6),"-")) | R28: =IF('2.1 Data FSVA 2025 & Bobot'!AD24="","",IFERROR(((R$7-'2.1 Data FSVA 2025 & Bobot'!AD24))/(R$7-R$6),"-")) | S28: =IFERROR(($G$2*G28)+($H$2*H28)+($I$2*I28)+($J$2*J28)+($K$2*K28)+($L$2*L28)+($M$2*M28)+($N$2*N28)+($O$2*O28)+($P$2*P28)+($Q$2*Q28)+($R$2*R28),"-") -> - | T28: =(IF(S28="-","-",IF(S28<=$X$11,1,IF(S28<=$X$12,2,IF(S28<=$X$13,3,IF(S28<=$X$14,4,IF(S28<=$X$15,5,6))))))) -> - | U28: =IFERROR(100*S28,"-") -> - | V28: =IFERROR(RANK(U28,$U$11:$U$704,0),"-") -> - | X28: 6. Hasil prioritas komposit kabupaten/kota jika dipetakan akan menjadi peta yang biasa kita sebut sebagai Peta Ketahanan dan Kerentanan Pangan (FSVA)
A29: =IF('2.1 Data FSVA 2025 & Bobot'!A25="","",'2.1 Data FSVA 2025 & Bobot'!A25) | B29: =IF('2.1 Data FSVA 2025 & Bobot'!B25="","",'2.1 Data FSVA 2025 & Bobot'!B25) | C29: =IF('2.1 Data FSVA 2025 & Bobot'!C25="","",'2.1 Data FSVA 2025 & Bobot'!C25) | D29: =IF('2.1 Data FSVA 2025 & Bobot'!D25="","",'2.1 Data FSVA 2025 & Bobot'!D25) | E29: =IF('2.1 Data FSVA 2025 & Bobot'!E25="","",'2.1 Data FSVA 2025 & Bobot'!E25) | F29: =IF('2.1 Data FSVA 2025 & Bobot'!F25="","",'2.1 Data FSVA 2025 & Bobot'!F25) | G29: =IF('2.1 Data FSVA 2025 & Bobot'!H25="","",IFERROR(((G$7-'2.1 Data FSVA 2025 & Bobot'!H25))/(G$7-G$6),"-")) | H29: =IF('2.1 Data FSVA 2025 & Bobot'!J25="","",IFERROR((('2.1 Data FSVA 2025 & Bobot'!J25-H$6))/(H$7-H$6),"-")) | I29: =IF('2.1 Data FSVA 2025 & Bobot'!L25="","",IFERROR((('2.1 Data FSVA 2025 & Bobot'!L25-I$6))/(I$7-I$6),"-")) | J29: =IF('2.1 Data FSVA 2025 & Bobot'!N25="","",IFERROR((('2.1 Data FSVA 2025 & Bobot'!N25-J$6))/(J$7-J$6),"-")) | K29: =IF('2.1 Data FSVA 2025 & Bobot'!P25="","",IFERROR(((K$7-'2.1 Data FSVA 2025 & Bobot'!P25))/(K$7-K$6),"-")) | L29: =IF('2.1 Data FSVA 2025 & Bobot'!R25="","",IFERROR(((L$7-'2.1 Data FSVA 2025 & Bobot'!R25))/(L$7-L$6),"-")) | M29: =IF('2.1 Data FSVA 2025 & Bobot'!T25="","",IFERROR(((M$7-'2.1 Data FSVA 2025 & Bobot'!T25))/(M$7-M$6),"-")) | N29: =IF('2.1 Data FSVA 2025 & Bobot'!V25="","",IFERROR((('2.1 Data FSVA 2025 & Bobot'!V25-N$6))/(N$7-N$6),"-")) | O29: =IF('2.1 Data FSVA 2025 & Bobot'!X25="","",IFERROR(((O$7-'2.1 Data FSVA 2025 & Bobot'!X25))/(O$7-O$6),"-")) | P29: =IF('2.1 Data FSVA 2025 & Bobot'!Z25="","",IFERROR((('2.1 Data FSVA 2025 & Bobot'!Z25-P$6))/(P$7-P$6),"-")) | Q29: =IF('2.1 Data FSVA 2025 & Bobot'!AB25="","",IFERROR((('2.1 Data FSVA 2025 & Bobot'!AB25-Q$6))/(Q$7-Q$6),"-")) | R29: =IF('2.1 Data FSVA 2025 & Bobot'!AD25="","",IFERROR(((R$7-'2.1 Data FSVA 2025 & Bobot'!AD25))/(R$7-R$6),"-")) | S29: =IFERROR(($G$2*G29)+($H$2*H29)+($I$2*I29)+($J$2*J29)+($K$2*K29)+($L$2*L29)+($M$2*M29)+($N$2*N29)+($O$2*O29)+($P$2*P29)+($Q$2*Q29)+($R$2*R29),"-") -> - | T29: =(IF(S29="-","-",IF(S29<=$X$11,1,IF(S29<=$X$12,2,IF(S29<=$X$13,3,IF(S29<=$X$14,4,IF(S29<=$X$15,5,6))))))) -> - | U29: =IFERROR(100*S29,"-") -> - | V29: =IFERROR(RANK(U29,$U$11:$U$704,0),"-") -> - | X29: 7. Prioritas komposit kabupaten/kota dibagi menjadi enam Prioritas. Prioritas 1 merupakan prioritas utama yang menggambarkan tingkat kerentanan wilayah yang paling tinggi
A30: =IF('2.1 Data FSVA 2025 & Bobot'!A26="","",'2.1 Data FSVA 2025 & Bobot'!A26) | B30: =IF('2.1 Data FSVA 2025 & Bobot'!B26="","",'2.1 Data FSVA 2025 & Bobot'!B26) | C30: =IF('2.1 Data FSVA 2025 & Bobot'!C26="","",'2.1 Data FSVA 2025 & Bobot'!C26) | D30: =IF('2.1 Data FSVA 2025 & Bobot'!D26="","",'2.1 Data FSVA 2025 & Bobot'!D26) | E30: =IF('2.1 Data FSVA 2025 & Bobot'!E26="","",'2.1 Data FSVA 2025 & Bobot'!E26) | F30: =IF('2.1 Data FSVA 2025 & Bobot'!F26="","",'2.1 Data FSVA 2025 & Bobot'!F26) | G30: =IF('2.1 Data FSVA 2025 & Bobot'!H26="","",IFERROR(((G$7-'2.1 Data FSVA 2025 & Bobot'!H26))/(G$7-G$6),"-")) | H30: =IF('2.1 Data FSVA 2025 & Bobot'!J26="","",IFERROR((('2.1 Data FSVA 2025 & Bobot'!J26-H$6))/(H$7-H$6),"-")) | I30: =IF('2.1 Data FSVA 2025 & Bobot'!L26="","",IFERROR((('2.1 Data FSVA 2025 & Bobot'!L26-I$6))/(I$7-I$6),"-")) | J30: =IF('2.1 Data FSVA 2025 & Bobot'!N26="","",IFERROR((('2.1 Data FSVA 2025 & Bobot'!N26-J$6))/(J$7-J$6),"-")) | K30: =IF('2.1 Data FSVA 2025 & Bobot'!P26="","",IFERROR(((K$7-'2.1 Data FSVA 2025 & Bobot'!P26))/(K$7-K$6),"-")) | L30: =IF('2.1 Data FSVA 2025 & Bobot'!R26="","",IFERROR(((L$7-'2.1 Data FSVA 2025 & Bobot'!R26))/(L$7-L$6),"-")) | M30: =IF('2.1 Data FSVA 2025 & Bobot'!T26="","",IFERROR(((M$7-'2.1 Data FSVA 2025 & Bobot'!T26))/(M$7-M$6),"-")) | N30: =IF('2.1 Data FSVA 2025 & Bobot'!V26="","",IFERROR((('2.1 Data FSVA 2025 & Bobot'!V26-N$6))/(N$7-N$6),"-")) | O30: =IF('2.1 Data FSVA 2025 & Bobot'!X26="","",IFERROR(((O$7-'2.1 Data FSVA 2025 & Bobot'!X26))/(O$7-O$6),"-")) | P30: =IF('2.1 Data FSVA 2025 & Bobot'!Z26="","",IFERROR((('2.1 Data FSVA 2025 & Bobot'!Z26-P$6))/(P$7-P$6),"-")) | Q30: =IF('2.1 Data FSVA 2025 & Bobot'!AB26="","",IFERROR((('2.1 Data FSVA 2025 & Bobot'!AB26-Q$6))/(Q$7-Q$6),"-")) | R30: =IF('2.1 Data FSVA 2025 & Bobot'!AD26="","",IFERROR(((R$7-'2.1 Data FSVA 2025 & Bobot'!AD26))/(R$7-R$6),"-")) | S30: =IFERROR(($G$2*G30)+($H$2*H30)+($I$2*I30)+($J$2*J30)+($K$2*K30)+($L$2*L30)+($M$2*M30)+($N$2*N30)+($O$2*O30)+($P$2*P30)+($Q$2*Q30)+($R$2*R30),"-") -> - | T30: =(IF(S30="-","-",IF(S30<=$X$11,1,IF(S30<=$X$12,2,IF(S30<=$X$13,3,IF(S30<=$X$14,4,IF(S30<=$X$15,5,6))))))) -> - | U30: =IFERROR(100*S30,"-") -> - | V30: =IFERROR(RANK(U30,$U$11:$U$704,0),"-") -> - | X30: 8. Sedangkan Prioritas 6 menunjukkan tingkat ketahanan pangan wilayah yang paling baik
A31: =IF('2.1 Data FSVA 2025 & Bobot'!A27="","",'2.1 Data FSVA 2025 & Bobot'!A27) | B31: =IF('2.1 Data FSVA 2025 & Bobot'!B27="","",'2.1 Data FSVA 2025 & Bobot'!B27) | C31: =IF('2.1 Data FSVA 2025 & Bobot'!C27="","",'2.1 Data FSVA 2025 & Bobot'!C27) | D31: =IF('2.1 Data FSVA 2025 & Bobot'!D27="","",'2.1 Data FSVA 2025 & Bobot'!D27) | E31: =IF('2.1 Data FSVA 2025 & Bobot'!E27="","",'2.1 Data FSVA 2025 & Bobot'!E27) | F31: =IF('2.1 Data FSVA 2025 & Bobot'!F27="","",'2.1 Data FSVA 2025 & Bobot'!F27) | G31: =IF('2.1 Data FSVA 2025 & Bobot'!H27="","",IFERROR(((G$7-'2.1 Data FSVA 2025 & Bobot'!H27))/(G$7-G$6),"-")) | H31: =IF('2.1 Data FSVA 2025 & Bobot'!J27="","",IFERROR((('2.1 Data FSVA 2025 & Bobot'!J27-H$6))/(H$7-H$6),"-")) | I31: =IF('2.1 Data FSVA 2025 & Bobot'!L27="","",IFERROR((('2.1 Data FSVA 2025 & Bobot'!L27-I$6))/(I$7-I$6),"-")) | J31: =IF('2.1 Data FSVA 2025 & Bobot'!N27="","",IFERROR((('2.1 Data FSVA 2025 & Bobot'!N27-J$6))/(J$7-J$6),"-")) | K31: =IF('2.1 Data FSVA 2025 & Bobot'!P27="","",IFERROR(((K$7-'2.1 Data FSVA 2025 & Bobot'!P27))/(K$7-K$6),"-")) | L31: =IF('2.1 Data FSVA 2025 & Bobot'!R27="","",IFERROR(((L$7-'2.1 Data FSVA 2025 & Bobot'!R27))/(L$7-L$6),"-")) | M31: =IF('2.1 Data FSVA 2025 & Bobot'!T27="","",IFERROR(((M$7-'2.1 Data FSVA 2025 & Bobot'!T27))/(M$7-M$6),"-")) | N31: =IF('2.1 Data FSVA 2025 & Bobot'!V27="","",IFERROR((('2.1 Data FSVA 2025 & Bobot'!V27-N$6))/(N$7-N$6),"-")) | O31: =IF('2.1 Data FSVA 2025 & Bobot'!X27="","",IFERROR(((O$7-'2.1 Data FSVA 2025 & Bobot'!X27))/(O$7-O$6),"-")) | P31: =IF('2.1 Data FSVA 2025 & Bobot'!Z27="","",IFERROR((('2.1 Data FSVA 2025 & Bobot'!Z27-P$6))/(P$7-P$6),"-")) | Q31: =IF('2.1 Data FSVA 2025 & Bobot'!AB27="","",IFERROR((('2.1 Data FSVA 2025 & Bobot'!AB27-Q$6))/(Q$7-Q$6),"-")) | R31: =IF('2.1 Data FSVA 2025 & Bobot'!AD27="","",IFERROR(((R$7-'2.1 Data FSVA 2025 & Bobot'!AD27))/(R$7-R$6),"-")) | S31: =IFERROR(($G$2*G31)+($H$2*H31)+($I$2*I31)+($J$2*J31)+($K$2*K31)+($L$2*L31)+($M$2*M31)+($N$2*N31)+($O$2*O31)+($P$2*P31)+($Q$2*Q31)+($R$2*R31),"-") -> - | T31: =(IF(S31="-","-",IF(S31<=$X$11,1,IF(S31<=$X$12,2,IF(S31<=$X$13,3,IF(S31<=$X$14,4,IF(S31<=$X$15,5,6))))))) -> - | U31: =IFERROR(100*S31,"-") -> - | V31: =IFERROR(RANK(U31,$U$11:$U$704,0),"-") -> - | X31: 9. Wilayah yang berada pada Prioritas 1 tidak berarti semua penduduknya berada pada kategori rentan terhadap rawan pangan
A32: =IF('2.1 Data FSVA 2025 & Bobot'!A28="","",'2.1 Data FSVA 2025 & Bobot'!A28) | B32: =IF('2.1 Data FSVA 2025 & Bobot'!B28="","",'2.1 Data FSVA 2025 & Bobot'!B28) | C32: =IF('2.1 Data FSVA 2025 & Bobot'!C28="","",'2.1 Data FSVA 2025 & Bobot'!C28) | D32: =IF('2.1 Data FSVA 2025 & Bobot'!D28="","",'2.1 Data FSVA 2025 & Bobot'!D28) | E32: =IF('2.1 Data FSVA 2025 & Bobot'!E28="","",'2.1 Data FSVA 2025 & Bobot'!E28) | F32: =IF('2.1 Data FSVA 2025 & Bobot'!F28="","",'2.1 Data FSVA 2025 & Bobot'!F28) | G32: =IF('2.1 Data FSVA 2025 & Bobot'!H28="","",IFERROR(((G$7-'2.1 Data FSVA 2025 & Bobot'!H28))/(G$7-G$6),"-")) | H32: =IF('2.1 Data FSVA 2025 & Bobot'!J28="","",IFERROR((('2.1 Data FSVA 2025 & Bobot'!J28-H$6))/(H$7-H$6),"-")) | I32: =IF('2.1 Data FSVA 2025 & Bobot'!L28="","",IFERROR((('2.1 Data FSVA 2025 & Bobot'!L28-I$6))/(I$7-I$6),"-")) | J32: =IF('2.1 Data FSVA 2025 & Bobot'!N28="","",IFERROR((('2.1 Data FSVA 2025 & Bobot'!N28-J$6))/(J$7-J$6),"-")) | K32: =IF('2.1 Data FSVA 2025 & Bobot'!P28="","",IFERROR(((K$7-'2.1 Data FSVA 2025 & Bobot'!P28))/(K$7-K$6),"-")) | L32: =IF('2.1 Data FSVA 2025 & Bobot'!R28="","",IFERROR(((L$7-'2.1 Data FSVA 2025 & Bobot'!R28))/(L$7-L$6),"-")) | M32: =IF('2.1 Data FSVA 2025 & Bobot'!T28="","",IFERROR(((M$7-'2.1 Data FSVA 2025 & Bobot'!T28))/(M$7-M$6),"-")) | N32: =IF('2.1 Data FSVA 2025 & Bobot'!V28="","",IFERROR((('2.1 Data FSVA 2025 & Bobot'!V28-N$6))/(N$7-N$6),"-")) | O32: =IF('2.1 Data FSVA 2025 & Bobot'!X28="","",IFERROR(((O$7-'2.1 Data FSVA 2025 & Bobot'!X28))/(O$7-O$6),"-")) | P32: =IF('2.1 Data FSVA 2025 & Bobot'!Z28="","",IFERROR((('2.1 Data FSVA 2025 & Bobot'!Z28-P$6))/(P$7-P$6),"-")) | Q32: =IF('2.1 Data FSVA 2025 & Bobot'!AB28="","",IFERROR((('2.1 Data FSVA 2025 & Bobot'!AB28-Q$6))/(Q$7-Q$6),"-")) | R32: =IF('2.1 Data FSVA 2025 & Bobot'!AD28="","",IFERROR(((R$7-'2.1 Data FSVA 2025 & Bobot'!AD28))/(R$7-R$6),"-")) | S32: =IFERROR(($G$2*G32)+($H$2*H32)+($I$2*I32)+($J$2*J32)+($K$2*K32)+($L$2*L32)+($M$2*M32)+($N$2*N32)+($O$2*O32)+($P$2*P32)+($Q$2*Q32)+($R$2*R32),"-") -> - | T32: =(IF(S32="-","-",IF(S32<=$X$11,1,IF(S32<=$X$12,2,IF(S32<=$X$13,3,IF(S32<=$X$14,4,IF(S32<=$X$15,5,6))))))) -> - | U32: =IFERROR(100*S32,"-") -> - | V32: =IFERROR(RANK(U32,$U$11:$U$704,0),"-") -> - | X32: 10. Begitu sebaliknya wilayah yang berada di Prioritas 6 tidak berarti semua penduduknya berada pada kategori tahan pangan.
A33: =IF('2.1 Data FSVA 2025 & Bobot'!A29="","",'2.1 Data FSVA 2025 & Bobot'!A29) | B33: =IF('2.1 Data FSVA 2025 & Bobot'!B29="","",'2.1 Data FSVA 2025 & Bobot'!B29) | C33: =IF('2.1 Data FSVA 2025 & Bobot'!C29="","",'2.1 Data FSVA 2025 & Bobot'!C29) | D33: =IF('2.1 Data FSVA 2025 & Bobot'!D29="","",'2.1 Data FSVA 2025 & Bobot'!D29) | E33: =IF('2.1 Data FSVA 2025 & Bobot'!E29="","",'2.1 Data FSVA 2025 & Bobot'!E29) | F33: =IF('2.1 Data FSVA 2025 & Bobot'!F29="","",'2.1 Data FSVA 2025 & Bobot'!F29) | G33: =IF('2.1 Data FSVA 2025 & Bobot'!H29="","",IFERROR(((G$7-'2.1 Data FSVA 2025 & Bobot'!H29))/(G$7-G$6),"-")) | H33: =IF('2.1 Data FSVA 2025 & Bobot'!J29="","",IFERROR((('2.1 Data FSVA 2025 & Bobot'!J29-H$6))/(H$7-H$6),"-")) | I33: =IF('2.1 Data FSVA 2025 & Bobot'!L29="","",IFERROR((('2.1 Data FSVA 2025 & Bobot'!L29-I$6))/(I$7-I$6),"-")) | J33: =IF('2.1 Data FSVA 2025 & Bobot'!N29="","",IFERROR((('2.1 Data FSVA 2025 & Bobot'!N29-J$6))/(J$7-J$6),"-")) | K33: =IF('2.1 Data FSVA 2025 & Bobot'!P29="","",IFERROR(((K$7-'2.1 Data FSVA 2025 & Bobot'!P29))/(K$7-K$6),"-")) | L33: =IF('2.1 Data FSVA 2025 & Bobot'!R29="","",IFERROR(((L$7-'2.1 Data FSVA 2025 & Bobot'!R29))/(L$7-L$6),"-")) | M33: =IF('2.1 Data FSVA 2025 & Bobot'!T29="","",IFERROR(((M$7-'2.1 Data FSVA 2025 & Bobot'!T29))/(M$7-M$6),"-")) | N33: =IF('2.1 Data FSVA 2025 & Bobot'!V29="","",IFERROR((('2.1 Data FSVA 2025 & Bobot'!V29-N$6))/(N$7-N$6),"-")) | O33: =IF('2.1 Data FSVA 2025 & Bobot'!X29="","",IFERROR(((O$7-'2.1 Data FSVA 2025 & Bobot'!X29))/(O$7-O$6),"-")) | P33: =IF('2.1 Data FSVA 2025 & Bobot'!Z29="","",IFERROR((('2.1 Data FSVA 2025 & Bobot'!Z29-P$6))/(P$7-P$6),"-")) | Q33: =IF('2.1 Data FSVA 2025 & Bobot'!AB29="","",IFERROR((('2.1 Data FSVA 2025 & Bobot'!AB29-Q$6))/(Q$7-Q$6),"-")) | R33: =IF('2.1 Data FSVA 2025 & Bobot'!AD29="","",IFERROR(((R$7-'2.1 Data FSVA 2025 & Bobot'!AD29))/(R$7-R$6),"-")) | S33: =IFERROR(($G$2*G33)+($H$2*H33)+($I$2*I33)+($J$2*J33)+($K$2*K33)+($L$2*L33)+($M$2*M33)+($N$2*N33)+($O$2*O33)+($P$2*P33)+($Q$2*Q33)+($R$2*R33),"-") -> - | T33: =(IF(S33="-","-",IF(S33<=$X$11,1,IF(S33<=$X$12,2,IF(S33<=$X$13,3,IF(S33<=$X$14,4,IF(S33<=$X$15,5,6))))))) -> - | U33: =IFERROR(100*S33,"-") -> - | V33: =IFERROR(RANK(U33,$U$11:$U$704,0),"-") -> -
A34: =IF('2.1 Data FSVA 2025 & Bobot'!A30="","",'2.1 Data FSVA 2025 & Bobot'!A30) | B34: =IF('2.1 Data FSVA 2025 & Bobot'!B30="","",'2.1 Data FSVA 2025 & Bobot'!B30) | C34: =IF('2.1 Data FSVA 2025 & Bobot'!C30="","",'2.1 Data FSVA 2025 & Bobot'!C30) | D34: =IF('2.1 Data FSVA 2025 & Bobot'!D30="","",'2.1 Data FSVA 2025 & Bobot'!D30) | E34: =IF('2.1 Data FSVA 2025 & Bobot'!E30="","",'2.1 Data FSVA 2025 & Bobot'!E30) | F34: =IF('2.1 Data FSVA 2025 & Bobot'!F30="","",'2.1 Data FSVA 2025 & Bobot'!F30) | G34: =IF('2.1 Data FSVA 2025 & Bobot'!H30="","",IFERROR(((G$7-'2.1 Data FSVA 2025 & Bobot'!H30))/(G$7-G$6),"-")) | H34: =IF('2.1 Data FSVA 2025 & Bobot'!J30="","",IFERROR((('2.1 Data FSVA 2025 & Bobot'!J30-H$6))/(H$7-H$6),"-")) | I34: =IF('2.1 Data FSVA 2025 & Bobot'!L30="","",IFERROR((('2.1 Data FSVA 2025 & Bobot'!L30-I$6))/(I$7-I$6),"-")) | J34: =IF('2.1 Data FSVA 2025 & Bobot'!N30="","",IFERROR((('2.1 Data FSVA 2025 & Bobot'!N30-J$6))/(J$7-J$6),"-")) | K34: =IF('2.1 Data FSVA 2025 & Bobot'!P30="","",IFERROR(((K$7-'2.1 Data FSVA 2025 & Bobot'!P30))/(K$7-K$6),"-")) | L34: =IF('2.1 Data FSVA 2025 & Bobot'!R30="","",IFERROR(((L$7-'2.1 Data FSVA 2025 & Bobot'!R30))/(L$7-L$6),"-")) | M34: =IF('2.1 Data FSVA 2025 & Bobot'!T30="","",IFERROR(((M$7-'2.1 Data FSVA 2025 & Bobot'!T30))/(M$7-M$6),"-")) | N34: =IF('2.1 Data FSVA 2025 & Bobot'!V30="","",IFERROR((('2.1 Data FSVA 2025 & Bobot'!V30-N$6))/(N$7-N$6),"-")) | O34: =IF('2.1 Data FSVA 2025 & Bobot'!X30="","",IFERROR(((O$7-'2.1 Data FSVA 2025 & Bobot'!X30))/(O$7-O$6),"-")) | P34: =IF('2.1 Data FSVA 2025 & Bobot'!Z30="","",IFERROR((('2.1 Data FSVA 2025 & Bobot'!Z30-P$6))/(P$7-P$6),"-")) | Q34: =IF('2.1 Data FSVA 2025 & Bobot'!AB30="","",IFERROR((('2.1 Data FSVA 2025 & Bobot'!AB30-Q$6))/(Q$7-Q$6),"-")) | R34: =IF('2.1 Data FSVA 2025 & Bobot'!AD30="","",IFERROR(((R$7-'2.1 Data FSVA 2025 & Bobot'!AD30))/(R$7-R$6),"-")) | S34: =IFERROR(($G$2*G34)+($H$2*H34)+($I$2*I34)+($J$2*J34)+($K$2*K34)+($L$2*L34)+($M$2*M34)+($N$2*N34)+($O$2*O34)+($P$2*P34)+($Q$2*Q34)+($R$2*R34),"-") -> - | T34: =(IF(S34="-","-",IF(S34<=$X$11,1,IF(S34<=$X$12,2,IF(S34<=$X$13,3,IF(S34<=$X$14,4,IF(S34<=$X$15,5,6))))))) -> - | U34: =IFERROR(100*S34,"-") -> - | V34: =IFERROR(RANK(U34,$U$11:$U$704,0),"-") -> -
A35: =IF('2.1 Data FSVA 2025 & Bobot'!A31="","",'2.1 Data FSVA 2025 & Bobot'!A31) | B35: =IF('2.1 Data FSVA 2025 & Bobot'!B31="","",'2.1 Data FSVA 2025 & Bobot'!B31) | C35: =IF('2.1 Data FSVA 2025 & Bobot'!C31="","",'2.1 Data FSVA 2025 & Bobot'!C31) | D35: =IF('2.1 Data FSVA 2025 & Bobot'!D31="","",'2.1 Data FSVA 2025 & Bobot'!D31) | E35: =IF('2.1 Data FSVA 2025 & Bobot'!E31="","",'2.1 Data FSVA 2025 & Bobot'!E31) | F35: =IF('2.1 Data FSVA 2025 & Bobot'!F31="","",'2.1 Data FSVA 2025 & Bobot'!F31) | G35: =IF('2.1 Data FSVA 2025 & Bobot'!H31="","",IFERROR(((G$7-'2.1 Data FSVA 2025 & Bobot'!H31))/(G$7-G$6),"-")) | H35: =IF('2.1 Data FSVA 2025 & Bobot'!J31="","",IFERROR((('2.1 Data FSVA 2025 & Bobot'!J31-H$6))/(H$7-H$6),"-")) | I35: =IF('2.1 Data FSVA 2025 & Bobot'!L31="","",IFERROR((('2.1 Data FSVA 2025 & Bobot'!L31-I$6))/(I$7-I$6),"-")) | J35: =IF('2.1 Data FSVA 2025 & Bobot'!N31="","",IFERROR((('2.1 Data FSVA 2025 & Bobot'!N31-J$6))/(J$7-J$6),"-")) | K35: =IF('2.1 Data FSVA 2025 & Bobot'!P31="","",IFERROR(((K$7-'2.1 Data FSVA 2025 & Bobot'!P31))/(K$7-K$6),"-")) | L35: =IF('2.1 Data FSVA 2025 & Bobot'!R31="","",IFERROR(((L$7-'2.1 Data FSVA 2025 & Bobot'!R31))/(L$7-L$6),"-")) | M35: =IF('2.1 Data FSVA 2025 & Bobot'!T31="","",IFERROR(((M$7-'2.1 Data FSVA 2025 & Bobot'!T31))/(M$7-M$6),"-")) | N35: =IF('2.1 Data FSVA 2025 & Bobot'!V31="","",IFERROR((('2.1 Data FSVA 2025 & Bobot'!V31-N$6))/(N$7-N$6),"-")) | O35: =IF('2.1 Data FSVA 2025 & Bobot'!X31="","",IFERROR(((O$7-'2.1 Data FSVA 2025 & Bobot'!X31))/(O$7-O$6),"-")) | P35: =IF('2.1 Data FSVA 2025 & Bobot'!Z31="","",IFERROR((('2.1 Data FSVA 2025 & Bobot'!Z31-P$6))/(P$7-P$6),"-")) | Q35: =IF('2.1 Data FSVA 2025 & Bobot'!AB31="","",IFERROR((('2.1 Data FSVA 2025 & Bobot'!AB31-Q$6))/(Q$7-Q$6),"-")) | R35: =IF('2.1 Data FSVA 2025 & Bobot'!AD31="","",IFERROR(((R$7-'2.1 Data FSVA 2025 & Bobot'!AD31))/(R$7-R$6),"-")) | S35: =IFERROR(($G$2*G35)+($H$2*H35)+($I$2*I35)+($J$2*J35)+($K$2*K35)+($L$2*L35)+($M$2*M35)+($N$2*N35)+($O$2*O35)+($P$2*P35)+($Q$2*Q35)+($R$2*R35),"-") -> - | T35: =(IF(S35="-","-",IF(S35<=$X$11,1,IF(S35<=$X$12,2,IF(S35<=$X$13,3,IF(S35<=$X$14,4,IF(S35<=$X$15,5,6))))))) -> - | U35: =IFERROR(100*S35,"-") -> - | V35: =IFERROR(RANK(U35,$U$11:$U$704,0),"-") -> -
A36: =IF('2.1 Data FSVA 2025 & Bobot'!A32="","",'2.1 Data FSVA 2025 & Bobot'!A32) | B36: =IF('2.1 Data FSVA 2025 & Bobot'!B32="","",'2.1 Data FSVA 2025 & Bobot'!B32) | C36: =IF('2.1 Data FSVA 2025 & Bobot'!C32="","",'2.1 Data FSVA 2025 & Bobot'!C32) | D36: =IF('2.1 Data FSVA 2025 & Bobot'!D32="","",'2.1 Data FSVA 2025 & Bobot'!D32) | E36: =IF('2.1 Data FSVA 2025 & Bobot'!E32="","",'2.1 Data FSVA 2025 & Bobot'!E32) | F36: =IF('2.1 Data FSVA 2025 & Bobot'!F32="","",'2.1 Data FSVA 2025 & Bobot'!F32) | G36: =IF('2.1 Data FSVA 2025 & Bobot'!H32="","",IFERROR(((G$7-'2.1 Data FSVA 2025 & Bobot'!H32))/(G$7-G$6),"-")) | H36: =IF('2.1 Data FSVA 2025 & Bobot'!J32="","",IFERROR((('2.1 Data FSVA 2025 & Bobot'!J32-H$6))/(H$7-H$6),"-")) | I36: =IF('2.1 Data FSVA 2025 & Bobot'!L32="","",IFERROR((('2.1 Data FSVA 2025 & Bobot'!L32-I$6))/(I$7-I$6),"-")) | J36: =IF('2.1 Data FSVA 2025 & Bobot'!N32="","",IFERROR((('2.1 Data FSVA 2025 & Bobot'!N32-J$6))/(J$7-J$6),"-")) | K36: =IF('2.1 Data FSVA 2025 & Bobot'!P32="","",IFERROR(((K$7-'2.1 Data FSVA 2025 & Bobot'!P32))/(K$7-K$6),"-")) | L36: =IF('2.1 Data FSVA 2025 & Bobot'!R32="","",IFERROR(((L$7-'2.1 Data FSVA 2025 & Bobot'!R32))/(L$7-L$6),"-")) | M36: =IF('2.1 Data FSVA 2025 & Bobot'!T32="","",IFERROR(((M$7-'2.1 Data FSVA 2025 & Bobot'!T32))/(M$7-M$6),"-")) | N36: =IF('2.1 Data FSVA 2025 & Bobot'!V32="","",IFERROR((('2.1 Data FSVA 2025 & Bobot'!V32-N$6))/(N$7-N$6),"-")) | O36: =IF('2.1 Data FSVA 2025 & Bobot'!X32="","",IFERROR(((O$7-'2.1 Data FSVA 2025 & Bobot'!X32))/(O$7-O$6),"-")) | P36: =IF('2.1 Data FSVA 2025 & Bobot'!Z32="","",IFERROR((('2.1 Data FSVA 2025 & Bobot'!Z32-P$6))/(P$7-P$6),"-")) | Q36: =IF('2.1 Data FSVA 2025 & Bobot'!AB32="","",IFERROR((('2.1 Data FSVA 2025 & Bobot'!AB32-Q$6))/(Q$7-Q$6),"-")) | R36: =IF('2.1 Data FSVA 2025 & Bobot'!AD32="","",IFERROR(((R$7-'2.1 Data FSVA 2025 & Bobot'!AD32))/(R$7-R$6),"-")) | S36: =IFERROR(($G$2*G36)+($H$2*H36)+($I$2*I36)+($J$2*J36)+($K$2*K36)+($L$2*L36)+($M$2*M36)+($N$2*N36)+($O$2*O36)+($P$2*P36)+($Q$2*Q36)+($R$2*R36),"-") -> - | T36: =(IF(S36="-","-",IF(S36<=$X$11,1,IF(S36<=$X$12,2,IF(S36<=$X$13,3,IF(S36<=$X$14,4,IF(S36<=$X$15,5,6))))))) -> - | U36: =IFERROR(100*S36,"-") -> - | V36: =IFERROR(RANK(U36,$U$11:$U$704,0),"-") -> -
A37: =IF('2.1 Data FSVA 2025 & Bobot'!A33="","",'2.1 Data FSVA 2025 & Bobot'!A33) | B37: =IF('2.1 Data FSVA 2025 & Bobot'!B33="","",'2.1 Data FSVA 2025 & Bobot'!B33) | C37: =IF('2.1 Data FSVA 2025 & Bobot'!C33="","",'2.1 Data FSVA 2025 & Bobot'!C33) | D37: =IF('2.1 Data FSVA 2025 & Bobot'!D33="","",'2.1 Data FSVA 2025 & Bobot'!D33) | E37: =IF('2.1 Data FSVA 2025 & Bobot'!E33="","",'2.1 Data FSVA 2025 & Bobot'!E33) | F37: =IF('2.1 Data FSVA 2025 & Bobot'!F33="","",'2.1 Data FSVA 2025 & Bobot'!F33) | G37: =IF('2.1 Data FSVA 2025 & Bobot'!H33="","",IFERROR(((G$7-'2.1 Data FSVA 2025 & Bobot'!H33))/(G$7-G$6),"-")) | H37: =IF('2.1 Data FSVA 2025 & Bobot'!J33="","",IFERROR((('2.1 Data FSVA 2025 & Bobot'!J33-H$6))/(H$7-H$6),"-")) | I37: =IF('2.1 Data FSVA 2025 & Bobot'!L33="","",IFERROR((('2.1 Data FSVA 2025 & Bobot'!L33-I$6))/(I$7-I$6),"-")) | J37: =IF('2.1 Data FSVA 2025 & Bobot'!N33="","",IFERROR((('2.1 Data FSVA 2025 & Bobot'!N33-J$6))/(J$7-J$6),"-")) | K37: =IF('2.1 Data FSVA 2025 & Bobot'!P33="","",IFERROR(((K$7-'2.1 Data FSVA 2025 & Bobot'!P33))/(K$7-K$6),"-")) | L37: =IF('2.1 Data FSVA 2025 & Bobot'!R33="","",IFERROR(((L$7-'2.1 Data FSVA 2025 & Bobot'!R33))/(L$7-L$6),"-")) | M37: =IF('2.1 Data FSVA 2025 & Bobot'!T33="","",IFERROR(((M$7-'2.1 Data FSVA 2025 & Bobot'!T33))/(M$7-M$6),"-")) | N37: =IF('2.1 Data FSVA 2025 & Bobot'!V33="","",IFERROR((('2.1 Data FSVA 2025 & Bobot'!V33-N$6))/(N$7-N$6),"-")) | O37: =IF('2.1 Data FSVA 2025 & Bobot'!X33="","",IFERROR(((O$7-'2.1 Data FSVA 2025 & Bobot'!X33))/(O$7-O$6),"-")) | P37: =IF('2.1 Data FSVA 2025 & Bobot'!Z33="","",IFERROR((('2.1 Data FSVA 2025 & Bobot'!Z33-P$6))/(P$7-P$6),"-")) | Q37: =IF('2.1 Data FSVA 2025 & Bobot'!AB33="","",IFERROR((('2.1 Data FSVA 2025 & Bobot'!AB33-Q$6))/(Q$7-Q$6),"-")) | R37: =IF('2.1 Data FSVA 2025 & Bobot'!AD33="","",IFERROR(((R$7-'2.1 Data FSVA 2025 & Bobot'!AD33))/(R$7-R$6),"-")) | S37: =IFERROR(($G$2*G37)+($H$2*H37)+($I$2*I37)+($J$2*J37)+($K$2*K37)+($L$2*L37)+($M$2*M37)+($N$2*N37)+($O$2*O37)+($P$2*P37)+($Q$2*Q37)+($R$2*R37),"-") -> - | T37: =(IF(S37="-","-",IF(S37<=$X$11,1,IF(S37<=$X$12,2,IF(S37<=$X$13,3,IF(S37<=$X$14,4,IF(S37<=$X$15,5,6))))))) -> - | U37: =IFERROR(100*S37,"-") -> - | V37: =IFERROR(RANK(U37,$U$11:$U$704,0),"-") -> -
A38: =IF('2.1 Data FSVA 2025 & Bobot'!A34="","",'2.1 Data FSVA 2025 & Bobot'!A34) | B38: =IF('2.1 Data FSVA 2025 & Bobot'!B34="","",'2.1 Data FSVA 2025 & Bobot'!B34) | C38: =IF('2.1 Data FSVA 2025 & Bobot'!C34="","",'2.1 Data FSVA 2025 & Bobot'!C34) | D38: =IF('2.1 Data FSVA 2025 & Bobot'!D34="","",'2.1 Data FSVA 2025 & Bobot'!D34) | E38: =IF('2.1 Data FSVA 2025 & Bobot'!E34="","",'2.1 Data FSVA 2025 & Bobot'!E34) | F38: =IF('2.1 Data FSVA 2025 & Bobot'!F34="","",'2.1 Data FSVA 2025 & Bobot'!F34) | G38: =IF('2.1 Data FSVA 2025 & Bobot'!H34="","",IFERROR(((G$7-'2.1 Data FSVA 2025 & Bobot'!H34))/(G$7-G$6),"-")) | H38: =IF('2.1 Data FSVA 2025 & Bobot'!J34="","",IFERROR((('2.1 Data FSVA 2025 & Bobot'!J34-H$6))/(H$7-H$6),"-")) | I38: =IF('2.1 Data FSVA 2025 & Bobot'!L34="","",IFERROR((('2.1 Data FSVA 2025 & Bobot'!L34-I$6))/(I$7-I$6),"-")) | J38: =IF('2.1 Data FSVA 2025 & Bobot'!N34="","",IFERROR((('2.1 Data FSVA 2025 & Bobot'!N34-J$6))/(J$7-J$6),"-")) | K38: =IF('2.1 Data FSVA 2025 & Bobot'!P34="","",IFERROR(((K$7-'2.1 Data FSVA 2025 & Bobot'!P34))/(K$7-K$6),"-")) | L38: =IF('2.1 Data FSVA 2025 & Bobot'!R34="","",IFERROR(((L$7-'2.1 Data FSVA 2025 & Bobot'!R34))/(L$7-L$6),"-")) | M38: =IF('2.1 Data FSVA 2025 & Bobot'!T34="","",IFERROR(((M$7-'2.1 Data FSVA 2025 & Bobot'!T34))/(M$7-M$6),"-")) | N38: =IF('2.1 Data FSVA 2025 & Bobot'!V34="","",IFERROR((('2.1 Data FSVA 2025 & Bobot'!V34-N$6))/(N$7-N$6),"-")) | O38: =IF('2.1 Data FSVA 2025 & Bobot'!X34="","",IFERROR(((O$7-'2.1 Data FSVA 2025 & Bobot'!X34))/(O$7-O$6),"-")) | P38: =IF('2.1 Data FSVA 2025 & Bobot'!Z34="","",IFERROR((('2.1 Data FSVA 2025 & Bobot'!Z34-P$6))/(P$7-P$6),"-")) | Q38: =IF('2.1 Data FSVA 2025 & Bobot'!AB34="","",IFERROR((('2.1 Data FSVA 2025 & Bobot'!AB34-Q$6))/(Q$7-Q$6),"-")) | R38: =IF('2.1 Data FSVA 2025 & Bobot'!AD34="","",IFERROR(((R$7-'2.1 Data FSVA 2025 & Bobot'!AD34))/(R$7-R$6),"-")) | S38: =IFERROR(($G$2*G38)+($H$2*H38)+($I$2*I38)+($J$2*J38)+($K$2*K38)+($L$2*L38)+($M$2*M38)+($N$2*N38)+($O$2*O38)+($P$2*P38)+($Q$2*Q38)+($R$2*R38),"-") -> - | T38: =(IF(S38="-","-",IF(S38<=$X$11,1,IF(S38<=$X$12,2,IF(S38<=$X$13,3,IF(S38<=$X$14,4,IF(S38<=$X$15,5,6))))))) -> - | U38: =IFERROR(100*S38,"-") -> - | V38: =IFERROR(RANK(U38,$U$11:$U$704,0),"-") -> -
A39: =IF('2.1 Data FSVA 2025 & Bobot'!A35="","",'2.1 Data FSVA 2025 & Bobot'!A35) | B39: =IF('2.1 Data FSVA 2025 & Bobot'!B35="","",'2.1 Data FSVA 2025 & Bobot'!B35) | C39: =IF('2.1 Data FSVA 2025 & Bobot'!C35="","",'2.1 Data FSVA 2025 & Bobot'!C35) | D39: =IF('2.1 Data FSVA 2025 & Bobot'!D35="","",'2.1 Data FSVA 2025 & Bobot'!D35) | E39: =IF('2.1 Data FSVA 2025 & Bobot'!E35="","",'2.1 Data FSVA 2025 & Bobot'!E35) | F39: =IF('2.1 Data FSVA 2025 & Bobot'!F35="","",'2.1 Data FSVA 2025 & Bobot'!F35) | G39: =IF('2.1 Data FSVA 2025 & Bobot'!H35="","",IFERROR(((G$7-'2.1 Data FSVA 2025 & Bobot'!H35))/(G$7-G$6),"-")) | H39: =IF('2.1 Data FSVA 2025 & Bobot'!J35="","",IFERROR((('2.1 Data FSVA 2025 & Bobot'!J35-H$6))/(H$7-H$6),"-")) | I39: =IF('2.1 Data FSVA 2025 & Bobot'!L35="","",IFERROR((('2.1 Data FSVA 2025 & Bobot'!L35-I$6))/(I$7-I$6),"-")) | J39: =IF('2.1 Data FSVA 2025 & Bobot'!N35="","",IFERROR((('2.1 Data FSVA 2025 & Bobot'!N35-J$6))/(J$7-J$6),"-")) | K39: =IF('2.1 Data FSVA 2025 & Bobot'!P35="","",IFERROR(((K$7-'2.1 Data FSVA 2025 & Bobot'!P35))/(K$7-K$6),"-")) | L39: =IF('2.1 Data FSVA 2025 & Bobot'!R35="","",IFERROR(((L$7-'2.1 Data FSVA 2025 & Bobot'!R35))/(L$7-L$6),"-")) | M39: =IF('2.1 Data FSVA 2025 & Bobot'!T35="","",IFERROR(((M$7-'2.1 Data FSVA 2025 & Bobot'!T35))/(M$7-M$6),"-")) | N39: =IF('2.1 Data FSVA 2025 & Bobot'!V35="","",IFERROR((('2.1 Data FSVA 2025 & Bobot'!V35-N$6))/(N$7-N$6),"-")) | O39: =IF('2.1 Data FSVA 2025 & Bobot'!X35="","",IFERROR(((O$7-'2.1 Data FSVA 2025 & Bobot'!X35))/(O$7-O$6),"-")) | P39: =IF('2.1 Data FSVA 2025 & Bobot'!Z35="","",IFERROR((('2.1 Data FSVA 2025 & Bobot'!Z35-P$6))/(P$7-P$6),"-")) | Q39: =IF('2.1 Data FSVA 2025 & Bobot'!AB35="","",IFERROR((('2.1 Data FSVA 2025 & Bobot'!AB35-Q$6))/(Q$7-Q$6),"-")) | R39: =IF('2.1 Data FSVA 2025 & Bobot'!AD35="","",IFERROR(((R$7-'2.1 Data FSVA 2025 & Bobot'!AD35))/(R$7-R$6),"-")) | S39: =IFERROR(($G$2*G39)+($H$2*H39)+($I$2*I39)+($J$2*J39)+($K$2*K39)+($L$2*L39)+($M$2*M39)+($N$2*N39)+($O$2*O39)+($P$2*P39)+($Q$2*Q39)+($R$2*R39),"-") -> - | T39: =(IF(S39="-","-",IF(S39<=$X$11,1,IF(S39<=$X$12,2,IF(S39<=$X$13,3,IF(S39<=$X$14,4,IF(S39<=$X$15,5,6))))))) -> - | U39: =IFERROR(100*S39,"-") -> - | V39: =IFERROR(RANK(U39,$U$11:$U$704,0),"-") -> -
A40: =IF('2.1 Data FSVA 2025 & Bobot'!A36="","",'2.1 Data FSVA 2025 & Bobot'!A36) | B40: =IF('2.1 Data FSVA 2025 & Bobot'!B36="","",'2.1 Data FSVA 2025 & Bobot'!B36) | C40: =IF('2.1 Data FSVA 2025 & Bobot'!C36="","",'2.1 Data FSVA 2025 & Bobot'!C36) | D40: =IF('2.1 Data FSVA 2025 & Bobot'!D36="","",'2.1 Data FSVA 2025 & Bobot'!D36) | E40: =IF('2.1 Data FSVA 2025 & Bobot'!E36="","",'2.1 Data FSVA 2025 & Bobot'!E36) | F40: =IF('2.1 Data FSVA 2025 & Bobot'!F36="","",'2.1 Data FSVA 2025 & Bobot'!F36) | G40: =IF('2.1 Data FSVA 2025 & Bobot'!H36="","",IFERROR(((G$7-'2.1 Data FSVA 2025 & Bobot'!H36))/(G$7-G$6),"-")) | H40: =IF('2.1 Data FSVA 2025 & Bobot'!J36="","",IFERROR((('2.1 Data FSVA 2025 & Bobot'!J36-H$6))/(H$7-H$6),"-")) | I40: =IF('2.1 Data FSVA 2025 & Bobot'!L36="","",IFERROR((('2.1 Data FSVA 2025 & Bobot'!L36-I$6))/(I$7-I$6),"-")) | J40: =IF('2.1 Data FSVA 2025 & Bobot'!N36="","",IFERROR((('2.1 Data FSVA 2025 & Bobot'!N36-J$6))/(J$7-J$6),"-")) | K40: =IF('2.1 Data FSVA 2025 & Bobot'!P36="","",IFERROR(((K$7-'2.1 Data FSVA 2025 & Bobot'!P36))/(K$7-K$6),"-")) | L40: =IF('2.1 Data FSVA 2025 & Bobot'!R36="","",IFERROR(((L$7-'2.1 Data FSVA 2025 & Bobot'!R36))/(L$7-L$6),"-")) | M40: =IF('2.1 Data FSVA 2025 & Bobot'!T36="","",IFERROR(((M$7-'2.1 Data FSVA 2025 & Bobot'!T36))/(M$7-M$6),"-")) | N40: =IF('2.1 Data FSVA 2025 & Bobot'!V36="","",IFERROR((('2.1 Data FSVA 2025 & Bobot'!V36-N$6))/(N$7-N$6),"-")) | O40: =IF('2.1 Data FSVA 2025 & Bobot'!X36="","",IFERROR(((O$7-'2.1 Data FSVA 2025 & Bobot'!X36))/(O$7-O$6),"-")) | P40: =IF('2.1 Data FSVA 2025 & Bobot'!Z36="","",IFERROR((('2.1 Data FSVA 2025 & Bobot'!Z36-P$6))/(P$7-P$6),"-")) | Q40: =IF('2.1 Data FSVA 2025 & Bobot'!AB36="","",IFERROR((('2.1 Data FSVA 2025 & Bobot'!AB36-Q$6))/(Q$7-Q$6),"-")) | R40: =IF('2.1 Data FSVA 2025 & Bobot'!AD36="","",IFERROR(((R$7-'2.1 Data FSVA 2025 & Bobot'!AD36))/(R$7-R$6),"-")) | S40: =IFERROR(($G$2*G40)+($H$2*H40)+($I$2*I40)+($J$2*J40)+($K$2*K40)+($L$2*L40)+($M$2*M40)+($N$2*N40)+($O$2*O40)+($P$2*P40)+($Q$2*Q40)+($R$2*R40),"-") -> - | T40: =(IF(S40="-","-",IF(S40<=$X$11,1,IF(S40<=$X$12,2,IF(S40<=$X$13,3,IF(S40<=$X$14,4,IF(S40<=$X$15,5,6))))))) -> - | U40: =IFERROR(100*S40,"-") -> - | V40: =IFERROR(RANK(U40,$U$11:$U$704,0),"-") -> -
A41: =IF('2.1 Data FSVA 2025 & Bobot'!A37="","",'2.1 Data FSVA 2025 & Bobot'!A37) | B41: =IF('2.1 Data FSVA 2025 & Bobot'!B37="","",'2.1 Data FSVA 2025 & Bobot'!B37) | C41: =IF('2.1 Data FSVA 2025 & Bobot'!C37="","",'2.1 Data FSVA 2025 & Bobot'!C37) | D41: =IF('2.1 Data FSVA 2025 & Bobot'!D37="","",'2.1 Data FSVA 2025 & Bobot'!D37) | E41: =IF('2.1 Data FSVA 2025 & Bobot'!E37="","",'2.1 Data FSVA 2025 & Bobot'!E37) | F41: =IF('2.1 Data FSVA 2025 & Bobot'!F37="","",'2.1 Data FSVA 2025 & Bobot'!F37) | G41: =IF('2.1 Data FSVA 2025 & Bobot'!H37="","",IFERROR(((G$7-'2.1 Data FSVA 2025 & Bobot'!H37))/(G$7-G$6),"-")) | H41: =IF('2.1 Data FSVA 2025 & Bobot'!J37="","",IFERROR((('2.1 Data FSVA 2025 & Bobot'!J37-H$6))/(H$7-H$6),"-")) | I41: =IF('2.1 Data FSVA 2025 & Bobot'!L37="","",IFERROR((('2.1 Data FSVA 2025 & Bobot'!L37-I$6))/(I$7-I$6),"-")) | J41: =IF('2.1 Data FSVA 2025 & Bobot'!N37="","",IFERROR((('2.1 Data FSVA 2025 & Bobot'!N37-J$6))/(J$7-J$6),"-")) | K41: =IF('2.1 Data FSVA 2025 & Bobot'!P37="","",IFERROR(((K$7-'2.1 Data FSVA 2025 & Bobot'!P37))/(K$7-K$6),"-")) | L41: =IF('2.1 Data FSVA 2025 & Bobot'!R37="","",IFERROR(((L$7-'2.1 Data FSVA 2025 & Bobot'!R37))/(L$7-L$6),"-")) | M41: =IF('2.1 Data FSVA 2025 & Bobot'!T37="","",IFERROR(((M$7-'2.1 Data FSVA 2025 & Bobot'!T37))/(M$7-M$6),"-")) | N41: =IF('2.1 Data FSVA 2025 & Bobot'!V37="","",IFERROR((('2.1 Data FSVA 2025 & Bobot'!V37-N$6))/(N$7-N$6),"-")) | O41: =IF('2.1 Data FSVA 2025 & Bobot'!X37="","",IFERROR(((O$7-'2.1 Data FSVA 2025 & Bobot'!X37))/(O$7-O$6),"-")) | P41: =IF('2.1 Data FSVA 2025 & Bobot'!Z37="","",IFERROR((('2.1 Data FSVA 2025 & Bobot'!Z37-P$6))/(P$7-P$6),"-")) | Q41: =IF('2.1 Data FSVA 2025 & Bobot'!AB37="","",IFERROR((('2.1 Data FSVA 2025 & Bobot'!AB37-Q$6))/(Q$7-Q$6),"-")) | R41: =IF('2.1 Data FSVA 2025 & Bobot'!AD37="","",IFERROR(((R$7-'2.1 Data FSVA 2025 & Bobot'!AD37))/(R$7-R$6),"-")) | S41: =IFERROR(($G$2*G41)+($H$2*H41)+($I$2*I41)+($J$2*J41)+($K$2*K41)+($L$2*L41)+($M$2*M41)+($N$2*N41)+($O$2*O41)+($P$2*P41)+($Q$2*Q41)+($R$2*R41),"-") -> - | T41: =(IF(S41="-","-",IF(S41<=$X$11,1,IF(S41<=$X$12,2,IF(S41<=$X$13,3,IF(S41<=$X$14,4,IF(S41<=$X$15,5,6))))))) -> - | U41: =IFERROR(100*S41,"-") -> - | V41: =IFERROR(RANK(U41,$U$11:$U$704,0),"-") -> -
A42: =IF('2.1 Data FSVA 2025 & Bobot'!A38="","",'2.1 Data FSVA 2025 & Bobot'!A38) | B42: =IF('2.1 Data FSVA 2025 & Bobot'!B38="","",'2.1 Data FSVA 2025 & Bobot'!B38) | C42: =IF('2.1 Data FSVA 2025 & Bobot'!C38="","",'2.1 Data FSVA 2025 & Bobot'!C38) | D42: =IF('2.1 Data FSVA 2025 & Bobot'!D38="","",'2.1 Data FSVA 2025 & Bobot'!D38) | E42: =IF('2.1 Data FSVA 2025 & Bobot'!E38="","",'2.1 Data FSVA 2025 & Bobot'!E38) | F42: =IF('2.1 Data FSVA 2025 & Bobot'!F38="","",'2.1 Data FSVA 2025 & Bobot'!F38) | G42: =IF('2.1 Data FSVA 2025 & Bobot'!H38="","",IFERROR(((G$7-'2.1 Data FSVA 2025 & Bobot'!H38))/(G$7-G$6),"-")) | H42: =IF('2.1 Data FSVA 2025 & Bobot'!J38="","",IFERROR((('2.1 Data FSVA 2025 & Bobot'!J38-H$6))/(H$7-H$6),"-")) | I42: =IF('2.1 Data FSVA 2025 & Bobot'!L38="","",IFERROR((('2.1 Data FSVA 2025 & Bobot'!L38-I$6))/(I$7-I$6),"-")) | J42: =IF('2.1 Data FSVA 2025 & Bobot'!N38="","",IFERROR((('2.1 Data FSVA 2025 & Bobot'!N38-J$6))/(J$7-J$6),"-")) | K42: =IF('2.1 Data FSVA 2025 & Bobot'!P38="","",IFERROR(((K$7-'2.1 Data FSVA 2025 & Bobot'!P38))/(K$7-K$6),"-")) | L42: =IF('2.1 Data FSVA 2025 & Bobot'!R38="","",IFERROR(((L$7-'2.1 Data FSVA 2025 & Bobot'!R38))/(L$7-L$6),"-")) | M42: =IF('2.1 Data FSVA 2025 & Bobot'!T38="","",IFERROR(((M$7-'2.1 Data FSVA 2025 & Bobot'!T38))/(M$7-M$6),"-")) | N42: =IF('2.1 Data FSVA 2025 & Bobot'!V38="","",IFERROR((('2.1 Data FSVA 2025 & Bobot'!V38-N$6))/(N$7-N$6),"-")) | O42: =IF('2.1 Data FSVA 2025 & Bobot'!X38="","",IFERROR(((O$7-'2.1 Data FSVA 2025 & Bobot'!X38))/(O$7-O$6),"-")) | P42: =IF('2.1 Data FSVA 2025 & Bobot'!Z38="","",IFERROR((('2.1 Data FSVA 2025 & Bobot'!Z38-P$6))/(P$7-P$6),"-")) | Q42: =IF('2.1 Data FSVA 2025 & Bobot'!AB38="","",IFERROR((('2.1 Data FSVA 2025 & Bobot'!AB38-Q$6))/(Q$7-Q$6),"-")) | R42: =IF('2.1 Data FSVA 2025 & Bobot'!AD38="","",IFERROR(((R$7-'2.1 Data FSVA 2025 & Bobot'!AD38))/(R$7-R$6),"-")) | S42: =IFERROR(($G$2*G42)+($H$2*H42)+($I$2*I42)+($J$2*J42)+($K$2*K42)+($L$2*L42)+($M$2*M42)+($N$2*N42)+($O$2*O42)+($P$2*P42)+($Q$2*Q42)+($R$2*R42),"-") -> - | T42: =(IF(S42="-","-",IF(S42<=$X$11,1,IF(S42<=$X$12,2,IF(S42<=$X$13,3,IF(S42<=$X$14,4,IF(S42<=$X$15,5,6))))))) -> - | U42: =IFERROR(100*S42,"-") -> - | V42: =IFERROR(RANK(U42,$U$11:$U$704,0),"-") -> -
A43: =IF('2.1 Data FSVA 2025 & Bobot'!A39="","",'2.1 Data FSVA 2025 & Bobot'!A39) | B43: =IF('2.1 Data FSVA 2025 & Bobot'!B39="","",'2.1 Data FSVA 2025 & Bobot'!B39) | C43: =IF('2.1 Data FSVA 2025 & Bobot'!C39="","",'2.1 Data FSVA 2025 & Bobot'!C39) | D43: =IF('2.1 Data FSVA 2025 & Bobot'!D39="","",'2.1 Data FSVA 2025 & Bobot'!D39) | E43: =IF('2.1 Data FSVA 2025 & Bobot'!E39="","",'2.1 Data FSVA 2025 & Bobot'!E39) | F43: =IF('2.1 Data FSVA 2025 & Bobot'!F39="","",'2.1 Data FSVA 2025 & Bobot'!F39) | G43: =IF('2.1 Data FSVA 2025 & Bobot'!H39="","",IFERROR(((G$7-'2.1 Data FSVA 2025 & Bobot'!H39))/(G$7-G$6),"-")) | H43: =IF('2.1 Data FSVA 2025 & Bobot'!J39="","",IFERROR((('2.1 Data FSVA 2025 & Bobot'!J39-H$6))/(H$7-H$6),"-")) | I43: =IF('2.1 Data FSVA 2025 & Bobot'!L39="","",IFERROR((('2.1 Data FSVA 2025 & Bobot'!L39-I$6))/(I$7-I$6),"-")) | J43: =IF('2.1 Data FSVA 2025 & Bobot'!N39="","",IFERROR((('2.1 Data FSVA 2025 & Bobot'!N39-J$6))/(J$7-J$6),"-")) | K43: =IF('2.1 Data FSVA 2025 & Bobot'!P39="","",IFERROR(((K$7-'2.1 Data FSVA 2025 & Bobot'!P39))/(K$7-K$6),"-")) | L43: =IF('2.1 Data FSVA 2025 & Bobot'!R39="","",IFERROR(((L$7-'2.1 Data FSVA 2025 & Bobot'!R39))/(L$7-L$6),"-")) | M43: =IF('2.1 Data FSVA 2025 & Bobot'!T39="","",IFERROR(((M$7-'2.1 Data FSVA 2025 & Bobot'!T39))/(M$7-M$6),"-")) | N43: =IF('2.1 Data FSVA 2025 & Bobot'!V39="","",IFERROR((('2.1 Data FSVA 2025 & Bobot'!V39-N$6))/(N$7-N$6),"-")) | O43: =IF('2.1 Data FSVA 2025 & Bobot'!X39="","",IFERROR(((O$7-'2.1 Data FSVA 2025 & Bobot'!X39))/(O$7-O$6),"-")) | P43: =IF('2.1 Data FSVA 2025 & Bobot'!Z39="","",IFERROR((('2.1 Data FSVA 2025 & Bobot'!Z39-P$6))/(P$7-P$6),"-")) | Q43: =IF('2.1 Data FSVA 2025 & Bobot'!AB39="","",IFERROR((('2.1 Data FSVA 2025 & Bobot'!AB39-Q$6))/(Q$7-Q$6),"-")) | R43: =IF('2.1 Data FSVA 2025 & Bobot'!AD39="","",IFERROR(((R$7-'2.1 Data FSVA 2025 & Bobot'!AD39))/(R$7-R$6),"-")) | S43: =IFERROR(($G$2*G43)+($H$2*H43)+($I$2*I43)+($J$2*J43)+($K$2*K43)+($L$2*L43)+($M$2*M43)+($N$2*N43)+($O$2*O43)+($P$2*P43)+($Q$2*Q43)+($R$2*R43),"-") -> - | T43: =(IF(S43="-","-",IF(S43<=$X$11,1,IF(S43<=$X$12,2,IF(S43<=$X$13,3,IF(S43<=$X$14,4,IF(S43<=$X$15,5,6))))))) -> - | U43: =IFERROR(100*S43,"-") -> - | V43: =IFERROR(RANK(U43,$U$11:$U$704,0),"-") -> -
A44: =IF('2.1 Data FSVA 2025 & Bobot'!A40="","",'2.1 Data FSVA 2025 & Bobot'!A40) | B44: =IF('2.1 Data FSVA 2025 & Bobot'!B40="","",'2.1 Data FSVA 2025 & Bobot'!B40) | C44: =IF('2.1 Data FSVA 2025 & Bobot'!C40="","",'2.1 Data FSVA 2025 & Bobot'!C40) | D44: =IF('2.1 Data FSVA 2025 & Bobot'!D40="","",'2.1 Data FSVA 2025 & Bobot'!D40) | E44: =IF('2.1 Data FSVA 2025 & Bobot'!E40="","",'2.1 Data FSVA 2025 & Bobot'!E40) | F44: =IF('2.1 Data FSVA 2025 & Bobot'!F40="","",'2.1 Data FSVA 2025 & Bobot'!F40) | G44: =IF('2.1 Data FSVA 2025 & Bobot'!H40="","",IFERROR(((G$7-'2.1 Data FSVA 2025 & Bobot'!H40))/(G$7-G$6),"-")) | H44: =IF('2.1 Data FSVA 2025 & Bobot'!J40="","",IFERROR((('2.1 Data FSVA 2025 & Bobot'!J40-H$6))/(H$7-H$6),"-")) | I44: =IF('2.1 Data FSVA 2025 & Bobot'!L40="","",IFERROR((('2.1 Data FSVA 2025 & Bobot'!L40-I$6))/(I$7-I$6),"-")) | J44: =IF('2.1 Data FSVA 2025 & Bobot'!N40="","",IFERROR((('2.1 Data FSVA 2025 & Bobot'!N40-J$6))/(J$7-J$6),"-")) | K44: =IF('2.1 Data FSVA 2025 & Bobot'!P40="","",IFERROR(((K$7-'2.1 Data FSVA 2025 & Bobot'!P40))/(K$7-K$6),"-")) | L44: =IF('2.1 Data FSVA 2025 & Bobot'!R40="","",IFERROR(((L$7-'2.1 Data FSVA 2025 & Bobot'!R40))/(L$7-L$6),"-")) | M44: =IF('2.1 Data FSVA 2025 & Bobot'!T40="","",IFERROR(((M$7-'2.1 Data FSVA 2025 & Bobot'!T40))/(M$7-M$6),"-")) | N44: =IF('2.1 Data FSVA 2025 & Bobot'!V40="","",IFERROR((('2.1 Data FSVA 2025 & Bobot'!V40-N$6))/(N$7-N$6),"-")) | O44: =IF('2.1 Data FSVA 2025 & Bobot'!X40="","",IFERROR(((O$7-'2.1 Data FSVA 2025 & Bobot'!X40))/(O$7-O$6),"-")) | P44: =IF('2.1 Data FSVA 2025 & Bobot'!Z40="","",IFERROR((('2.1 Data FSVA 2025 & Bobot'!Z40-P$6))/(P$7-P$6),"-")) | Q44: =IF('2.1 Data FSVA 2025 & Bobot'!AB40="","",IFERROR((('2.1 Data FSVA 2025 & Bobot'!AB40-Q$6))/(Q$7-Q$6),"-")) | R44: =IF('2.1 Data FSVA 2025 & Bobot'!AD40="","",IFERROR(((R$7-'2.1 Data FSVA 2025 & Bobot'!AD40))/(R$7-R$6),"-")) | S44: =IFERROR(($G$2*G44)+($H$2*H44)+($I$2*I44)+($J$2*J44)+($K$2*K44)+($L$2*L44)+($M$2*M44)+($N$2*N44)+($O$2*O44)+($P$2*P44)+($Q$2*Q44)+($R$2*R44),"-") -> - | T44: =(IF(S44="-","-",IF(S44<=$X$11,1,IF(S44<=$X$12,2,IF(S44<=$X$13,3,IF(S44<=$X$14,4,IF(S44<=$X$15,5,6))))))) -> - | U44: =IFERROR(100*S44,"-") -> - | V44: =IFERROR(RANK(U44,$U$11:$U$704,0),"-") -> -
... A709: =IF('2.1 Data FSVA 2025 & Bobot'!A705="","",'2.1 Data FSVA 2025 & Bobot'!A705) | B709: =IF('2.1 Data FSVA 2025 & Bobot'!B705="","",'2.1 Data FSVA 2025 & Bobot'!B705) | C709: =IF('2.1 Data FSVA 2025 & Bobot'!C705="","",'2.1 Data FSVA 2025 & Bobot'!C705) | D709: =IF('2.1 Data FSVA 2025 & Bobot'!D705="","",'2.1 Data FSVA 2025 & Bobot'!D705) | E709: =IF('2.1 Data FSVA 2025 & Bobot'!E705="","",'2.1 Data FSVA 2025 & Bobot'!E705) | F709: =IF('2.1 Data FSVA 2025 & Bobot'!F705="","",'2.1 Data FSVA 2025 & Bobot'!F705) | G709: =IF('2.1 Data FSVA 2025 & Bobot'!H705="","",IFERROR(((G$7-'2.1 Data FSVA 2025 & Bobot'!H705))/(G$7-G$6),"-")) | H709: =IF('2.1 Data FSVA 2025 & Bobot'!J705="","",IFERROR((('2.1 Data FSVA 2025 & Bobot'!J705-H$6))/(H$7-H$6),"-")) | I709: =IF('2.1 Data FSVA 2025 & Bobot'!L705="","",IFERROR((('2.1 Data FSVA 2025 & Bobot'!L705-I$6))/(I$7-I$6),"-")) | J709: =IF('2.1 Data FSVA 2025 & Bobot'!N705="","",IFERROR((('2.1 Data FSVA 2025 & Bobot'!N705-J$6))/(J$7-J$6),"-")) | K709: =IF('2.1 Data FSVA 2025 & Bobot'!P705="","",IFERROR(((K$7-'2.1 Data FSVA 2025 & Bobot'!P705))/(K$7-K$6),"-")) | L709: =IF('2.1 Data FSVA 2025 & Bobot'!R705="","",IFERROR(((L$7-'2.1 Data FSVA 2025 & Bobot'!R705))/(L$7-L$6),"-")) | M709: =IF('2.1 Data FSVA 2025 & Bobot'!T705="","",IFERROR(((M$7-'2.1 Data FSVA 2025 & Bobot'!T705))/(M$7-M$6),"-")) | N709: =IF('2.1 Data FSVA 2025 & Bobot'!V705="","",IFERROR((('2.1 Data FSVA 2025 & Bobot'!V705-N$6))/(N$7-N$6),"-")) | O709: =IF('2.1 Data FSVA 2025 & Bobot'!X705="","",IFERROR(((O$7-'2.1 Data FSVA 2025 & Bobot'!X705))/(O$7-O$6),"-")) | P709: =IF('2.1 Data FSVA 2025 & Bobot'!Z705="","",IFERROR((('2.1 Data FSVA 2025 & Bobot'!Z705-P$6))/(P$7-P$6),"-")) | Q709: =IF('2.1 Data FSVA 2025 & Bobot'!AB705="","",IFERROR((('2.1 Data FSVA 2025 & Bobot'!AB705-Q$6))/(Q$7-Q$6),"-")) | R709: =IF('2.1 Data FSVA 2025 & Bobot'!AD705="","",IFERROR(((R$7-'2.1 Data FSVA 2025 & Bobot'!AD705))/(R$7-R$6),"-")) | S709: =IFERROR(($G$2*G709)+($H$2*H709)+($I$2*I709)+($J$2*J709)+($K$2*K709)+($L$2*L709)+($M$2*M709)+($N$2*N709)+($O$2*O709)+($P$2*P709)+($Q$2*Q709)+($R$2*R709),"-") -> - | T709: =(IF(S709="-","-",IF(S709<=$X$11,1,IF(S709<=$X$12,2,IF(S709<=$X$13,3,IF(S709<=$X$14,4,IF(S709<=$X$15,5,6))))))) -> - | U709: =IFERROR(100*S709,"-") -> - | V709: =IFERROR(RANK(U709,$U$11:$U$704,0),"-") -> -
G712: KETERSEDIAAN | K712: KETERJANGKAUAN | N712: PEMANFAATAN
F713: Bobot Indikator | G713: =G2 -> 0.095 | H713: =H2 -> 0.08 | I713: =I2 -> 0.08 | J713: =J2 -> 0.08 | K713: =K2 -> 0.118 | L713: =L2 -> 0.113 | M713: =M2 -> 0.099 | N713: =N2 -> 0.05 | ... R713: =R2 -> 0.072
F714: Bobot Aspek | G714: =G713/$S$714 -> 0.28358209 | H714: =H713/$S$714 -> 0.23880597 | I714: =I713/$S$714 -> 0.23880597 | J714: =J713/$S$714 -> 0.23880597 | K714: =K713/$T$714 -> 0.35757576 | L714: =L713/$T$714 -> 0.34242424 | M714: =M713/$T$714 -> 0.3 | N714: =N713/$U$714 -> 0.14925373 | O714: =O713/$U$714 -> 0.2238806 | P714: =P713/$U$714 -> 0.17910448 | Q714: =Q713/$U$714 -> 0.23283582 | R714: =R713/$U$714 -> 0.21492537 | S714: =(G713+H713+J713+I713) -> 0.335 | T714: =(K713+L713+M713) -> 0.33 | U714: =N713+O713+Q713+R713+P713 -> 0.335
B716: Perkalian 100 membuat skala data menjadi 0-100
A717: No. | B717: Nama Kabupaten | C717: Kode Kab | D717: Kode Kec | F717: Nama Kecamatan | G717: 1. Skor NCPR | H717: 2. Skor ENERGY | I717: 4. Skor ANIMAL PROTEIN | J717: 3. Skor FOOD RESERVES | K717: 5. Skor POVERTY | L717: 6. Skor PRICE (CV) | M717: 7. Skor PoU | N717: 8. Skor FEMALE SCHOOL | O717: 9. Skor NO WATER | P717: 10. Skor FOOD SAFETY | Q717: 11. Skor PPH | R717: 12. Skor STUNTING | S717: INDEKS KETERSEDIAAN | T717: INDEKS KETERJANGKAUAN | U717: INDEKS PEMANFAATAN | V717: INDEK KOMPOSIT Total Aspek
A718: =A11 | B718: =B11 | C718: =C11 | D718: =D11 | F718: =F11 | G718: =IFERROR(100*G11,"") | H718: =IFERROR(100*H11,"") | I718: =IFERROR(100*I11,"") | J718: =IFERROR(100*J11,"") | K718: =IFERROR(100*K11,"") | L718: =IFERROR(100*L11,"") | M718: =IFERROR(100*M11,"") | N718: =IFERROR(100*N11,"") | ... R718: =IFERROR(100*R11,"") | S718: =IFERROR(($G$714*G718)+($H$714*H718)+($I$714*I718)+($J$714*J718),"-") -> - | T718: =IFERROR(($K$714*K718)+($L$714*L718)+($M$714*M718),"-") -> - | U718: =IFERROR(($N$714*N718)+($O$714*O718)+($Q$714*Q718)+($R$714*R718)+($P$714*P718),"-") -> - | V718: =IFERROR(($S$714*S718)+($T$714*T718)+($U$714*U718),"-") -> -
A719: =A12 | B719: =B12 | C719: =C12 | D719: =D12 | F719: =F12 | G719: =IFERROR(100*G12,"") | H719: =IFERROR(100*H12,"") | I719: =IFERROR(100*I12,"") | J719: =IFERROR(100*J12,"") | K719: =IFERROR(100*K12,"") | L719: =IFERROR(100*L12,"") | M719: =IFERROR(100*M12,"") | N719: =IFERROR(100*N12,"") | ... R719: =IFERROR(100*R12,"") | S719: =IFERROR(($G$714*G719)+($H$714*H719)+($I$714*I719)+($J$714*J719),"-") -> - | T719: =IFERROR(($K$714*K719)+($L$714*L719)+($M$714*M719),"-") -> - | U719: =IFERROR(($N$714*N719)+($O$714*O719)+($Q$714*Q719)+($R$714*R719)+($P$714*P719),"-") -> - | V719: =IFERROR(($S$714*S719)+($T$714*T719)+($U$714*U719),"-") -> -
A720: =A13 | B720: =B13 | C720: =C13 | D720: =D13 | F720: =F13 | G720: =IFERROR(100*G13,"") | H720: =IFERROR(100*H13,"") | I720: =IFERROR(100*I13,"") | J720: =IFERROR(100*J13,"") | K720: =IFERROR(100*K13,"") | L720: =IFERROR(100*L13,"") | M720: =IFERROR(100*M13,"") | N720: =IFERROR(100*N13,"") | ... R720: =IFERROR(100*R13,"") | S720: =IFERROR(($G$714*G720)+($H$714*H720)+($I$714*I720)+($J$714*J720),"-") -> - | T720: =IFERROR(($K$714*K720)+($L$714*L720)+($M$714*M720),"-") -> - | U720: =IFERROR(($N$714*N720)+($O$714*O720)+($Q$714*Q720)+($R$714*R720)+($P$714*P720),"-") -> - | V720: =IFERROR(($S$714*S720)+($T$714*T720)+($U$714*U720),"-") -> -
A721: =A14 | B721: =B14 | C721: =C14 | D721: =D14 | F721: =F14 | G721: =IFERROR(100*G14,"") | H721: =IFERROR(100*H14,"") | I721: =IFERROR(100*I14,"") | J721: =IFERROR(100*J14,"") | K721: =IFERROR(100*K14,"") | L721: =IFERROR(100*L14,"") | M721: =IFERROR(100*M14,"") | N721: =IFERROR(100*N14,"") | ... R721: =IFERROR(100*R14,"") | S721: =IFERROR(($G$714*G721)+($H$714*H721)+($I$714*I721)+($J$714*J721),"-") -> - | T721: =IFERROR(($K$714*K721)+($L$714*L721)+($M$714*M721),"-") -> - | U721: =IFERROR(($N$714*N721)+($O$714*O721)+($Q$714*Q721)+($R$714*R721)+($P$714*P721),"-") -> - | V721: =IFERROR(($S$714*S721)+($T$714*T721)+($U$714*U721),"-") -> -
A722: =A15 | B722: =B15 | C722: =C15 | D722: =D15 | F722: =F15 | G722: =IFERROR(100*G15,"") | H722: =IFERROR(100*H15,"") | I722: =IFERROR(100*I15,"") | J722: =IFERROR(100*J15,"") | K722: =IFERROR(100*K15,"") | L722: =IFERROR(100*L15,"") | M722: =IFERROR(100*M15,"") | N722: =IFERROR(100*N15,"") | ... R722: =IFERROR(100*R15,"") | S722: =IFERROR(($G$714*G722)+($H$714*H722)+($I$714*I722)+($J$714*J722),"-") -> - | T722: =IFERROR(($K$714*K722)+($L$714*L722)+($M$714*M722),"-") -> - | U722: =IFERROR(($N$714*N722)+($O$714*O722)+($Q$714*Q722)+($R$714*R722)+($P$714*P722),"-") -> - | V722: =IFERROR(($S$714*S722)+($T$714*T722)+($U$714*U722),"-") -> -
A723: =A16 | B723: =B16 | C723: =C16 | D723: =D16 | F723: =F16 | G723: =IFERROR(100*G16,"") | H723: =IFERROR(100*H16,"") | I723: =IFERROR(100*I16,"") | J723: =IFERROR(100*J16,"") | K723: =IFERROR(100*K16,"") | L723: =IFERROR(100*L16,"") | M723: =IFERROR(100*M16,"") | N723: =IFERROR(100*N16,"") | ... R723: =IFERROR(100*R16,"") | S723: =IFERROR(($G$714*G723)+($H$714*H723)+($I$714*I723)+($J$714*J723),"-") -> - | T723: =IFERROR(($K$714*K723)+($L$714*L723)+($M$714*M723),"-") -> - | U723: =IFERROR(($N$714*N723)+($O$714*O723)+($Q$714*Q723)+($R$714*R723)+($P$714*P723),"-") -> - | V723: =IFERROR(($S$714*S723)+($T$714*T723)+($U$714*U723),"-") -> -
A724: =A17 | B724: =B17 | C724: =C17 | D724: =D17 | F724: =F17 | G724: =IFERROR(100*G17,"") | H724: =IFERROR(100*H17,"") | I724: =IFERROR(100*I17,"") | J724: =IFERROR(100*J17,"") | K724: =IFERROR(100*K17,"") | L724: =IFERROR(100*L17,"") | M724: =IFERROR(100*M17,"") | N724: =IFERROR(100*N17,"") | ... R724: =IFERROR(100*R17,"") | S724: =IFERROR(($G$714*G724)+($H$714*H724)+($I$714*I724)+($J$714*J724),"-") -> - | T724: =IFERROR(($K$714*K724)+($L$714*L724)+($M$714*M724),"-") -> - | U724: =IFERROR(($N$714*N724)+($O$714*O724)+($Q$714*Q724)+($R$714*R724)+($P$714*P724),"-") -> - | V724: =IFERROR(($S$714*S724)+($T$714*T724)+($U$714*U724),"-") -> -
A725: =A18 | B725: =B18 | C725: =C18 | D725: =D18 | F725: =F18 | G725: =IFERROR(100*G18,"") | H725: =IFERROR(100*H18,"") | I725: =IFERROR(100*I18,"") | J725: =IFERROR(100*J18,"") | K725: =IFERROR(100*K18,"") | L725: =IFERROR(100*L18,"") | M725: =IFERROR(100*M18,"") | N725: =IFERROR(100*N18,"") | ... R725: =IFERROR(100*R18,"") | S725: =IFERROR(($G$714*G725)+($H$714*H725)+($I$714*I725)+($J$714*J725),"-") -> - | T725: =IFERROR(($K$714*K725)+($L$714*L725)+($M$714*M725),"-") -> - | U725: =IFERROR(($N$714*N725)+($O$714*O725)+($Q$714*Q725)+($R$714*R725)+($P$714*P725),"-") -> - | V725: =IFERROR(($S$714*S725)+($T$714*T725)+($U$714*U725),"-") -> -
A726: =A19 | B726: =B19 | C726: =C19 | D726: =D19 | F726: =F19 | G726: =IFERROR(100*G19,"") | H726: =IFERROR(100*H19,"") | I726: =IFERROR(100*I19,"") | J726: =IFERROR(100*J19,"") | K726: =IFERROR(100*K19,"") | L726: =IFERROR(100*L19,"") | M726: =IFERROR(100*M19,"") | N726: =IFERROR(100*N19,"") | ... R726: =IFERROR(100*R19,"") | S726: =IFERROR(($G$714*G726)+($H$714*H726)+($I$714*I726)+($J$714*J726),"-") -> - | T726: =IFERROR(($K$714*K726)+($L$714*L726)+($M$714*M726),"-") -> - | U726: =IFERROR(($N$714*N726)+($O$714*O726)+($Q$714*Q726)+($R$714*R726)+($P$714*P726),"-") -> - | V726: =IFERROR(($S$714*S726)+($T$714*T726)+($U$714*U726),"-") -> -
A727: =A20 | B727: =B20 | C727: =C20 | D727: =D20 | F727: =F20 | G727: =IFERROR(100*G20,"") | H727: =IFERROR(100*H20,"") | I727: =IFERROR(100*I20,"") | J727: =IFERROR(100*J20,"") | K727: =IFERROR(100*K20,"") | L727: =IFERROR(100*L20,"") | M727: =IFERROR(100*M20,"") | N727: =IFERROR(100*N20,"") | ... R727: =IFERROR(100*R20,"") | S727: =IFERROR(($G$714*G727)+($H$714*H727)+($I$714*I727)+($J$714*J727),"-") -> - | T727: =IFERROR(($K$714*K727)+($L$714*L727)+($M$714*M727),"-") -> - | U727: =IFERROR(($N$714*N727)+($O$714*O727)+($Q$714*Q727)+($R$714*R727)+($P$714*P727),"-") -> - | V727: =IFERROR(($S$714*S727)+($T$714*T727)+($U$714*U727),"-") -> -
A728: =A21 | B728: =B21 | C728: =C21 | D728: =D21 | F728: =F21 | G728: =IFERROR(100*G21,"") | H728: =IFERROR(100*H21,"") | I728: =IFERROR(100*I21,"") | J728: =IFERROR(100*J21,"") | K728: =IFERROR(100*K21,"") | L728: =IFERROR(100*L21,"") | M728: =IFERROR(100*M21,"") | N728: =IFERROR(100*N21,"") | ... R728: =IFERROR(100*R21,"") | S728: =IFERROR(($G$714*G728)+($H$714*H728)+($I$714*I728)+($J$714*J728),"-") -> - | T728: =IFERROR(($K$714*K728)+($L$714*L728)+($M$714*M728),"-") -> - | U728: =IFERROR(($N$714*N728)+($O$714*O728)+($Q$714*Q728)+($R$714*R728)+($P$714*P728),"-") -> - | V728: =IFERROR(($S$714*S728)+($T$714*T728)+($U$714*U728),"-") -> -
A729: =A22 | B729: =B22 | C729: =C22 | D729: =D22 | F729: =F22 | G729: =IFERROR(100*G22,"") | H729: =IFERROR(100*H22,"") | I729: =IFERROR(100*I22,"") | J729: =IFERROR(100*J22,"") | K729: =IFERROR(100*K22,"") | L729: =IFERROR(100*L22,"") | M729: =IFERROR(100*M22,"") | N729: =IFERROR(100*N22,"") | ... R729: =IFERROR(100*R22,"") | S729: =IFERROR(($G$714*G729)+($H$714*H729)+($I$714*I729)+($J$714*J729),"-") -> - | T729: =IFERROR(($K$714*K729)+($L$714*L729)+($M$714*M729),"-") -> - | U729: =IFERROR(($N$714*N729)+($O$714*O729)+($Q$714*Q729)+($R$714*R729)+($P$714*P729),"-") -> - | V729: =IFERROR(($S$714*S729)+($T$714*T729)+($U$714*U729),"-") -> -
... A1416: =A709 | B1416: =B709 | C1416: =C709 | D1416: =D709 | F1416: =F709 | G1416: =IFERROR(100*G709,"") | H1416: =IFERROR(100*H709,"") | I1416: =IFERROR(100*I709,"") | J1416: =IFERROR(100*J709,"") | K1416: =IFERROR(100*K709,"") | L1416: =IFERROR(100*L709,"") | M1416: =IFERROR(100*M709,"") | N1416: =IFERROR(100*N709,"") | ... R1416: =IFERROR(100*R709,"") | S1416: =IFERROR(($G$714*G1416)+($H$714*H1416)+($I$714*I1416)+($J$714*J1416),"-") -> - | T1416: =IFERROR(($K$714*K1416)+($L$714*L1416)+($M$714*M1416),"-") -> - | U1416: =IFERROR(($N$714*N1416)+($O$714*O1416)+($Q$714*Q1416)+($R$714*R1416)+($P$714*P1416),"-") -> - | V1416: =IFERROR(($S$714*S1416)+($T$714*T1416)+($U$714*U1416),"-") -> -

Sheet 2.4 Prioritas Individu
G1: SEBARAN PRIORITAS KECAMATAN BERDASARKAN INDIKATOR INDIVIDU & KOMPOSIT FSVA PROVINSI 2025
A2: PERHITUNGAN PRIORITAS INDIKATOR INDIVIDU
A3: Di Masing-masing Wilayah (Kecamatan)
G4: KETERSEDIAAN | K4: AKSES | N4: PEMANFAATAN
X5: CUT OFF IKP
A6: No. | B6: Nama Kabupaten/Kota | C6: Kode Kab/Kota | D6: Kode Kec Kemendagri | E6: Kode Kec BPS | F6: Nama Kecamatan | G6: 1. NCPR | H6: 2. ENERGY | I6: 3. ANIMAL PROTEIN | J6: 4. FOOD RESERVES | K6: 5. POVERTY | L6: 6. PRICE (CV) | M6: 7. PoU | N6: 8. FEMALE SCHOOL | O6: 9. NO WATER | P6: 10. FOOD SAFETY | Q6: 11. PPH | R6: 12. STUNTING | S6: INDEKS KP KUMULATIF | T6: PERINGKAT KP | U6: PRIORITAS KOMPOSIT | W6: PRIORITAS | X6: CUT OFF SKOR KOMPOSIT MIN MAX (ADJUST ARAH) | Y6: 1. CUT OFF NCPR | Z6: 2. CUT OFF ENERGY | AA6: 3. CUT OFF ANIMAL PROTEIN | AB6: 4. CUT OFF FOOD RESERVES | AC6: 5. CUT OFF POVERTY | AD6: 6. CUT OFF PRICE (CV) | AE6: 7. CUT OFF PoU | AF6: 8. CUT OFF FEMALE SCHOOL | AG6: 9. CUT OFF NO WATER | AH6: 10. CUT OFF FOOD SAFETY | AI6: 11. CUT OFF PPH | AJ6: 12. CUT OFF STUNTING
A7: =IF('2.1 Data FSVA 2025 & Bobot'!A7="","",'2.1 Data FSVA 2025 & Bobot'!A7) | B7: =IF('2.1 Data FSVA 2025 & Bobot'!B7="","",'2.1 Data FSVA 2025 & Bobot'!B7) | C7: =IF('2.1 Data FSVA 2025 & Bobot'!C7="","",'2.1 Data FSVA 2025 & Bobot'!C7) | D7: =IF('2.1 Data FSVA 2025 & Bobot'!D7="","",'2.1 Data FSVA 2025 & Bobot'!D7) | E7: =IF('2.1 Data FSVA 2025 & Bobot'!E7="","",'2.1 Data FSVA 2025 & Bobot'!E7) | F7: =IF('2.1 Data FSVA 2025 & Bobot'!F7="","",'2.1 Data FSVA 2025 & Bobot'!F7) | G7: =IF('2.1 Data FSVA 2025 & Bobot'!G7="","",IF('2.1 Data FSVA 2025 & Bobot'!G7>='2.4 Prioritas Individu'!$Y$7,1,IF('2.1 Data FSVA 2025 & Bobot'!G7>='2.4 Prioritas Individu'!$Y$8,2,IF('2.1 Data FSVA 2025 & Bobot'!G7>='2.4 Prioritas Individu'!$Y$9,3,IF('2.1 Data FSVA 2025 & Bobot'!G7>='2.4 Prioritas Individu'!$Y$10,4,IF('2.1 Data FSVA 2025 & Bobot'!G7>='2.4 Prioritas Individu'!$Y$11,5,6)))))) | H7: =IF('2.1 Data FSVA 2025 & Bobot'!I7="","",IF('2.1 Data FSVA 2025 & Bobot'!I7<'2.4 Prioritas Individu'!$Z$7,1,IF('2.1 Data FSVA 2025 & Bobot'!I7<'2.4 Prioritas Individu'!$Z$8,2,IF('2.1 Data FSVA 2025 & Bobot'!I7<'2.4 Prioritas Individu'!$Z$9,3,IF('2.1 Data FSVA 2025 & Bobot'!I7<'2.4 Prioritas Individu'!$Z$10,4,IF('2.1 Data FSVA 2025 & Bobot'!I7<'2.4 Prioritas Individu'!$Z$11,5,6)))))) | I7: =IF('2.1 Data FSVA 2025 & Bobot'!K7="","",IF('2.1 Data FSVA 2025 & Bobot'!K7<'2.4 Prioritas Individu'!AA$7,1,IF('2.1 Data FSVA 2025 & Bobot'!K7<'2.4 Prioritas Individu'!AA$8,2,IF('2.1 Data FSVA 2025 & Bobot'!K7<'2.4 Prioritas Individu'!AA$9,3,IF('2.1 Data FSVA 2025 & Bobot'!K7<'2.4 Prioritas Individu'!AA$10,4,IF('2.1 Data FSVA 2025 & Bobot'!K7<'2.4 Prioritas Individu'!AA$11,5,6)))))) | J7: =IF('2.1 Data FSVA 2025 & Bobot'!M7="","",IF('2.1 Data FSVA 2025 & Bobot'!M7<'2.4 Prioritas Individu'!AB$7,1,IF('2.1 Data FSVA 2025 & Bobot'!M7<'2.4 Prioritas Individu'!AB$8,2,IF('2.1 Data FSVA 2025 & Bobot'!M7<'2.4 Prioritas Individu'!AB$9,3,IF('2.1 Data FSVA 2025 & Bobot'!M7<'2.4 Prioritas Individu'!AB$10,4,IF('2.1 Data FSVA 2025 & Bobot'!M7<'2.4 Prioritas Individu'!AB$11,5,6)))))) | K7: =IF('2.1 Data FSVA 2025 & Bobot'!O7="","",IF('2.1 Data FSVA 2025 & Bobot'!O7>='2.4 Prioritas Individu'!AC$7,1,IF('2.1 Data FSVA 2025 & Bobot'!O7>='2.4 Prioritas Individu'!AC$8,2,IF('2.1 Data FSVA 2025 & Bobot'!O7>='2.4 Prioritas Individu'!AC$9,3,IF('2.1 Data FSVA 2025 & Bobot'!O7>='2.4 Prioritas Individu'!AC$10,4,IF('2.1 Data FSVA 2025 & Bobot'!O7>='2.4 Prioritas Individu'!AC$11,5,6)))))) | L7: =IF('2.1 Data FSVA 2025 & Bobot'!Q7="","",IF('2.1 Data FSVA 2025 & Bobot'!Q7>='2.4 Prioritas Individu'!AD$7,1,IF('2.1 Data FSVA 2025 & Bobot'!Q7>='2.4 Prioritas Individu'!AD$8,2,IF('2.1 Data FSVA 2025 & Bobot'!Q7>='2.4 Prioritas Individu'!AD$9,3,IF('2.1 Data FSVA 2025 & Bobot'!Q7>='2.4 Prioritas Individu'!AD$10,4,IF('2.1 Data FSVA 2025 & Bobot'!Q7>='2.4 Prioritas Individu'!AD$11,5,6)))))) | M7: =IF('2.1 Data FSVA 2025 & Bobot'!S7="","",IF('2.1 Data FSVA 2025 & Bobot'!S7>='2.4 Prioritas Individu'!AE$7,1,IF('2.1 Data FSVA 2025 & Bobot'!S7>='2.4 Prioritas Individu'!AE$8,2,IF('2.1 Data FSVA 2025 & Bobot'!S7>='2.4 Prioritas Individu'!AE$9,3,IF('2.1 Data FSVA 2025 & Bobot'!S7>='2.4 Prioritas Individu'!AE$10,4,IF('2.1 Data FSVA 2025 & Bobot'!S7>='2.4 Prioritas Individu'!AE$11,5,6)))))) | N7: =IF('2.1 Data FSVA 2025 & Bobot'!U7="","",IF('2.1 Data FSVA 2025 & Bobot'!U7<'2.4 Prioritas Individu'!AF$7,1,IF('2.1 Data FSVA 2025 & Bobot'!U7<'2.4 Prioritas Individu'!AF$8,2,IF('2.1 Data FSVA 2025 & Bobot'!U7<'2.4 Prioritas Individu'!AF$9,3,IF('2.1 Data FSVA 2025 & Bobot'!U7<'2.4 Prioritas Individu'!AF$10,4,IF('2.1 Data FSVA 2025 & Bobot'!U7<'2.4 Prioritas Individu'!AF$11,5,6)))))) | O7: =IF('2.1 Data FSVA 2025 & Bobot'!W7="","",IF('2.1 Data FSVA 2025 & Bobot'!W7>='2.4 Prioritas Individu'!AG$7,1,IF('2.1 Data FSVA 2025 & Bobot'!W7>='2.4 Prioritas Individu'!AG$8,2,IF('2.1 Data FSVA 2025 & Bobot'!W7>='2.4 Prioritas Individu'!AG$9,3,IF('2.1 Data FSVA 2025 & Bobot'!W7>='2.4 Prioritas Individu'!AG$10,4,IF('2.1 Data FSVA 2025 & Bobot'!W7>='2.4 Prioritas Individu'!AG$11,5,6)))))) | P7: =IF('2.1 Data FSVA 2025 & Bobot'!Y7="","",IF('2.1 Data FSVA 2025 & Bobot'!Y7<'2.4 Prioritas Individu'!AH$7,1,IF('2.1 Data FSVA 2025 & Bobot'!Y7<'2.4 Prioritas Individu'!AH$8,2,IF('2.1 Data FSVA 2025 & Bobot'!Y7<'2.4 Prioritas Individu'!AH$9,3,IF('2.1 Data FSVA 2025 & Bobot'!Y7<'2.4 Prioritas Individu'!AH$10,4,IF('2.1 Data FSVA 2025 & Bobot'!Y7<'2.4 Prioritas Individu'!AH$11,5,6)))))) | Q7: =IF('2.1 Data FSVA 2025 & Bobot'!AA7="","",IF('2.1 Data FSVA 2025 & Bobot'!AA7<'2.4 Prioritas Individu'!AI$7,1,IF('2.1 Data FSVA 2025 & Bobot'!AA7<'2.4 Prioritas Individu'!AI$8,2,IF('2.1 Data FSVA 2025 & Bobot'!AA7<'2.4 Prioritas Individu'!AI$9,3,IF('2.1 Data FSVA 2025 & Bobot'!AA7<'2.4 Prioritas Individu'!AI$10,4,IF('2.1 Data FSVA 2025 & Bobot'!AA7<'2.4 Prioritas Individu'!AI$11,5,6)))))) | R7: =IF('2.1 Data FSVA 2025 & Bobot'!AC7="","",IF('2.1 Data FSVA 2025 & Bobot'!AC7>='2.4 Prioritas Individu'!AJ$7,1,IF('2.1 Data FSVA 2025 & Bobot'!AC7>='2.4 Prioritas Individu'!AJ$8,2,IF('2.1 Data FSVA 2025 & Bobot'!AC7>='2.4 Prioritas Individu'!AJ$9,3,4)))) | S7: ='2.3 Indeks & Cut off Komposit'!U11 -> - | T7: =IFERROR(RANK(S7,$S$7:$S$700,0),"-") -> - | U7: =(IF(S7="-","-",IF(S7<=$X$7,1,IF(S7<=$X$8,2,IF(S7<=$X$9,3,IF(S7<=$X$10,4,IF(S7<=$X$11,5,6))))))) -> - | W7: Prioritas 1 | X7: ='2.3 Indeks & Cut off Komposit'!X11*100 -> 45.764822 | Y7: ='2.2 Cut Off Individu & Komposit'!C12 -> 1.5 | Z7: ='2.2 Cut Off Individu & Komposit'!D12 -> 70 | AA7: ='2.2 Cut Off Individu & Komposit'!E12 -> 70 | AB7: ='2.2 Cut Off Individu & Komposit'!F12 -> 0.25 | AC7: ='2.2 Cut Off Individu & Komposit'!G12 -> 30 | AD7: ='2.2 Cut Off Individu & Komposit'!H12 -> 10 | AE7: ='2.2 Cut Off Individu & Komposit'!I12 -> 25 | AF7: ='2.2 Cut Off Individu & Komposit'!J12 -> 6 | ... AJ7: ='2.2 Cut Off Individu & Komposit'!N12 -> 40
A8: =IF('2.1 Data FSVA 2025 & Bobot'!A8="","",'2.1 Data FSVA 2025 & Bobot'!A8) | B8: =IF('2.1 Data FSVA 2025 & Bobot'!B8="","",'2.1 Data FSVA 2025 & Bobot'!B8) | C8: =IF('2.1 Data FSVA 2025 & Bobot'!C8="","",'2.1 Data FSVA 2025 & Bobot'!C8) | D8: =IF('2.1 Data FSVA 2025 & Bobot'!D8="","",'2.1 Data FSVA 2025 & Bobot'!D8) | E8: =IF('2.1 Data FSVA 2025 & Bobot'!E8="","",'2.1 Data FSVA 2025 & Bobot'!E8) | F8: =IF('2.1 Data FSVA 2025 & Bobot'!F8="","",'2.1 Data FSVA 2025 & Bobot'!F8) | G8: =IF('2.1 Data FSVA 2025 & Bobot'!G8="","",IF('2.1 Data FSVA 2025 & Bobot'!G8>='2.4 Prioritas Individu'!$Y$7,1,IF('2.1 Data FSVA 2025 & Bobot'!G8>='2.4 Prioritas Individu'!$Y$8,2,IF('2.1 Data FSVA 2025 & Bobot'!G8>='2.4 Prioritas Individu'!$Y$9,3,IF('2.1 Data FSVA 2025 & Bobot'!G8>='2.4 Prioritas Individu'!$Y$10,4,IF('2.1 Data FSVA 2025 & Bobot'!G8>='2.4 Prioritas Individu'!$Y$11,5,6)))))) | H8: =IF('2.1 Data FSVA 2025 & Bobot'!I8="","",IF('2.1 Data FSVA 2025 & Bobot'!I8<'2.4 Prioritas Individu'!$Z$7,1,IF('2.1 Data FSVA 2025 & Bobot'!I8<'2.4 Prioritas Individu'!$Z$8,2,IF('2.1 Data FSVA 2025 & Bobot'!I8<'2.4 Prioritas Individu'!$Z$9,3,IF('2.1 Data FSVA 2025 & Bobot'!I8<'2.4 Prioritas Individu'!$Z$10,4,IF('2.1 Data FSVA 2025 & Bobot'!I8<'2.4 Prioritas Individu'!$Z$11,5,6)))))) | I8: =IF('2.1 Data FSVA 2025 & Bobot'!K8="","",IF('2.1 Data FSVA 2025 & Bobot'!K8<'2.4 Prioritas Individu'!AA$7,1,IF('2.1 Data FSVA 2025 & Bobot'!K8<'2.4 Prioritas Individu'!AA$8,2,IF('2.1 Data FSVA 2025 & Bobot'!K8<'2.4 Prioritas Individu'!AA$9,3,IF('2.1 Data FSVA 2025 & Bobot'!K8<'2.4 Prioritas Individu'!AA$10,4,IF('2.1 Data FSVA 2025 & Bobot'!K8<'2.4 Prioritas Individu'!AA$11,5,6)))))) | J8: =IF('2.1 Data FSVA 2025 & Bobot'!M8="","",IF('2.1 Data FSVA 2025 & Bobot'!M8<'2.4 Prioritas Individu'!AB$7,1,IF('2.1 Data FSVA 2025 & Bobot'!M8<'2.4 Prioritas Individu'!AB$8,2,IF('2.1 Data FSVA 2025 & Bobot'!M8<'2.4 Prioritas Individu'!AB$9,3,IF('2.1 Data FSVA 2025 & Bobot'!M8<'2.4 Prioritas Individu'!AB$10,4,IF('2.1 Data FSVA 2025 & Bobot'!M8<'2.4 Prioritas Individu'!AB$11,5,6)))))) | K8: =IF('2.1 Data FSVA 2025 & Bobot'!O8="","",IF('2.1 Data FSVA 2025 & Bobot'!O8>='2.4 Prioritas Individu'!AC$7,1,IF('2.1 Data FSVA 2025 & Bobot'!O8>='2.4 Prioritas Individu'!AC$8,2,IF('2.1 Data FSVA 2025 & Bobot'!O8>='2.4 Prioritas Individu'!AC$9,3,IF('2.1 Data FSVA 2025 & Bobot'!O8>='2.4 Prioritas Individu'!AC$10,4,IF('2.1 Data FSVA 2025 & Bobot'!O8>='2.4 Prioritas Individu'!AC$11,5,6)))))) | L8: =IF('2.1 Data FSVA 2025 & Bobot'!Q8="","",IF('2.1 Data FSVA 2025 & Bobot'!Q8>='2.4 Prioritas Individu'!AD$7,1,IF('2.1 Data FSVA 2025 & Bobot'!Q8>='2.4 Prioritas Individu'!AD$8,2,IF('2.1 Data FSVA 2025 & Bobot'!Q8>='2.4 Prioritas Individu'!AD$9,3,IF('2.1 Data FSVA 2025 & Bobot'!Q8>='2.4 Prioritas Individu'!AD$10,4,IF('2.1 Data FSVA 2025 & Bobot'!Q8>='2.4 Prioritas Individu'!AD$11,5,6)))))) | M8: =IF('2.1 Data FSVA 2025 & Bobot'!S8="","",IF('2.1 Data FSVA 2025 & Bobot'!S8>='2.4 Prioritas Individu'!AE$7,1,IF('2.1 Data FSVA 2025 & Bobot'!S8>='2.4 Prioritas Individu'!AE$8,2,IF('2.1 Data FSVA 2025 & Bobot'!S8>='2.4 Prioritas Individu'!AE$9,3,IF('2.1 Data FSVA 2025 & Bobot'!S8>='2.4 Prioritas Individu'!AE$10,4,IF('2.1 Data FSVA 2025 & Bobot'!S8>='2.4 Prioritas Individu'!AE$11,5,6)))))) | N8: =IF('2.1 Data FSVA 2025 & Bobot'!U8="","",IF('2.1 Data FSVA 2025 & Bobot'!U8<'2.4 Prioritas Individu'!AF$7,1,IF('2.1 Data FSVA 2025 & Bobot'!U8<'2.4 Prioritas Individu'!AF$8,2,IF('2.1 Data FSVA 2025 & Bobot'!U8<'2.4 Prioritas Individu'!AF$9,3,IF('2.1 Data FSVA 2025 & Bobot'!U8<'2.4 Prioritas Individu'!AF$10,4,IF('2.1 Data FSVA 2025 & Bobot'!U8<'2.4 Prioritas Individu'!AF$11,5,6)))))) | O8: =IF('2.1 Data FSVA 2025 & Bobot'!W8="","",IF('2.1 Data FSVA 2025 & Bobot'!W8>='2.4 Prioritas Individu'!AG$7,1,IF('2.1 Data FSVA 2025 & Bobot'!W8>='2.4 Prioritas Individu'!AG$8,2,IF('2.1 Data FSVA 2025 & Bobot'!W8>='2.4 Prioritas Individu'!AG$9,3,IF('2.1 Data FSVA 2025 & Bobot'!W8>='2.4 Prioritas Individu'!AG$10,4,IF('2.1 Data FSVA 2025 & Bobot'!W8>='2.4 Prioritas Individu'!AG$11,5,6)))))) | P8: =IF('2.1 Data FSVA 2025 & Bobot'!Y8="","",IF('2.1 Data FSVA 2025 & Bobot'!Y8<'2.4 Prioritas Individu'!AH$7,1,IF('2.1 Data FSVA 2025 & Bobot'!Y8<'2.4 Prioritas Individu'!AH$8,2,IF('2.1 Data FSVA 2025 & Bobot'!Y8<'2.4 Prioritas Individu'!AH$9,3,IF('2.1 Data FSVA 2025 & Bobot'!Y8<'2.4 Prioritas Individu'!AH$10,4,IF('2.1 Data FSVA 2025 & Bobot'!Y8<'2.4 Prioritas Individu'!AH$11,5,6)))))) | Q8: =IF('2.1 Data FSVA 2025 & Bobot'!AA8="","",IF('2.1 Data FSVA 2025 & Bobot'!AA8<'2.4 Prioritas Individu'!AI$7,1,IF('2.1 Data FSVA 2025 & Bobot'!AA8<'2.4 Prioritas Individu'!AI$8,2,IF('2.1 Data FSVA 2025 & Bobot'!AA8<'2.4 Prioritas Individu'!AI$9,3,IF('2.1 Data FSVA 2025 & Bobot'!AA8<'2.4 Prioritas Individu'!AI$10,4,IF('2.1 Data FSVA 2025 & Bobot'!AA8<'2.4 Prioritas Individu'!AI$11,5,6)))))) | R8: =IF('2.1 Data FSVA 2025 & Bobot'!AC8="","",IF('2.1 Data FSVA 2025 & Bobot'!AC8>='2.4 Prioritas Individu'!AJ$7,1,IF('2.1 Data FSVA 2025 & Bobot'!AC8>='2.4 Prioritas Individu'!AJ$8,2,IF('2.1 Data FSVA 2025 & Bobot'!AC8>='2.4 Prioritas Individu'!AJ$9,3,4)))) | S8: ='2.3 Indeks & Cut off Komposit'!U12 -> - | T8: =IFERROR(RANK(S8,$S$7:$S$700,0),"-") -> - | U8: =(IF(S8="-","-",IF(S8<=$X$7,1,IF(S8<=$X$8,2,IF(S8<=$X$9,3,IF(S8<=$X$10,4,IF(S8<=$X$11,5,6))))))) -> - | W8: Prioritas 2 | X8: ='2.3 Indeks & Cut off Komposit'!X12*100 -> 53.475509 | Y8: ='2.2 Cut Off Individu & Komposit'!C13 -> 1.25 | Z8: ='2.2 Cut Off Individu & Komposit'!D13 -> 80 | AA8: ='2.2 Cut Off Individu & Komposit'!E13 -> 80 | AB8: ='2.2 Cut Off Individu & Komposit'!F13 -> 0.375 | AC8: ='2.2 Cut Off Individu & Komposit'!G13 -> 25 | AD8: ='2.2 Cut Off Individu & Komposit'!H13 -> 9 | AE8: ='2.2 Cut Off Individu & Komposit'!I13 -> 20 | AF8: ='2.2 Cut Off Individu & Komposit'!J13 -> 6.5 | ... AI8: ='2.2 Cut Off Individu & Komposit'!M13 -> 75 | AJ8: 30
A9: =IF('2.1 Data FSVA 2025 & Bobot'!A9="","",'2.1 Data FSVA 2025 & Bobot'!A9) | B9: =IF('2.1 Data FSVA 2025 & Bobot'!B9="","",'2.1 Data FSVA 2025 & Bobot'!B9) | C9: =IF('2.1 Data FSVA 2025 & Bobot'!C9="","",'2.1 Data FSVA 2025 & Bobot'!C9) | D9: =IF('2.1 Data FSVA 2025 & Bobot'!D9="","",'2.1 Data FSVA 2025 & Bobot'!D9) | E9: =IF('2.1 Data FSVA 2025 & Bobot'!E9="","",'2.1 Data FSVA 2025 & Bobot'!E9) | F9: =IF('2.1 Data FSVA 2025 & Bobot'!F9="","",'2.1 Data FSVA 2025 & Bobot'!F9) | G9: =IF('2.1 Data FSVA 2025 & Bobot'!G9="","",IF('2.1 Data FSVA 2025 & Bobot'!G9>='2.4 Prioritas Individu'!$Y$7,1,IF('2.1 Data FSVA 2025 & Bobot'!G9>='2.4 Prioritas Individu'!$Y$8,2,IF('2.1 Data FSVA 2025 & Bobot'!G9>='2.4 Prioritas Individu'!$Y$9,3,IF('2.1 Data FSVA 2025 & Bobot'!G9>='2.4 Prioritas Individu'!$Y$10,4,IF('2.1 Data FSVA 2025 & Bobot'!G9>='2.4 Prioritas Individu'!$Y$11,5,6)))))) | H9: =IF('2.1 Data FSVA 2025 & Bobot'!I9="","",IF('2.1 Data FSVA 2025 & Bobot'!I9<'2.4 Prioritas Individu'!$Z$7,1,IF('2.1 Data FSVA 2025 & Bobot'!I9<'2.4 Prioritas Individu'!$Z$8,2,IF('2.1 Data FSVA 2025 & Bobot'!I9<'2.4 Prioritas Individu'!$Z$9,3,IF('2.1 Data FSVA 2025 & Bobot'!I9<'2.4 Prioritas Individu'!$Z$10,4,IF('2.1 Data FSVA 2025 & Bobot'!I9<'2.4 Prioritas Individu'!$Z$11,5,6)))))) | I9: =IF('2.1 Data FSVA 2025 & Bobot'!K9="","",IF('2.1 Data FSVA 2025 & Bobot'!K9<'2.4 Prioritas Individu'!AA$7,1,IF('2.1 Data FSVA 2025 & Bobot'!K9<'2.4 Prioritas Individu'!AA$8,2,IF('2.1 Data FSVA 2025 & Bobot'!K9<'2.4 Prioritas Individu'!AA$9,3,IF('2.1 Data FSVA 2025 & Bobot'!K9<'2.4 Prioritas Individu'!AA$10,4,IF('2.1 Data FSVA 2025 & Bobot'!K9<'2.4 Prioritas Individu'!AA$11,5,6)))))) | J9: =IF('2.1 Data FSVA 2025 & Bobot'!M9="","",IF('2.1 Data FSVA 2025 & Bobot'!M9<'2.4 Prioritas Individu'!AB$7,1,IF('2.1 Data FSVA 2025 & Bobot'!M9<'2.4 Prioritas Individu'!AB$8,2,IF('2.1 Data FSVA 2025 & Bobot'!M9<'2.4 Prioritas Individu'!AB$9,3,IF('2.1 Data FSVA 2025 & Bobot'!M9<'2.4 Prioritas Individu'!AB$10,4,IF('2.1 Data FSVA 2025 & Bobot'!M9<'2.4 Prioritas Individu'!AB$11,5,6)))))) | K9: =IF('2.1 Data FSVA 2025 & Bobot'!O9="","",IF('2.1 Data FSVA 2025 & Bobot'!O9>='2.4 Prioritas Individu'!AC$7,1,IF('2.1 Data FSVA 2025 & Bobot'!O9>='2.4 Prioritas Individu'!AC$8,2,IF('2.1 Data FSVA 2025 & Bobot'!O9>='2.4 Prioritas Individu'!AC$9,3,IF('2.1 Data FSVA 2025 & Bobot'!O9>='2.4 Prioritas Individu'!AC$10,4,IF('2.1 Data FSVA 2025 & Bobot'!O9>='2.4 Prioritas Individu'!AC$11,5,6)))))) | L9: =IF('2.1 Data FSVA 2025 & Bobot'!Q9="","",IF('2.1 Data FSVA 2025 & Bobot'!Q9>='2.4 Prioritas Individu'!AD$7,1,IF('2.1 Data FSVA 2025 & Bobot'!Q9>='2.4 Prioritas Individu'!AD$8,2,IF('2.1 Data FSVA 2025 & Bobot'!Q9>='2.4 Prioritas Individu'!AD$9,3,IF('2.1 Data FSVA 2025 & Bobot'!Q9>='2.4 Prioritas Individu'!AD$10,4,IF('2.1 Data FSVA 2025 & Bobot'!Q9>='2.4 Prioritas Individu'!AD$11,5,6)))))) | M9: =IF('2.1 Data FSVA 2025 & Bobot'!S9="","",IF('2.1 Data FSVA 2025 & Bobot'!S9>='2.4 Prioritas Individu'!AE$7,1,IF('2.1 Data FSVA 2025 & Bobot'!S9>='2.4 Prioritas Individu'!AE$8,2,IF('2.1 Data FSVA 2025 & Bobot'!S9>='2.4 Prioritas Individu'!AE$9,3,IF('2.1 Data FSVA 2025 & Bobot'!S9>='2.4 Prioritas Individu'!AE$10,4,IF('2.1 Data FSVA 2025 & Bobot'!S9>='2.4 Prioritas Individu'!AE$11,5,6)))))) | N9: =IF('2.1 Data FSVA 2025 & Bobot'!U9="","",IF('2.1 Data FSVA 2025 & Bobot'!U9<'2.4 Prioritas Individu'!AF$7,1,IF('2.1 Data FSVA 2025 & Bobot'!U9<'2.4 Prioritas Individu'!AF$8,2,IF('2.1 Data FSVA 2025 & Bobot'!U9<'2.4 Prioritas Individu'!AF$9,3,IF('2.1 Data FSVA 2025 & Bobot'!U9<'2.4 Prioritas Individu'!AF$10,4,IF('2.1 Data FSVA 2025 & Bobot'!U9<'2.4 Prioritas Individu'!AF$11,5,6)))))) | O9: =IF('2.1 Data FSVA 2025 & Bobot'!W9="","",IF('2.1 Data FSVA 2025 & Bobot'!W9>='2.4 Prioritas Individu'!AG$7,1,IF('2.1 Data FSVA 2025 & Bobot'!W9>='2.4 Prioritas Individu'!AG$8,2,IF('2.1 Data FSVA 2025 & Bobot'!W9>='2.4 Prioritas Individu'!AG$9,3,IF('2.1 Data FSVA 2025 & Bobot'!W9>='2.4 Prioritas Individu'!AG$10,4,IF('2.1 Data FSVA 2025 & Bobot'!W9>='2.4 Prioritas Individu'!AG$11,5,6)))))) | P9: =IF('2.1 Data FSVA 2025 & Bobot'!Y9="","",IF('2.1 Data FSVA 2025 & Bobot'!Y9<'2.4 Prioritas Individu'!AH$7,1,IF('2.1 Data FSVA 2025 & Bobot'!Y9<'2.4 Prioritas Individu'!AH$8,2,IF('2.1 Data FSVA 2025 & Bobot'!Y9<'2.4 Prioritas Individu'!AH$9,3,IF('2.1 Data FSVA 2025 & Bobot'!Y9<'2.4 Prioritas Individu'!AH$10,4,IF('2.1 Data FSVA 2025 & Bobot'!Y9<'2.4 Prioritas Individu'!AH$11,5,6)))))) | Q9: =IF('2.1 Data FSVA 2025 & Bobot'!AA9="","",IF('2.1 Data FSVA 2025 & Bobot'!AA9<'2.4 Prioritas Individu'!AI$7,1,IF('2.1 Data FSVA 2025 & Bobot'!AA9<'2.4 Prioritas Individu'!AI$8,2,IF('2.1 Data FSVA 2025 & Bobot'!AA9<'2.4 Prioritas Individu'!AI$9,3,IF('2.1 Data FSVA 2025 & Bobot'!AA9<'2.4 Prioritas Individu'!AI$10,4,IF('2.1 Data FSVA 2025 & Bobot'!AA9<'2.4 Prioritas Individu'!AI$11,5,6)))))) | R9: =IF('2.1 Data FSVA 2025 & Bobot'!AC9="","",IF('2.1 Data FSVA 2025 & Bobot'!AC9>='2.4 Prioritas Individu'!AJ$7,1,IF('2.1 Data FSVA 2025 & Bobot'!AC9>='2.4 Prioritas Individu'!AJ$8,2,IF('2.1 Data FSVA 2025 & Bobot'!AC9>='2.4 Prioritas Individu'!AJ$9,3,4)))) | S9: ='2.3 Indeks & Cut off Komposit'!U13 -> - | T9: =IFERROR(RANK(S9,$S$7:$S$700,0),"-") -> - | U9: =(IF(S9="-","-",IF(S9<=$X$7,1,IF(S9<=$X$8,2,IF(S9<=$X$9,3,IF(S9<=$X$10,4,IF(S9<=$X$11,5,6))))))) -> - | W9: Prioritas 3 | X9: ='2.3 Indeks & Cut off Komposit'!X13*100 -> 61.413469 | Y9: ='2.2 Cut Off Individu & Komposit'!C14 -> 1 | Z9: ='2.2 Cut Off Individu & Komposit'!D14 -> 90 | AA9: ='2.2 Cut Off Individu & Komposit'!E14 -> 90 | AB9: ='2.2 Cut Off Individu & Komposit'!F14 -> 0.5 | AC9: ='2.2 Cut Off Individu & Komposit'!G14 -> 20 | AD9: ='2.2 Cut Off Individu & Komposit'!H14 -> 8 | AE9: ='2.2 Cut Off Individu & Komposit'!I14 -> 15 | AF9: ='2.2 Cut Off Individu & Komposit'!J14 -> 7.5 | ... AI9: ='2.2 Cut Off Individu & Komposit'!M14 -> 80 | AJ9: 20
A10: =IF('2.1 Data FSVA 2025 & Bobot'!A10="","",'2.1 Data FSVA 2025 & Bobot'!A10) | B10: =IF('2.1 Data FSVA 2025 & Bobot'!B10="","",'2.1 Data FSVA 2025 & Bobot'!B10) | C10: =IF('2.1 Data FSVA 2025 & Bobot'!C10="","",'2.1 Data FSVA 2025 & Bobot'!C10) | D10: =IF('2.1 Data FSVA 2025 & Bobot'!D10="","",'2.1 Data FSVA 2025 & Bobot'!D10) | E10: =IF('2.1 Data FSVA 2025 & Bobot'!E10="","",'2.1 Data FSVA 2025 & Bobot'!E10) | F10: =IF('2.1 Data FSVA 2025 & Bobot'!F10="","",'2.1 Data FSVA 2025 & Bobot'!F10) | G10: =IF('2.1 Data FSVA 2025 & Bobot'!G10="","",IF('2.1 Data FSVA 2025 & Bobot'!G10>='2.4 Prioritas Individu'!$Y$7,1,IF('2.1 Data FSVA 2025 & Bobot'!G10>='2.4 Prioritas Individu'!$Y$8,2,IF('2.1 Data FSVA 2025 & Bobot'!G10>='2.4 Prioritas Individu'!$Y$9,3,IF('2.1 Data FSVA 2025 & Bobot'!G10>='2.4 Prioritas Individu'!$Y$10,4,IF('2.1 Data FSVA 2025 & Bobot'!G10>='2.4 Prioritas Individu'!$Y$11,5,6)))))) | H10: =IF('2.1 Data FSVA 2025 & Bobot'!I10="","",IF('2.1 Data FSVA 2025 & Bobot'!I10<'2.4 Prioritas Individu'!$Z$7,1,IF('2.1 Data FSVA 2025 & Bobot'!I10<'2.4 Prioritas Individu'!$Z$8,2,IF('2.1 Data FSVA 2025 & Bobot'!I10<'2.4 Prioritas Individu'!$Z$9,3,IF('2.1 Data FSVA 2025 & Bobot'!I10<'2.4 Prioritas Individu'!$Z$10,4,IF('2.1 Data FSVA 2025 & Bobot'!I10<'2.4 Prioritas Individu'!$Z$11,5,6)))))) | I10: =IF('2.1 Data FSVA 2025 & Bobot'!K10="","",IF('2.1 Data FSVA 2025 & Bobot'!K10<'2.4 Prioritas Individu'!AA$7,1,IF('2.1 Data FSVA 2025 & Bobot'!K10<'2.4 Prioritas Individu'!AA$8,2,IF('2.1 Data FSVA 2025 & Bobot'!K10<'2.4 Prioritas Individu'!AA$9,3,IF('2.1 Data FSVA 2025 & Bobot'!K10<'2.4 Prioritas Individu'!AA$10,4,IF('2.1 Data FSVA 2025 & Bobot'!K10<'2.4 Prioritas Individu'!AA$11,5,6)))))) | J10: =IF('2.1 Data FSVA 2025 & Bobot'!M10="","",IF('2.1 Data FSVA 2025 & Bobot'!M10<'2.4 Prioritas Individu'!AB$7,1,IF('2.1 Data FSVA 2025 & Bobot'!M10<'2.4 Prioritas Individu'!AB$8,2,IF('2.1 Data FSVA 2025 & Bobot'!M10<'2.4 Prioritas Individu'!AB$9,3,IF('2.1 Data FSVA 2025 & Bobot'!M10<'2.4 Prioritas Individu'!AB$10,4,IF('2.1 Data FSVA 2025 & Bobot'!M10<'2.4 Prioritas Individu'!AB$11,5,6)))))) | K10: =IF('2.1 Data FSVA 2025 & Bobot'!O10="","",IF('2.1 Data FSVA 2025 & Bobot'!O10>='2.4 Prioritas Individu'!AC$7,1,IF('2.1 Data FSVA 2025 & Bobot'!O10>='2.4 Prioritas Individu'!AC$8,2,IF('2.1 Data FSVA 2025 & Bobot'!O10>='2.4 Prioritas Individu'!AC$9,3,IF('2.1 Data FSVA 2025 & Bobot'!O10>='2.4 Prioritas Individu'!AC$10,4,IF('2.1 Data FSVA 2025 & Bobot'!O10>='2.4 Prioritas Individu'!AC$11,5,6)))))) | L10: =IF('2.1 Data FSVA 2025 & Bobot'!Q10="","",IF('2.1 Data FSVA 2025 & Bobot'!Q10>='2.4 Prioritas Individu'!AD$7,1,IF('2.1 Data FSVA 2025 & Bobot'!Q10>='2.4 Prioritas Individu'!AD$8,2,IF('2.1 Data FSVA 2025 & Bobot'!Q10>='2.4 Prioritas Individu'!AD$9,3,IF('2.1 Data FSVA 2025 & Bobot'!Q10>='2.4 Prioritas Individu'!AD$10,4,IF('2.1 Data FSVA 2025 & Bobot'!Q10>='2.4 Prioritas Individu'!AD$11,5,6)))))) | M10: =IF('2.1 Data FSVA 2025 & Bobot'!S10="","",IF('2.1 Data FSVA 2025 & Bobot'!S10>='2.4 Prioritas Individu'!AE$7,1,IF('2.1 Data FSVA 2025 & Bobot'!S10>='2.4 Prioritas Individu'!AE$8,2,IF('2.1 Data FSVA 2025 & Bobot'!S10>='2.4 Prioritas Individu'!AE$9,3,IF('2.1 Data FSVA 2025 & Bobot'!S10>='2.4 Prioritas Individu'!AE$10,4,IF('2.1 Data FSVA 2025 & Bobot'!S10>='2.4 Prioritas Individu'!AE$11,5,6)))))) | N10: =IF('2.1 Data FSVA 2025 & Bobot'!U10="","",IF('2.1 Data FSVA 2025 & Bobot'!U10<'2.4 Prioritas Individu'!AF$7,1,IF('2.1 Data FSVA 2025 & Bobot'!U10<'2.4 Prioritas Individu'!AF$8,2,IF('2.1 Data FSVA 2025 & Bobot'!U10<'2.4 Prioritas Individu'!AF$9,3,IF('2.1 Data FSVA 2025 & Bobot'!U10<'2.4 Prioritas Individu'!AF$10,4,IF('2.1 Data FSVA 2025 & Bobot'!U10<'2.4 Prioritas Individu'!AF$11,5,6)))))) | O10: =IF('2.1 Data FSVA 2025 & Bobot'!W10="","",IF('2.1 Data FSVA 2025 & Bobot'!W10>='2.4 Prioritas Individu'!AG$7,1,IF('2.1 Data FSVA 2025 & Bobot'!W10>='2.4 Prioritas Individu'!AG$8,2,IF('2.1 Data FSVA 2025 & Bobot'!W10>='2.4 Prioritas Individu'!AG$9,3,IF('2.1 Data FSVA 2025 & Bobot'!W10>='2.4 Prioritas Individu'!AG$10,4,IF('2.1 Data FSVA 2025 & Bobot'!W10>='2.4 Prioritas Individu'!AG$11,5,6)))))) | P10: =IF('2.1 Data FSVA 2025 & Bobot'!Y10="","",IF('2.1 Data FSVA 2025 & Bobot'!Y10<'2.4 Prioritas Individu'!AH$7,1,IF('2.1 Data FSVA 2025 & Bobot'!Y10<'2.4 Prioritas Individu'!AH$8,2,IF('2.1 Data FSVA 2025 & Bobot'!Y10<'2.4 Prioritas Individu'!AH$9,3,IF('2.1 Data FSVA 2025 & Bobot'!Y10<'2.4 Prioritas Individu'!AH$10,4,IF('2.1 Data FSVA 2025 & Bobot'!Y10<'2.4 Prioritas Individu'!AH$11,5,6)))))) | Q10: =IF('2.1 Data FSVA 2025 & Bobot'!AA10="","",IF('2.1 Data FSVA 2025 & Bobot'!AA10<'2.4 Prioritas Individu'!AI$7,1,IF('2.1 Data FSVA 2025 & Bobot'!AA10<'2.4 Prioritas Individu'!AI$8,2,IF('2.1 Data FSVA 2025 & Bobot'!AA10<'2.4 Prioritas Individu'!AI$9,3,IF('2.1 Data FSVA 2025 & Bobot'!AA10<'2.4 Prioritas Individu'!AI$10,4,IF('2.1 Data FSVA 2025 & Bobot'!AA10<'2.4 Prioritas Individu'!AI$11,5,6)))))) | R10: =IF('2.1 Data FSVA 2025 & Bobot'!AC10="","",IF('2.1 Data FSVA 2025 & Bobot'!AC10>='2.4 Prioritas Individu'!AJ$7,1,IF('2.1 Data FSVA 2025 & Bobot'!AC10>='2.4 Prioritas Individu'!AJ$8,2,IF('2.1 Data FSVA 2025 & Bobot'!AC10>='2.4 Prioritas Individu'!AJ$9,3,4)))) | S10: ='2.3 Indeks & Cut off Komposit'!U14 -> - | T10: =IFERROR(RANK(S10,$S$7:$S$700,0),"-") -> - | U10: =(IF(S10="-","-",IF(S10<=$X$7,1,IF(S10<=$X$8,2,IF(S10<=$X$9,3,IF(S10<=$X$10,4,IF(S10<=$X$11,5,6))))))) -> - | W10: Prioritas 4 | X10: ='2.3 Indeks & Cut off Komposit'!X14*100 -> 69.351429 | Y10: ='2.2 Cut Off Individu & Komposit'!C15 -> 0.75 | Z10: ='2.2 Cut Off Individu & Komposit'!D15 -> 100 | AA10: ='2.2 Cut Off Individu & Komposit'!E15 -> 100 | AB10: ='2.2 Cut Off Individu & Komposit'!F15 -> 0.625 | AC10: ='2.2 Cut Off Individu & Komposit'!G15 -> 15 | AD10: ='2.2 Cut Off Individu & Komposit'!H15 -> 7 | AE10: ='2.2 Cut Off Individu & Komposit'!I15 -> 10 | AF10: ='2.2 Cut Off Individu & Komposit'!J15 -> 8.5 | ... AI10: ='2.2 Cut Off Individu & Komposit'!M15 -> 85 | AJ10: 0
A11: =IF('2.1 Data FSVA 2025 & Bobot'!A11="","",'2.1 Data FSVA 2025 & Bobot'!A11) | B11: =IF('2.1 Data FSVA 2025 & Bobot'!B11="","",'2.1 Data FSVA 2025 & Bobot'!B11) | C11: =IF('2.1 Data FSVA 2025 & Bobot'!C11="","",'2.1 Data FSVA 2025 & Bobot'!C11) | D11: =IF('2.1 Data FSVA 2025 & Bobot'!D11="","",'2.1 Data FSVA 2025 & Bobot'!D11) | E11: =IF('2.1 Data FSVA 2025 & Bobot'!E11="","",'2.1 Data FSVA 2025 & Bobot'!E11) | F11: =IF('2.1 Data FSVA 2025 & Bobot'!F11="","",'2.1 Data FSVA 2025 & Bobot'!F11) | G11: =IF('2.1 Data FSVA 2025 & Bobot'!G11="","",IF('2.1 Data FSVA 2025 & Bobot'!G11>='2.4 Prioritas Individu'!$Y$7,1,IF('2.1 Data FSVA 2025 & Bobot'!G11>='2.4 Prioritas Individu'!$Y$8,2,IF('2.1 Data FSVA 2025 & Bobot'!G11>='2.4 Prioritas Individu'!$Y$9,3,IF('2.1 Data FSVA 2025 & Bobot'!G11>='2.4 Prioritas Individu'!$Y$10,4,IF('2.1 Data FSVA 2025 & Bobot'!G11>='2.4 Prioritas Individu'!$Y$11,5,6)))))) | H11: =IF('2.1 Data FSVA 2025 & Bobot'!I11="","",IF('2.1 Data FSVA 2025 & Bobot'!I11<'2.4 Prioritas Individu'!$Z$7,1,IF('2.1 Data FSVA 2025 & Bobot'!I11<'2.4 Prioritas Individu'!$Z$8,2,IF('2.1 Data FSVA 2025 & Bobot'!I11<'2.4 Prioritas Individu'!$Z$9,3,IF('2.1 Data FSVA 2025 & Bobot'!I11<'2.4 Prioritas Individu'!$Z$10,4,IF('2.1 Data FSVA 2025 & Bobot'!I11<'2.4 Prioritas Individu'!$Z$11,5,6)))))) | I11: =IF('2.1 Data FSVA 2025 & Bobot'!K11="","",IF('2.1 Data FSVA 2025 & Bobot'!K11<'2.4 Prioritas Individu'!AA$7,1,IF('2.1 Data FSVA 2025 & Bobot'!K11<'2.4 Prioritas Individu'!AA$8,2,IF('2.1 Data FSVA 2025 & Bobot'!K11<'2.4 Prioritas Individu'!AA$9,3,IF('2.1 Data FSVA 2025 & Bobot'!K11<'2.4 Prioritas Individu'!AA$10,4,IF('2.1 Data FSVA 2025 & Bobot'!K11<'2.4 Prioritas Individu'!AA$11,5,6)))))) | J11: =IF('2.1 Data FSVA 2025 & Bobot'!M11="","",IF('2.1 Data FSVA 2025 & Bobot'!M11<'2.4 Prioritas Individu'!AB$7,1,IF('2.1 Data FSVA 2025 & Bobot'!M11<'2.4 Prioritas Individu'!AB$8,2,IF('2.1 Data FSVA 2025 & Bobot'!M11<'2.4 Prioritas Individu'!AB$9,3,IF('2.1 Data FSVA 2025 & Bobot'!M11<'2.4 Prioritas Individu'!AB$10,4,IF('2.1 Data FSVA 2025 & Bobot'!M11<'2.4 Prioritas Individu'!AB$11,5,6)))))) | K11: =IF('2.1 Data FSVA 2025 & Bobot'!O11="","",IF('2.1 Data FSVA 2025 & Bobot'!O11>='2.4 Prioritas Individu'!AC$7,1,IF('2.1 Data FSVA 2025 & Bobot'!O11>='2.4 Prioritas Individu'!AC$8,2,IF('2.1 Data FSVA 2025 & Bobot'!O11>='2.4 Prioritas Individu'!AC$9,3,IF('2.1 Data FSVA 2025 & Bobot'!O11>='2.4 Prioritas Individu'!AC$10,4,IF('2.1 Data FSVA 2025 & Bobot'!O11>='2.4 Prioritas Individu'!AC$11,5,6)))))) | L11: =IF('2.1 Data FSVA 2025 & Bobot'!Q11="","",IF('2.1 Data FSVA 2025 & Bobot'!Q11>='2.4 Prioritas Individu'!AD$7,1,IF('2.1 Data FSVA 2025 & Bobot'!Q11>='2.4 Prioritas Individu'!AD$8,2,IF('2.1 Data FSVA 2025 & Bobot'!Q11>='2.4 Prioritas Individu'!AD$9,3,IF('2.1 Data FSVA 2025 & Bobot'!Q11>='2.4 Prioritas Individu'!AD$10,4,IF('2.1 Data FSVA 2025 & Bobot'!Q11>='2.4 Prioritas Individu'!AD$11,5,6)))))) | M11: =IF('2.1 Data FSVA 2025 & Bobot'!S11="","",IF('2.1 Data FSVA 2025 & Bobot'!S11>='2.4 Prioritas Individu'!AE$7,1,IF('2.1 Data FSVA 2025 & Bobot'!S11>='2.4 Prioritas Individu'!AE$8,2,IF('2.1 Data FSVA 2025 & Bobot'!S11>='2.4 Prioritas Individu'!AE$9,3,IF('2.1 Data FSVA 2025 & Bobot'!S11>='2.4 Prioritas Individu'!AE$10,4,IF('2.1 Data FSVA 2025 & Bobot'!S11>='2.4 Prioritas Individu'!AE$11,5,6)))))) | N11: =IF('2.1 Data FSVA 2025 & Bobot'!U11="","",IF('2.1 Data FSVA 2025 & Bobot'!U11<'2.4 Prioritas Individu'!AF$7,1,IF('2.1 Data FSVA 2025 & Bobot'!U11<'2.4 Prioritas Individu'!AF$8,2,IF('2.1 Data FSVA 2025 & Bobot'!U11<'2.4 Prioritas Individu'!AF$9,3,IF('2.1 Data FSVA 2025 & Bobot'!U11<'2.4 Prioritas Individu'!AF$10,4,IF('2.1 Data FSVA 2025 & Bobot'!U11<'2.4 Prioritas Individu'!AF$11,5,6)))))) | O11: =IF('2.1 Data FSVA 2025 & Bobot'!W11="","",IF('2.1 Data FSVA 2025 & Bobot'!W11>='2.4 Prioritas Individu'!AG$7,1,IF('2.1 Data FSVA 2025 & Bobot'!W11>='2.4 Prioritas Individu'!AG$8,2,IF('2.1 Data FSVA 2025 & Bobot'!W11>='2.4 Prioritas Individu'!AG$9,3,IF('2.1 Data FSVA 2025 & Bobot'!W11>='2.4 Prioritas Individu'!AG$10,4,IF('2.1 Data FSVA 2025 & Bobot'!W11>='2.4 Prioritas Individu'!AG$11,5,6)))))) | P11: =IF('2.1 Data FSVA 2025 & Bobot'!Y11="","",IF('2.1 Data FSVA 2025 & Bobot'!Y11<'2.4 Prioritas Individu'!AH$7,1,IF('2.1 Data FSVA 2025 & Bobot'!Y11<'2.4 Prioritas Individu'!AH$8,2,IF('2.1 Data FSVA 2025 & Bobot'!Y11<'2.4 Prioritas Individu'!AH$9,3,IF('2.1 Data FSVA 2025 & Bobot'!Y11<'2.4 Prioritas Individu'!AH$10,4,IF('2.1 Data FSVA 2025 & Bobot'!Y11<'2.4 Prioritas Individu'!AH$11,5,6)))))) | Q11: =IF('2.1 Data FSVA 2025 & Bobot'!AA11="","",IF('2.1 Data FSVA 2025 & Bobot'!AA11<'2.4 Prioritas Individu'!AI$7,1,IF('2.1 Data FSVA 2025 & Bobot'!AA11<'2.4 Prioritas Individu'!AI$8,2,IF('2.1 Data FSVA 2025 & Bobot'!AA11<'2.4 Prioritas Individu'!AI$9,3,IF('2.1 Data FSVA 2025 & Bobot'!AA11<'2.4 Prioritas Individu'!AI$10,4,IF('2.1 Data FSVA 2025 & Bobot'!AA11<'2.4 Prioritas Individu'!AI$11,5,6)))))) | R11: =IF('2.1 Data FSVA 2025 & Bobot'!AC11="","",IF('2.1 Data FSVA 2025 & Bobot'!AC11>='2.4 Prioritas Individu'!AJ$7,1,IF('2.1 Data FSVA 2025 & Bobot'!AC11>='2.4 Prioritas Individu'!AJ$8,2,IF('2.1 Data FSVA 2025 & Bobot'!AC11>='2.4 Prioritas Individu'!AJ$9,3,4)))) | S11: ='2.3 Indeks & Cut off Komposit'!U15 -> - | T11: =IFERROR(RANK(S11,$S$7:$S$700,0),"-") -> - | U11: =(IF(S11="-","-",IF(S11<=$X$7,1,IF(S11<=$X$8,2,IF(S11<=$X$9,3,IF(S11<=$X$10,4,IF(S11<=$X$11,5,6))))))) -> - | W11: Prioritas 5 | X11: ='2.3 Indeks & Cut off Komposit'!X15*100 -> 77.062116 | Y11: ='2.2 Cut Off Individu & Komposit'!C16 -> 0.5 | Z11: ='2.2 Cut Off Individu & Komposit'!D16 -> 110 | AA11: ='2.2 Cut Off Individu & Komposit'!E16 -> 110 | AB11: ='2.2 Cut Off Individu & Komposit'!F16 -> 0.75 | AC11: ='2.2 Cut Off Individu & Komposit'!G16 -> 10 | AD11: ='2.2 Cut Off Individu & Komposit'!H16 -> 6 | AE11: ='2.2 Cut Off Individu & Komposit'!I16 -> 5 | AF11: ='2.2 Cut Off Individu & Komposit'!J16 -> 9 | ... AI11: ='2.2 Cut Off Individu & Komposit'!M16 -> 90 | AJ11: 0
A12: =IF('2.1 Data FSVA 2025 & Bobot'!A12="","",'2.1 Data FSVA 2025 & Bobot'!A12) | B12: =IF('2.1 Data FSVA 2025 & Bobot'!B12="","",'2.1 Data FSVA 2025 & Bobot'!B12) | C12: =IF('2.1 Data FSVA 2025 & Bobot'!C12="","",'2.1 Data FSVA 2025 & Bobot'!C12) | D12: =IF('2.1 Data FSVA 2025 & Bobot'!D12="","",'2.1 Data FSVA 2025 & Bobot'!D12) | E12: =IF('2.1 Data FSVA 2025 & Bobot'!E12="","",'2.1 Data FSVA 2025 & Bobot'!E12) | F12: =IF('2.1 Data FSVA 2025 & Bobot'!F12="","",'2.1 Data FSVA 2025 & Bobot'!F12) | G12: =IF('2.1 Data FSVA 2025 & Bobot'!G12="","",IF('2.1 Data FSVA 2025 & Bobot'!G12>='2.4 Prioritas Individu'!$Y$7,1,IF('2.1 Data FSVA 2025 & Bobot'!G12>='2.4 Prioritas Individu'!$Y$8,2,IF('2.1 Data FSVA 2025 & Bobot'!G12>='2.4 Prioritas Individu'!$Y$9,3,IF('2.1 Data FSVA 2025 & Bobot'!G12>='2.4 Prioritas Individu'!$Y$10,4,IF('2.1 Data FSVA 2025 & Bobot'!G12>='2.4 Prioritas Individu'!$Y$11,5,6)))))) | H12: =IF('2.1 Data FSVA 2025 & Bobot'!I12="","",IF('2.1 Data FSVA 2025 & Bobot'!I12<'2.4 Prioritas Individu'!$Z$7,1,IF('2.1 Data FSVA 2025 & Bobot'!I12<'2.4 Prioritas Individu'!$Z$8,2,IF('2.1 Data FSVA 2025 & Bobot'!I12<'2.4 Prioritas Individu'!$Z$9,3,IF('2.1 Data FSVA 2025 & Bobot'!I12<'2.4 Prioritas Individu'!$Z$10,4,IF('2.1 Data FSVA 2025 & Bobot'!I12<'2.4 Prioritas Individu'!$Z$11,5,6)))))) | I12: =IF('2.1 Data FSVA 2025 & Bobot'!K12="","",IF('2.1 Data FSVA 2025 & Bobot'!K12<'2.4 Prioritas Individu'!AA$7,1,IF('2.1 Data FSVA 2025 & Bobot'!K12<'2.4 Prioritas Individu'!AA$8,2,IF('2.1 Data FSVA 2025 & Bobot'!K12<'2.4 Prioritas Individu'!AA$9,3,IF('2.1 Data FSVA 2025 & Bobot'!K12<'2.4 Prioritas Individu'!AA$10,4,IF('2.1 Data FSVA 2025 & Bobot'!K12<'2.4 Prioritas Individu'!AA$11,5,6)))))) | J12: =IF('2.1 Data FSVA 2025 & Bobot'!M12="","",IF('2.1 Data FSVA 2025 & Bobot'!M12<'2.4 Prioritas Individu'!AB$7,1,IF('2.1 Data FSVA 2025 & Bobot'!M12<'2.4 Prioritas Individu'!AB$8,2,IF('2.1 Data FSVA 2025 & Bobot'!M12<'2.4 Prioritas Individu'!AB$9,3,IF('2.1 Data FSVA 2025 & Bobot'!M12<'2.4 Prioritas Individu'!AB$10,4,IF('2.1 Data FSVA 2025 & Bobot'!M12<'2.4 Prioritas Individu'!AB$11,5,6)))))) | K12: =IF('2.1 Data FSVA 2025 & Bobot'!O12="","",IF('2.1 Data FSVA 2025 & Bobot'!O12>='2.4 Prioritas Individu'!AC$7,1,IF('2.1 Data FSVA 2025 & Bobot'!O12>='2.4 Prioritas Individu'!AC$8,2,IF('2.1 Data FSVA 2025 & Bobot'!O12>='2.4 Prioritas Individu'!AC$9,3,IF('2.1 Data FSVA 2025 & Bobot'!O12>='2.4 Prioritas Individu'!AC$10,4,IF('2.1 Data FSVA 2025 & Bobot'!O12>='2.4 Prioritas Individu'!AC$11,5,6)))))) | L12: =IF('2.1 Data FSVA 2025 & Bobot'!Q12="","",IF('2.1 Data FSVA 2025 & Bobot'!Q12>='2.4 Prioritas Individu'!AD$7,1,IF('2.1 Data FSVA 2025 & Bobot'!Q12>='2.4 Prioritas Individu'!AD$8,2,IF('2.1 Data FSVA 2025 & Bobot'!Q12>='2.4 Prioritas Individu'!AD$9,3,IF('2.1 Data FSVA 2025 & Bobot'!Q12>='2.4 Prioritas Individu'!AD$10,4,IF('2.1 Data FSVA 2025 & Bobot'!Q12>='2.4 Prioritas Individu'!AD$11,5,6)))))) | M12: =IF('2.1 Data FSVA 2025 & Bobot'!S12="","",IF('2.1 Data FSVA 2025 & Bobot'!S12>='2.4 Prioritas Individu'!AE$7,1,IF('2.1 Data FSVA 2025 & Bobot'!S12>='2.4 Prioritas Individu'!AE$8,2,IF('2.1 Data FSVA 2025 & Bobot'!S12>='2.4 Prioritas Individu'!AE$9,3,IF('2.1 Data FSVA 2025 & Bobot'!S12>='2.4 Prioritas Individu'!AE$10,4,IF('2.1 Data FSVA 2025 & Bobot'!S12>='2.4 Prioritas Individu'!AE$11,5,6)))))) | N12: =IF('2.1 Data FSVA 2025 & Bobot'!U12="","",IF('2.1 Data FSVA 2025 & Bobot'!U12<'2.4 Prioritas Individu'!AF$7,1,IF('2.1 Data FSVA 2025 & Bobot'!U12<'2.4 Prioritas Individu'!AF$8,2,IF('2.1 Data FSVA 2025 & Bobot'!U12<'2.4 Prioritas Individu'!AF$9,3,IF('2.1 Data FSVA 2025 & Bobot'!U12<'2.4 Prioritas Individu'!AF$10,4,IF('2.1 Data FSVA 2025 & Bobot'!U12<'2.4 Prioritas Individu'!AF$11,5,6)))))) | O12: =IF('2.1 Data FSVA 2025 & Bobot'!W12="","",IF('2.1 Data FSVA 2025 & Bobot'!W12>='2.4 Prioritas Individu'!AG$7,1,IF('2.1 Data FSVA 2025 & Bobot'!W12>='2.4 Prioritas Individu'!AG$8,2,IF('2.1 Data FSVA 2025 & Bobot'!W12>='2.4 Prioritas Individu'!AG$9,3,IF('2.1 Data FSVA 2025 & Bobot'!W12>='2.4 Prioritas Individu'!AG$10,4,IF('2.1 Data FSVA 2025 & Bobot'!W12>='2.4 Prioritas Individu'!AG$11,5,6)))))) | P12: =IF('2.1 Data FSVA 2025 & Bobot'!Y12="","",IF('2.1 Data FSVA 2025 & Bobot'!Y12<'2.4 Prioritas Individu'!AH$7,1,IF('2.1 Data FSVA 2025 & Bobot'!Y12<'2.4 Prioritas Individu'!AH$8,2,IF('2.1 Data FSVA 2025 & Bobot'!Y12<'2.4 Prioritas Individu'!AH$9,3,IF('2.1 Data FSVA 2025 & Bobot'!Y12<'2.4 Prioritas Individu'!AH$10,4,IF('2.1 Data FSVA 2025 & Bobot'!Y12<'2.4 Prioritas Individu'!AH$11,5,6)))))) | Q12: =IF('2.1 Data FSVA 2025 & Bobot'!AA12="","",IF('2.1 Data FSVA 2025 & Bobot'!AA12<'2.4 Prioritas Individu'!AI$7,1,IF('2.1 Data FSVA 2025 & Bobot'!AA12<'2.4 Prioritas Individu'!AI$8,2,IF('2.1 Data FSVA 2025 & Bobot'!AA12<'2.4 Prioritas Individu'!AI$9,3,IF('2.1 Data FSVA 2025 & Bobot'!AA12<'2.4 Prioritas Individu'!AI$10,4,IF('2.1 Data FSVA 2025 & Bobot'!AA12<'2.4 Prioritas Individu'!AI$11,5,6)))))) | R12: =IF('2.1 Data FSVA 2025 & Bobot'!AC12="","",IF('2.1 Data FSVA 2025 & Bobot'!AC12>='2.4 Prioritas Individu'!AJ$7,1,IF('2.1 Data FSVA 2025 & Bobot'!AC12>='2.4 Prioritas Individu'!AJ$8,2,IF('2.1 Data FSVA 2025 & Bobot'!AC12>='2.4 Prioritas Individu'!AJ$9,3,4)))) | S12: ='2.3 Indeks & Cut off Komposit'!U16 -> - | T12: =IFERROR(RANK(S12,$S$7:$S$700,0),"-") -> - | U12: =(IF(S12="-","-",IF(S12<=$X$7,1,IF(S12<=$X$8,2,IF(S12<=$X$9,3,IF(S12<=$X$10,4,IF(S12<=$X$11,5,6))))))) -> - | W12: Prioritas 6 | X12: ='2.3 Indeks & Cut off Komposit'!X16*100 -> 100 | Y12: ='2.2 Cut Off Individu & Komposit'!C17 -> 0 | Z12: ='2.2 Cut Off Individu & Komposit'!D17 -> 120 | AA12: ='2.2 Cut Off Individu & Komposit'!E17 -> 120 | AB12: ='2.2 Cut Off Individu & Komposit'!F17 -> 3.5 | AC12: ='2.2 Cut Off Individu & Komposit'!G17 -> 0 | AD12: ='2.2 Cut Off Individu & Komposit'!H17 -> 2 | AE12: ='2.2 Cut Off Individu & Komposit'!I17 -> 0 | AF12: ='2.2 Cut Off Individu & Komposit'!J17 -> 12 | ... AJ12: ='2.2 Cut Off Individu & Komposit'!N17 -> 0
A13: =IF('2.1 Data FSVA 2025 & Bobot'!A13="","",'2.1 Data FSVA 2025 & Bobot'!A13) | B13: =IF('2.1 Data FSVA 2025 & Bobot'!B13="","",'2.1 Data FSVA 2025 & Bobot'!B13) | C13: =IF('2.1 Data FSVA 2025 & Bobot'!C13="","",'2.1 Data FSVA 2025 & Bobot'!C13) | D13: =IF('2.1 Data FSVA 2025 & Bobot'!D13="","",'2.1 Data FSVA 2025 & Bobot'!D13) | E13: =IF('2.1 Data FSVA 2025 & Bobot'!E13="","",'2.1 Data FSVA 2025 & Bobot'!E13) | F13: =IF('2.1 Data FSVA 2025 & Bobot'!F13="","",'2.1 Data FSVA 2025 & Bobot'!F13) | G13: =IF('2.1 Data FSVA 2025 & Bobot'!G13="","",IF('2.1 Data FSVA 2025 & Bobot'!G13>='2.4 Prioritas Individu'!$Y$7,1,IF('2.1 Data FSVA 2025 & Bobot'!G13>='2.4 Prioritas Individu'!$Y$8,2,IF('2.1 Data FSVA 2025 & Bobot'!G13>='2.4 Prioritas Individu'!$Y$9,3,IF('2.1 Data FSVA 2025 & Bobot'!G13>='2.4 Prioritas Individu'!$Y$10,4,IF('2.1 Data FSVA 2025 & Bobot'!G13>='2.4 Prioritas Individu'!$Y$11,5,6)))))) | H13: =IF('2.1 Data FSVA 2025 & Bobot'!I13="","",IF('2.1 Data FSVA 2025 & Bobot'!I13<'2.4 Prioritas Individu'!$Z$7,1,IF('2.1 Data FSVA 2025 & Bobot'!I13<'2.4 Prioritas Individu'!$Z$8,2,IF('2.1 Data FSVA 2025 & Bobot'!I13<'2.4 Prioritas Individu'!$Z$9,3,IF('2.1 Data FSVA 2025 & Bobot'!I13<'2.4 Prioritas Individu'!$Z$10,4,IF('2.1 Data FSVA 2025 & Bobot'!I13<'2.4 Prioritas Individu'!$Z$11,5,6)))))) | I13: =IF('2.1 Data FSVA 2025 & Bobot'!K13="","",IF('2.1 Data FSVA 2025 & Bobot'!K13<'2.4 Prioritas Individu'!AA$7,1,IF('2.1 Data FSVA 2025 & Bobot'!K13<'2.4 Prioritas Individu'!AA$8,2,IF('2.1 Data FSVA 2025 & Bobot'!K13<'2.4 Prioritas Individu'!AA$9,3,IF('2.1 Data FSVA 2025 & Bobot'!K13<'2.4 Prioritas Individu'!AA$10,4,IF('2.1 Data FSVA 2025 & Bobot'!K13<'2.4 Prioritas Individu'!AA$11,5,6)))))) | J13: =IF('2.1 Data FSVA 2025 & Bobot'!M13="","",IF('2.1 Data FSVA 2025 & Bobot'!M13<'2.4 Prioritas Individu'!AB$7,1,IF('2.1 Data FSVA 2025 & Bobot'!M13<'2.4 Prioritas Individu'!AB$8,2,IF('2.1 Data FSVA 2025 & Bobot'!M13<'2.4 Prioritas Individu'!AB$9,3,IF('2.1 Data FSVA 2025 & Bobot'!M13<'2.4 Prioritas Individu'!AB$10,4,IF('2.1 Data FSVA 2025 & Bobot'!M13<'2.4 Prioritas Individu'!AB$11,5,6)))))) | K13: =IF('2.1 Data FSVA 2025 & Bobot'!O13="","",IF('2.1 Data FSVA 2025 & Bobot'!O13>='2.4 Prioritas Individu'!AC$7,1,IF('2.1 Data FSVA 2025 & Bobot'!O13>='2.4 Prioritas Individu'!AC$8,2,IF('2.1 Data FSVA 2025 & Bobot'!O13>='2.4 Prioritas Individu'!AC$9,3,IF('2.1 Data FSVA 2025 & Bobot'!O13>='2.4 Prioritas Individu'!AC$10,4,IF('2.1 Data FSVA 2025 & Bobot'!O13>='2.4 Prioritas Individu'!AC$11,5,6)))))) | L13: =IF('2.1 Data FSVA 2025 & Bobot'!Q13="","",IF('2.1 Data FSVA 2025 & Bobot'!Q13>='2.4 Prioritas Individu'!AD$7,1,IF('2.1 Data FSVA 2025 & Bobot'!Q13>='2.4 Prioritas Individu'!AD$8,2,IF('2.1 Data FSVA 2025 & Bobot'!Q13>='2.4 Prioritas Individu'!AD$9,3,IF('2.1 Data FSVA 2025 & Bobot'!Q13>='2.4 Prioritas Individu'!AD$10,4,IF('2.1 Data FSVA 2025 & Bobot'!Q13>='2.4 Prioritas Individu'!AD$11,5,6)))))) | M13: =IF('2.1 Data FSVA 2025 & Bobot'!S13="","",IF('2.1 Data FSVA 2025 & Bobot'!S13>='2.4 Prioritas Individu'!AE$7,1,IF('2.1 Data FSVA 2025 & Bobot'!S13>='2.4 Prioritas Individu'!AE$8,2,IF('2.1 Data FSVA 2025 & Bobot'!S13>='2.4 Prioritas Individu'!AE$9,3,IF('2.1 Data FSVA 2025 & Bobot'!S13>='2.4 Prioritas Individu'!AE$10,4,IF('2.1 Data FSVA 2025 & Bobot'!S13>='2.4 Prioritas Individu'!AE$11,5,6)))))) | N13: =IF('2.1 Data FSVA 2025 & Bobot'!U13="","",IF('2.1 Data FSVA 2025 & Bobot'!U13<'2.4 Prioritas Individu'!AF$7,1,IF('2.1 Data FSVA 2025 & Bobot'!U13<'2.4 Prioritas Individu'!AF$8,2,IF('2.1 Data FSVA 2025 & Bobot'!U13<'2.4 Prioritas Individu'!AF$9,3,IF('2.1 Data FSVA 2025 & Bobot'!U13<'2.4 Prioritas Individu'!AF$10,4,IF('2.1 Data FSVA 2025 & Bobot'!U13<'2.4 Prioritas Individu'!AF$11,5,6)))))) | O13: =IF('2.1 Data FSVA 2025 & Bobot'!W13="","",IF('2.1 Data FSVA 2025 & Bobot'!W13>='2.4 Prioritas Individu'!AG$7,1,IF('2.1 Data FSVA 2025 & Bobot'!W13>='2.4 Prioritas Individu'!AG$8,2,IF('2.1 Data FSVA 2025 & Bobot'!W13>='2.4 Prioritas Individu'!AG$9,3,IF('2.1 Data FSVA 2025 & Bobot'!W13>='2.4 Prioritas Individu'!AG$10,4,IF('2.1 Data FSVA 2025 & Bobot'!W13>='2.4 Prioritas Individu'!AG$11,5,6)))))) | P13: =IF('2.1 Data FSVA 2025 & Bobot'!Y13="","",IF('2.1 Data FSVA 2025 & Bobot'!Y13<'2.4 Prioritas Individu'!AH$7,1,IF('2.1 Data FSVA 2025 & Bobot'!Y13<'2.4 Prioritas Individu'!AH$8,2,IF('2.1 Data FSVA 2025 & Bobot'!Y13<'2.4 Prioritas Individu'!AH$9,3,IF('2.1 Data FSVA 2025 & Bobot'!Y13<'2.4 Prioritas Individu'!AH$10,4,IF('2.1 Data FSVA 2025 & Bobot'!Y13<'2.4 Prioritas Individu'!AH$11,5,6)))))) | Q13: =IF('2.1 Data FSVA 2025 & Bobot'!AA13="","",IF('2.1 Data FSVA 2025 & Bobot'!AA13<'2.4 Prioritas Individu'!AI$7,1,IF('2.1 Data FSVA 2025 & Bobot'!AA13<'2.4 Prioritas Individu'!AI$8,2,IF('2.1 Data FSVA 2025 & Bobot'!AA13<'2.4 Prioritas Individu'!AI$9,3,IF('2.1 Data FSVA 2025 & Bobot'!AA13<'2.4 Prioritas Individu'!AI$10,4,IF('2.1 Data FSVA 2025 & Bobot'!AA13<'2.4 Prioritas Individu'!AI$11,5,6)))))) | R13: =IF('2.1 Data FSVA 2025 & Bobot'!AC13="","",IF('2.1 Data FSVA 2025 & Bobot'!AC13>='2.4 Prioritas Individu'!AJ$7,1,IF('2.1 Data FSVA 2025 & Bobot'!AC13>='2.4 Prioritas Individu'!AJ$8,2,IF('2.1 Data FSVA 2025 & Bobot'!AC13>='2.4 Prioritas Individu'!AJ$9,3,4)))) | S13: ='2.3 Indeks & Cut off Komposit'!U17 -> - | T13: =IFERROR(RANK(S13,$S$7:$S$700,0),"-") -> - | U13: =(IF(S13="-","-",IF(S13<=$X$7,1,IF(S13<=$X$8,2,IF(S13<=$X$9,3,IF(S13<=$X$10,4,IF(S13<=$X$11,5,6))))))) -> -
