Workbook

Sheet 3.1 Cut Off Komposit_Individu 
C5: INDEKS KOMPOSIT | I5: 1. Rasio Konsumsi Normatif | O5: 2. Rasio Konsumsi Energi | U5: 3. Rasio Konsumsi Protein Hewani | AA5: 4. Rasio Cadangan Pangan per Kapita | AG5: 5. Persentase Penduduk Miskin | AM5: 6. Koefisien Varian (CV) Harga Pangan
B6: CUT OFF SKOR KOMPOSIT Z_Scale ARAH (+) | C6: PRIORITAS KOMPOSIT | D6: CUT OFF INDEKS KOMPOSIT | I6: PRIORITAS INDIVIDU | J6: CUT OFF RASIO KONSUMSI NORMATIVE TERHADAP PRODUKSI BERSIH | O6: PRIORITAS INDIVIDU | P6: CUT OFF | U6: PRIORITAS INDIVIDU | V6: CUT OFF | AA6: PRIORITAS INDIVIDU | AB6: CUT OFF | AG6: PRIORITAS INDIVIDU | AH6: CUT OFF PERSENTASE PDDUK HIDUP DIBAWAH GARIS KEMISKINAN | AM6: PRIORITAS INDIVIDU | AN6: CUT OFF
C7: Prioritas 1 | F7: <= | G7: =IF('[2]2.4 Prioritas Individu'!X7="","",'[2]2.4 Prioritas Individu'!X7) -> 45.764822 | I7: Prioritas 1 | K7: >= | M7: =IF('[2]2.4 Prioritas Individu'!Y7="","",'[2]2.4 Prioritas Individu'!Y7) -> 1.5 | O7: Prioritas 1 | Q7: < | S7: =IF('[2]2.4 Prioritas Individu'!Z7="","",'[2]2.4 Prioritas Individu'!Z7) -> 70 | U7: Prioritas 1 | W7: < | Y7: =IF('[2]2.4 Prioritas Individu'!AA7="","",'[2]2.4 Prioritas Individu'!AA7) -> 70 | AA7: Prioritas 1 | AC7: < | AE7: =IF('[2]2.4 Prioritas Individu'!AB7="","",'[2]2.4 Prioritas Individu'!AB7) -> 0.25 | AG7: Prioritas 1 | AI7: >= | AK7: =IF('[2]2.4 Prioritas Individu'!AC7="","",'[2]2.4 Prioritas Individu'!AC7) -> 30 | AM7: Prioritas 1 | AO7: >= | AQ7: =IF('[2]2.4 Prioritas Individu'!AD7="","",'[2]2.4 Prioritas Individu'!AD7) -> 10
C8: Prioritas 2 | D8: > | E8: =G7 -> 45.764822 | F8: − | G8: =IF('[2]2.4 Prioritas Individu'!X8="","",'[2]2.4 Prioritas Individu'!X8) -> 53.475509 | I8: Prioritas 2 | K8: =M9 -> 1.25 | L8: -< | M8: =IF('[2]2.4 Prioritas Individu'!Y7="","",'[2]2.4 Prioritas Individu'!Y7) -> 1.5 | O8: Prioritas 2 | P8: >- | Q8: =S7 -> 70 | R8: - | S8: =IF('[2]2.4 Prioritas Individu'!Z8="","",'[2]2.4 Prioritas Individu'!Z8) -> 80 | U8: Prioritas 2 | V8: >- | W8: =Y7 -> 70 | X8: - | Y8: =IF('[2]2.4 Prioritas Individu'!AA8="","",'[2]2.4 Prioritas Individu'!AA8) -> 80 | AA8: Prioritas 2 | AB8: >- | AC8: =AE7 -> 0.25 | AD8: - | AE8: =IF('[2]2.4 Prioritas Individu'!AB8="","",'[2]2.4 Prioritas Individu'!AB8) -> 0.375 | AG8: Prioritas 2 | AI8: =AK9 -> 25 | AJ8: -< | AK8: =IF('[2]2.4 Prioritas Individu'!AC7="","",'[2]2.4 Prioritas Individu'!AC7) -> 30 | AM8: Prioritas 2 | AO8: =AQ9 -> 9 | AP8: -< | AQ8: =IF('[2]2.4 Prioritas Individu'!AD7="","",'[2]2.4 Prioritas Individu'!AD7) -> 10
C9: Prioritas 3 | D9: > | E9: =G8 -> 53.475509 | F9: − | G9: =IF('[2]2.4 Prioritas Individu'!X9="","",'[2]2.4 Prioritas Individu'!X9) -> 61.413469 | I9: Prioritas 3 | K9: =M10 -> 1 | L9: -< | M9: =IF('[2]2.4 Prioritas Individu'!Y8="","",'[2]2.4 Prioritas Individu'!Y8) -> 1.25 | O9: Prioritas 3 | P9: >- | Q9: =S8 -> 80 | R9: - | S9: =IF('[2]2.4 Prioritas Individu'!Z9="","",'[2]2.4 Prioritas Individu'!Z9) -> 90 | U9: Prioritas 3 | V9: >- | W9: =Y8 -> 80 | X9: - | Y9: =IF('[2]2.4 Prioritas Individu'!AA9="","",'[2]2.4 Prioritas Individu'!AA9) -> 90 | AA9: Prioritas 3 | AB9: >- | AC9: =AE8 -> 0.375 | AD9: - | AE9: =IF('[2]2.4 Prioritas Individu'!AB9="","",'[2]2.4 Prioritas Individu'!AB9) -> 0.5 | AG9: Prioritas 3 | AI9: =AK10 -> 20 | AJ9: -< | AK9: =IF('[2]2.4 Prioritas Individu'!AC8="","",'[2]2.4 Prioritas Individu'!AC8) -> 25 | AM9: Prioritas 3 | AO9: =AQ10 -> 8 | AP9: -< | AQ9: =IF('[2]2.4 Prioritas Individu'!AD8="","",'[2]2.4 Prioritas Individu'!AD8) -> 9
C10: Prioritas 4 | D10: > | E10: =G9 -> 61.413469 | F10: − | G10: =IF('[2]2.4 Prioritas Individu'!X10="","",'[2]2.4 Prioritas Individu'!X10) -> 69.351429 | I10: Prioritas 4 | K10: =M11 -> 0.75 | L10: -< | M10: =IF('[2]2.4 Prioritas Individu'!Y9="","",'[2]2.4 Prioritas Individu'!Y9) -> 1 | O10: Prioritas 4 | P10: >- | Q10: =S9 -> 90 | R10: - | S10: =IF('[2]2.4 Prioritas Individu'!Z10="","",'[2]2.4 Prioritas Individu'!Z10) -> 100 | U10: Prioritas 4 | V10: >- | W10: =Y9 -> 90 | X10: - | Y10: =IF('[2]2.4 Prioritas Individu'!AA10="","",'[2]2.4 Prioritas Individu'!AA10) -> 100 | AA10: Prioritas 4 | AB10: >- | AC10: =AE9 -> 0.5 | AD10: - | AE10: =IF('[2]2.4 Prioritas Individu'!AB10="","",'[2]2.4 Prioritas Individu'!AB10) -> 0.625 | AG10: Prioritas 4 | AI10: =AK11 -> 15 | AJ10: -< | AK10: =IF('[2]2.4 Prioritas Individu'!AC9="","",'[2]2.4 Prioritas Individu'!AC9) -> 20 | AM10: Prioritas 4 | AO10: =AQ11 -> 7 | AP10: -< | AQ10: =IF('[2]2.4 Prioritas Individu'!AD9="","",'[2]2.4 Prioritas Individu'!AD9) -> 8
C11: Prioritas 5 | D11: > | E11: =G10 -> 69.351429 | F11: − | G11: =IF('[2]2.4 Prioritas Individu'!X11="","",'[2]2.4 Prioritas Individu'!X11) -> 77.062116 | I11: Prioritas 5 | K11: =M12 -> 0.5 | L11: -< | M11: =IF('[2]2.4 Prioritas Individu'!Y10="","",'[2]2.4 Prioritas Individu'!Y10) -> 0.75 | O11: Prioritas 5 | P11: >- | Q11: =S10 -> 100 | R11: - | S11: =IF('[2]2.4 Prioritas Individu'!Z11="","",'[2]2.4 Prioritas Individu'!Z11) -> 110 | U11: Prioritas 5 | V11: >- | W11: =Y10 -> 100 | X11: - | Y11: =IF('[2]2.4 Prioritas Individu'!AA11="","",'[2]2.4 Prioritas Individu'!AA11) -> 110 | AA11: Prioritas 5 | AB11: >- | AC11: =AE10 -> 0.625 | AD11: - | AE11: =IF('[2]2.4 Prioritas Individu'!AB11="","",'[2]2.4 Prioritas Individu'!AB11) -> 0.75 | AG11: Prioritas 5 | AI11: =AK12 -> 10 | AJ11: -< | AK11: =IF('[2]2.4 Prioritas Individu'!AC10="","",'[2]2.4 Prioritas Individu'!AC10) -> 15 | AM11: Prioritas 5 | AO11: =AQ12 -> 6 | AP11: -< | AQ11: =IF('[2]2.4 Prioritas Individu'!AD10="","",'[2]2.4 Prioritas Individu'!AD10) -> 7
C12: Prioritas 6 | F12: > | G12: =IF('[2]2.4 Prioritas Individu'!X11="","",'[2]2.4 Prioritas Individu'!X11) -> 77.062116 | I12: Prioritas 6 | K12: < | M12: =IF('[2]2.4 Prioritas Individu'!Y11="","",'[2]2.4 Prioritas Individu'!Y11) -> 0.5 | O12: Prioritas 6 | Q12: >= | S12: =IF('[2]2.4 Prioritas Individu'!Z11="","",'[2]2.4 Prioritas Individu'!Z11) -> 110 | U12: Prioritas 6 | W12: >= | Y12: =IF('[2]2.4 Prioritas Individu'!AA11="","",'[2]2.4 Prioritas Individu'!AA11) -> 110 | AA12: Prioritas 6 | AC12: >= | AE12: =IF('[2]2.4 Prioritas Individu'!AB11="","",'[2]2.4 Prioritas Individu'!AB11) -> 0.75 | AG12: Prioritas 6 | AI12: < | AK12: =IF('[2]2.4 Prioritas Individu'!AC11="","",'[2]2.4 Prioritas Individu'!AC11) -> 10 | AM12: Prioritas 6 | AO12: < | AQ12: =IF('[2]2.4 Prioritas Individu'!AD11="","",'[2]2.4 Prioritas Individu'!AD11) -> 6
C16: 7. Prevalence of Undernourishment (PoU) | I16: 8. Rata-rata Lama Sekolah Perempuan | O16: 9. Persentase Tanpa Air Bersih | U16: 10. Persentase Sertifikasi Keamanan Pangan (Segar dan Siap Saji) yang Memenuhi Standar | AA16: 11. Skor Pola Pangan Harapan | AG16: 12. Persentase Balita Stunting
C17: PRIORITAS INDIVIDU | D17: CUT OFF | I17: PRIORITAS INDIVIDU | J17: CUT OFF RATA-RATA LAMA SEKOLAH PEREMPUAN USIA >15 TAHUN | O17: PRIORITAS INDIVIDU | P17: CUT OFF PERSENTASE RUMAH TANGGA TANPA AKSES AIR BERSIH | U17: PRIORITAS INDIVIDU | V17: CUT OFF | AA17: PRIORITAS INDIVIDU | AB17: CUT OFF | AG17: PRIORITAS INDIVIDU | AH17: CUT OFF PERSENTASE BALITA STUNTING
C18: Prioritas 1 | E18: >= | G18: =IF('[2]2.4 Prioritas Individu'!AE7="","",'[2]2.4 Prioritas Individu'!AE7) -> 25 | I18: Prioritas 1 | K18: < | M18: =IF('[2]2.4 Prioritas Individu'!AF7="","",'[2]2.4 Prioritas Individu'!AF7) -> 6 | O18: Prioritas 1 | Q18: >= | S18: =IF('[2]2.4 Prioritas Individu'!AG7="","",'[2]2.4 Prioritas Individu'!AG7) -> 70 | U18: Prioritas 1 | W18: < | Y18: =IF('[2]2.4 Prioritas Individu'!AH7="","",'[2]2.4 Prioritas Individu'!AH7) -> 30 | AA18: Prioritas 1 | AD18: < | AE18: =IF('[2]2.4 Prioritas Individu'!AI7="","",'[2]2.4 Prioritas Individu'!AI7) -> 70 | AG18: Prioritas 1 | AI18: >= | AK18: =IF('[2]2.4 Prioritas Individu'!AJ7="","",'[2]2.4 Prioritas Individu'!AJ7) -> 40
C19: Prioritas 2 | E19: =G20 -> 20 | F19: -< | G19: =IF('[2]2.4 Prioritas Individu'!AE7="","",'[2]2.4 Prioritas Individu'!AE7) -> 25 | I19: Prioritas 2 | J19: >- | K19: =M18 -> 6 | L19: - | M19: =IF('[2]2.4 Prioritas Individu'!AF8="","",'[2]2.4 Prioritas Individu'!AF8) -> 6.5 | O19: Prioritas 2 | Q19: =S20 -> 60 | R19: -< | S19: =IF('[2]2.4 Prioritas Individu'!AG7="","",'[2]2.4 Prioritas Individu'!AG7) -> 70 | U19: Prioritas 2 | V19: >- | W19: =Y18 -> 30 | X19: - | Y19: =IF('[2]2.4 Prioritas Individu'!AH8="","",'[2]2.4 Prioritas Individu'!AH8) -> 40 | AA19: Prioritas 2 | AB19: >- | AC19: =AE18 -> 70 | AD19: - | AE19: =IF('[2]2.4 Prioritas Individu'!AI8="","",'[2]2.4 Prioritas Individu'!AI8) -> 75 | AG19: Prioritas 2 | AI19: =AK20 -> 30 | AJ19: -< | AK19: =IF('[2]2.4 Prioritas Individu'!AJ7="","",'[2]2.4 Prioritas Individu'!AJ7) -> 40
C20: Prioritas 3 | E20: =G21 -> 15 | F20: -< | G20: =IF('[2]2.4 Prioritas Individu'!AE8="","",'[2]2.4 Prioritas Individu'!AE8) -> 20 | I20: Prioritas 3 | J20: >- | K20: =M19 -> 6.5 | L20: - | M20: =IF('[2]2.4 Prioritas Individu'!AF9="","",'[2]2.4 Prioritas Individu'!AF9) -> 7.5 | O20: Prioritas 3 | Q20: =S21 -> 50 | R20: -< | S20: =IF('[2]2.4 Prioritas Individu'!AG8="","",'[2]2.4 Prioritas Individu'!AG8) -> 60 | U20: Prioritas 3 | V20: >- | W20: =Y19 -> 40 | X20: - | Y20: =IF('[2]2.4 Prioritas Individu'!AH9="","",'[2]2.4 Prioritas Individu'!AH9) -> 50 | AA20: Prioritas 3 | AB20: >- | AC20: =AE19 -> 75 | AD20: - | AE20: =IF('[2]2.4 Prioritas Individu'!AI9="","",'[2]2.4 Prioritas Individu'!AI9) -> 80 | AG20: Prioritas 3 | AI20: =AK21 -> 20 | AJ20: -< | AK20: =IF('[2]2.4 Prioritas Individu'!AJ8="","",'[2]2.4 Prioritas Individu'!AJ8) -> 30
C21: Prioritas 4 | E21: =G22 -> 10 | F21: -< | G21: =IF('[2]2.4 Prioritas Individu'!AE9="","",'[2]2.4 Prioritas Individu'!AE9) -> 15 | I21: Prioritas 4 | J21: >- | K21: =M20 -> 7.5 | L21: - | M21: =IF('[2]2.4 Prioritas Individu'!AF10="","",'[2]2.4 Prioritas Individu'!AF10) -> 8.5 | O21: Prioritas 4 | Q21: =S22 -> 40 | R21: -< | S21: =IF('[2]2.4 Prioritas Individu'!AG9="","",'[2]2.4 Prioritas Individu'!AG9) -> 50 | U21: Prioritas 4 | V21: >- | W21: =Y20 -> 50 | X21: - | Y21: =IF('[2]2.4 Prioritas Individu'!AH10="","",'[2]2.4 Prioritas Individu'!AH10) -> 60 | AA21: Prioritas 4 | AB21: >- | AC21: =AE20 -> 80 | AD21: - | AE21: =IF('[2]2.4 Prioritas Individu'!AI10="","",'[2]2.4 Prioritas Individu'!AI10) -> 85 | AG21: Prioritas 4 | AI21: < | AK21: =IF('[2]2.4 Prioritas Individu'!AJ9="","",'[2]2.4 Prioritas Individu'!AJ9) -> 20
C22: Prioritas 5 | E22: =G23 -> 5 | F22: -< | G22: =IF('[2]2.4 Prioritas Individu'!AE10="","",'[2]2.4 Prioritas Individu'!AE10) -> 10 | I22: Prioritas 5 | J22: >- | K22: =M21 -> 8.5 | L22: - | M22: =IF('[2]2.4 Prioritas Individu'!AF11="","",'[2]2.4 Prioritas Individu'!AF11) -> 9 | O22: Prioritas 5 | Q22: =S23 -> 30 | R22: -< | S22: =IF('[2]2.4 Prioritas Individu'!AG10="","",'[2]2.4 Prioritas Individu'!AG10) -> 40 | U22: Prioritas 5 | V22: >- | W22: =Y21 -> 60 | X22: - | Y22: =IF('[2]2.4 Prioritas Individu'!AH11="","",'[2]2.4 Prioritas Individu'!AH11) -> 70 | AA22: Prioritas 5 | AB22: >- | AC22: =AE21 -> 85 | AD22: - | AE22: =IF('[2]2.4 Prioritas Individu'!AI11="","",'[2]2.4 Prioritas Individu'!AI11) -> 90
C23: Prioritas 6 | E23: < | G23: =IF('[2]2.4 Prioritas Individu'!AE11="","",'[2]2.4 Prioritas Individu'!AE11) -> 5 | I23: Prioritas 6 | K23: >= | M23: =IF('[2]2.4 Prioritas Individu'!AF11="","",'[2]2.4 Prioritas Individu'!AF11) -> 9 | O23: Prioritas 6 | Q23: < | S23: =IF('[2]2.4 Prioritas Individu'!AG11="","",'[2]2.4 Prioritas Individu'!AG11) -> 30 | U23: Prioritas 6 | W23: >= | Y23: =IF('[2]2.4 Prioritas Individu'!AH11="","",'[2]2.4 Prioritas Individu'!AH11) -> 70 | AA23: Prioritas 6 | AD23: >= | AE23: =IF('[2]2.4 Prioritas Individu'!AI11="","",'[2]2.4 Prioritas Individu'!AI11) -> 90

Sheet 3.2 Data & Hasil FSVA 2025
B2: Provinsi : | C2: =IF('[1]0.1 Produksi Pangan & Penduduk'!$C$3="","",'[1]0.1 Produksi Pangan & Penduduk'!$C$3)
A5: No. | B5: Nama Kabupaten/Kota | C5: Kode Kab/Kota | D5: Kode Kec Kemendagri | E5: Kode Kec BPS | F5: Nama Kecamatan | G5: Produksi Padi (ton) | H5: Konversi Padi ke Beras | I5: Produksi Jagung (ton) | J5: Produksi Ubi Kayu (ton) | K5: Produksi Ubi Jalar (ton) | L5: Produksi Sagu (ton) | M5: Produksi Pisang (ton) | N5: Konsumsi Energi (kkal/kap/hr) | O5: Kebutuhan Energi (kkal/kap/hr) | P5: Konsumsi Protein (gr/kap/hr) | Q5: Kebutuhan Protein (gr/kap/hr) | R5: Cadangan Beras Pemerintah Prov (CBPP) (kg) | S5: Jumlah Penduduk Prov (jiwa) | T5: CBPP per kapita | U5: Cadangan Beras Pemerintah Kab/Kota (CBPK)(kg) | V5: Jumlah Penduduk Kab/Kota (jiwa) | W5: CBPK per kapita | X5: Cadangan Beras Pemerinta (CBP) Kec (kg) | Y5: Jumlah Penduduk Kec (jiwa) | Z5: CBP Kec per kapita | AA5: CV Harga Beras Medium | AB5: CV Harga Daging Ayam Ras | AC5: CV Harga Telur Ayam Ras | AD5: CV Harga Minyak Goreng Kemasan | AE5: Sertifikasi Keamanan Pangan Segar | AF5: Sertifikasi Keamanan Pangan Siap Saji | AG5: 1. Rasio konsumsi normatif per kapita thd produksi bersih pangan (padi, jagung, ubi kayu, ubi jalar, sagu, pisang) (NCPR) | AH5: 2. Rasio ketersediaan energi per kapita per hari terhadap standar kebutuhan | AI5: 3. Rasio ketersediaan protein hewani per kapita per hari terhadap standar kebutuhan | AJ5: 4. Cadangan pangan per kapita | AK5: 5. Presentase penduduk dengan tingkat kesejahteraan rendah | AL5: 6. Koefisien varian harga (beras medium, daging ayam ras, telur ayam, dan minyak goreng) | AM5: 7. Prevalence of Undernourishment (PoU)/Prevalensi Ketidakcukupan Konsumsi Pangan | AN5: 8. Rata2 lama sekolah perempuan umur 15 tahun ke atas | AO5: 9. Presentase RT tanpa akses ke air bersih | AP5: 10. Persentase keamanan pangan (segar & siap saji) yang memenuhi standar terhadap total sampel | AQ5: 11. Skor Pola Pangan Harapan (PPH) | AR5: 12. Presentase balita dengan tinggi badan di bawah standar (Stunting) | AS5: 1. Prioritas NCPR | AT5: 2. Prioritas ENERGY | AU5: 3. Prioritas ANIMAL PROTEIN | AV5: 4. Prioritas FOOD RESERVES | AW5: 5. Prioritas POVERTY | AX5: 6. Prioritas PRICE (CV) | AY5: 7. Prioritas PoU | AZ5: 8. Prioritas FEMALE SCHOOL | BA5: 9. Prioritas NO WATER | BB5: 10. Prioritas FOOD SAFETY | BC5: 11. Prioritas PPH | BD5: 12. Prioritas STUNTING | BE5: INDEKS KOMPOSIT | BF5: PERINGKAT | BG5: PRIORITAS KOMPOSIT | BH5: 1. Skor NCPR | BI5: 2. Skor ENERGY | BJ5: 3. Skor ANIMAL PROTEIN | BK5: 4. Skor FOOD RESERVES | BL5: 5. Skor POVERTY | BM5: 6. Skor PRICE (CV) | BN5: 7. Skor PoU | BO5: 8. Skor FEMALE SCHOOL | BP5: 9. Skor NO WATER | BQ5: 10.Skor FOOD SAFETY | BR5: 11. Skor PPH | BS5: 12.Skor STUNTING | BT5: INDEKS KETERSEDIAAN | BU5: INDEKS KETERJANGKAUAN | BV5: INDEKS PEMANFAATAN | BW5: INDEKS KOMPOSIT
A6: =IF('[1]0.1 Produksi Pangan & Penduduk'!A6="","",'[1]0.1 Produksi Pangan & Penduduk'!A6) | B6: =IF('[1]0.1 Produksi Pangan & Penduduk'!B6="","",'[1]0.1 Produksi Pangan & Penduduk'!B6) | C6: =IF('[1]0.1 Produksi Pangan & Penduduk'!C6="","",'[1]0.1 Produksi Pangan & Penduduk'!C6) | D6: =IF('[1]0.1 Produksi Pangan & Penduduk'!D6="","",'[1]0.1 Produksi Pangan & Penduduk'!D6) | E6: =IF('[1]0.1 Produksi Pangan & Penduduk'!E6="","",'[1]0.1 Produksi Pangan & Penduduk'!E6) | F6: =IF('[1]0.1 Produksi Pangan & Penduduk'!F6="","",'[1]0.1 Produksi Pangan & Penduduk'!F6) | G6: =IF('[1]0.1 Produksi Pangan & Penduduk'!J6="","",'[1]0.1 Produksi Pangan & Penduduk'!J6) | H6: =IF('[1]0.1 Produksi Pangan & Penduduk'!M6="","",'[1]0.1 Produksi Pangan & Penduduk'!M6) | I6: =IF('[1]0.1 Produksi Pangan & Penduduk'!S6="","",'[1]0.1 Produksi Pangan & Penduduk'!S6) | J6: =IF('[1]0.1 Produksi Pangan & Penduduk'!Y6="","",'[1]0.1 Produksi Pangan & Penduduk'!Y6) | K6: =IF('[1]0.1 Produksi Pangan & Penduduk'!AE6="","",'[1]0.1 Produksi Pangan & Penduduk'!AE6) | L6: =IF('[1]0.1 Produksi Pangan & Penduduk'!AK6="","",'[1]0.1 Produksi Pangan & Penduduk'!AK6) | M6: =IF('[1]0.1 Produksi Pangan & Penduduk'!AQ6="","",'[1]0.1 Produksi Pangan & Penduduk'!AQ6) | N6: =IF('[1]0.2 Konsumsi Energi'!J6="","",'[1]0.2 Konsumsi Energi'!J6) | O6: =IF('[1]0.2 Konsumsi Energi'!M6="","",'[1]0.2 Konsumsi Energi'!M6) -> 2100 | P6: =IF('[1]0.3 Konsumsi Protein Hewani'!J6="","",'[1]0.3 Konsumsi Protein Hewani'!J6) | Q6: =IF('[1]0.3 Konsumsi Protein Hewani'!M6="","",'[1]0.3 Konsumsi Protein Hewani'!M6) -> 25 | R6: =IF('[1]0.4 Stok_Cadangan'!J6="","",'[1]0.4 Stok_Cadangan'!J6) | S6: =IF('[1]0.4 Stok_Cadangan'!M6="","",'[1]0.4 Stok_Cadangan'!M6) | T6: =IF('[1]0.4 Stok_Cadangan'!P6="","",'[1]0.4 Stok_Cadangan'!P6) | U6: =IF('[1]0.4 Stok_Cadangan'!T6="","",'[1]0.4 Stok_Cadangan'!T6) | V6: =IF('[1]0.4 Stok_Cadangan'!W6="","",'[1]0.4 Stok_Cadangan'!W6) | W6: =IF('[1]0.4 Stok_Cadangan'!Z6="","",'[1]0.4 Stok_Cadangan'!Z6) | X6: =IF('[1]0.4 Stok_Cadangan'!AF6="","",'[1]0.4 Stok_Cadangan'!AF6) | Y6: =IF('[1]0.4 Stok_Cadangan'!AI6="","",'[1]0.4 Stok_Cadangan'!AI6) | Z6: =IF('[1]0.4 Stok_Cadangan'!AL6="","",'[1]0.4 Stok_Cadangan'!AL6) | AA6: =IF('[1]0.5 Indikator Keterjangkauan'!P6="","",'[1]0.5 Indikator Keterjangkauan'!P6) | AB6: =IF('[1]0.5 Indikator Keterjangkauan'!T6="","",'[1]0.5 Indikator Keterjangkauan'!T6) | AC6: =IF('[1]0.5 Indikator Keterjangkauan'!X6="","",'[1]0.5 Indikator Keterjangkauan'!X6) | AD6: =IF('[1]0.5 Indikator Keterjangkauan'!AB6="","",'[1]0.5 Indikator Keterjangkauan'!AB6) | AE6: =IF('[1]0.6 Indikator Pemanfaatan'!V6="","",'[1]0.6 Indikator Pemanfaatan'!V6) | AF6: =IF('[1]0.6 Indikator Pemanfaatan'!Z6="","",'[1]0.6 Indikator Pemanfaatan'!Z6) | AG6: =IF('[2]2.1 Data FSVA 2025 & Bobot'!H7="","",'[2]2.1 Data FSVA 2025 & Bobot'!H7) | AH6: =IF('[2]2.1 Data FSVA 2025 & Bobot'!J7="","",'[2]2.1 Data FSVA 2025 & Bobot'!J7) | AI6: =IF('[2]2.1 Data FSVA 2025 & Bobot'!L7="","",'[2]2.1 Data FSVA 2025 & Bobot'!L7) | AJ6: =IF('[2]2.1 Data FSVA 2025 & Bobot'!N7="","",'[2]2.1 Data FSVA 2025 & Bobot'!N7) | AK6: =IF('[2]2.1 Data FSVA 2025 & Bobot'!P7="","",'[2]2.1 Data FSVA 2025 & Bobot'!P7) | AL6: =IF('[2]2.1 Data FSVA 2025 & Bobot'!R7="","",'[2]2.1 Data FSVA 2025 & Bobot'!R7) | AM6: =IF('[2]2.1 Data FSVA 2025 & Bobot'!T7="","",'[2]2.1 Data FSVA 2025 & Bobot'!T7) | AN6: =IF('[2]2.1 Data FSVA 2025 & Bobot'!V7="","",'[2]2.1 Data FSVA 2025 & Bobot'!V7) | AO6: =IF('[2]2.1 Data FSVA 2025 & Bobot'!X7="","",'[2]2.1 Data FSVA 2025 & Bobot'!X7) | AP6: =IF('[2]2.1 Data FSVA 2025 & Bobot'!Z7="","",'[2]2.1 Data FSVA 2025 & Bobot'!Z7) | AQ6: =IF('[2]2.1 Data FSVA 2025 & Bobot'!AB7="","",'[2]2.1 Data FSVA 2025 & Bobot'!AB7) | AR6: =IF('[2]2.1 Data FSVA 2025 & Bobot'!AD7="","",'[2]2.1 Data FSVA 2025 & Bobot'!AD7) | AS6: =IF('[2]2.4 Prioritas Individu'!G7="","",'[2]2.4 Prioritas Individu'!G7) | AT6: =IF('[2]2.4 Prioritas Individu'!H7="","",'[2]2.4 Prioritas Individu'!H7) | AU6: =IF('[2]2.4 Prioritas Individu'!I7="","",'[2]2.4 Prioritas Individu'!I7) | AV6: =IF('[2]2.4 Prioritas Individu'!J7="","",'[2]2.4 Prioritas Individu'!J7) | AW6: =IF('[2]2.4 Prioritas Individu'!K7="","",'[2]2.4 Prioritas Individu'!K7) | AX6: =IF('[2]2.4 Prioritas Individu'!L7="","",'[2]2.4 Prioritas Individu'!L7) | AY6: =IF('[2]2.4 Prioritas Individu'!M7="","",'[2]2.4 Prioritas Individu'!M7) | AZ6: =IF('[2]2.4 Prioritas Individu'!N7="","",'[2]2.4 Prioritas Individu'!N7) | ... BG6: =IF('[2]2.4 Prioritas Individu'!U7="","",'[2]2.4 Prioritas Individu'!U7) -> - | BH6: =IF('[2]2.3 Indeks & Cut off Komposit'!G718="","",'[2]2.3 Indeks & Cut off Komposit'!G718) | BI6: =IF('[2]2.3 Indeks & Cut off Komposit'!H718="","",'[2]2.3 Indeks & Cut off Komposit'!H718) | BJ6: =IF('[2]2.3 Indeks & Cut off Komposit'!I718="","",'[2]2.3 Indeks & Cut off Komposit'!I718) | BK6: =IF('[2]2.3 Indeks & Cut off Komposit'!J718="","",'[2]2.3 Indeks & Cut off Komposit'!J718) | BL6: =IF('[2]2.3 Indeks & Cut off Komposit'!K718="","",'[2]2.3 Indeks & Cut off Komposit'!K718) | BM6: =IF('[2]2.3 Indeks & Cut off Komposit'!L718="","",'[2]2.3 Indeks & Cut off Komposit'!L718) | BN6: =IF('[2]2.3 Indeks & Cut off Komposit'!M718="","",'[2]2.3 Indeks & Cut off Komposit'!M718) | BO6: =IF('[2]2.3 Indeks & Cut off Komposit'!N718="","",'[2]2.3 Indeks & Cut off Komposit'!N718) | ... BW6: =IF('[2]2.3 Indeks & Cut off Komposit'!V718="","",'[2]2.3 Indeks & Cut off Komposit'!V718) -> -
A7: =IF('[1]0.1 Produksi Pangan & Penduduk'!A7="","",'[1]0.1 Produksi Pangan & Penduduk'!A7) | B7: =IF('[1]0.1 Produksi Pangan & Penduduk'!B7="","",'[1]0.1 Produksi Pangan & Penduduk'!B7) | C7: =IF('[1]0.1 Produksi Pangan & Penduduk'!C7="","",'[1]0.1 Produksi Pangan & Penduduk'!C7) | D7: =IF('[1]0.1 Produksi Pangan & Penduduk'!D7="","",'[1]0.1 Produksi Pangan & Penduduk'!D7) | E7: =IF('[1]0.1 Produksi Pangan & Penduduk'!E7="","",'[1]0.1 Produksi Pangan & Penduduk'!E7) | F7: =IF('[1]0.1 Produksi Pangan & Penduduk'!F7="","",'[1]0.1 Produksi Pangan & Penduduk'!F7) | G7: =IF('[1]0.1 Produksi Pangan & Penduduk'!J7="","",'[1]0.1 Produksi Pangan & Penduduk'!J7) | H7: =IF('[1]0.1 Produksi Pangan & Penduduk'!M7="","",'[1]0.1 Produksi Pangan & Penduduk'!M7) | I7: =IF('[1]0.1 Produksi Pangan & Penduduk'!S7="","",'[1]0.1 Produksi Pangan & Penduduk'!S7) | J7: =IF('[1]0.1 Produksi Pangan & Penduduk'!Y7="","",'[1]0.1 Produksi Pangan & Penduduk'!Y7) | K7: =IF('[1]0.1 Produksi Pangan & Penduduk'!AE7="","",'[1]0.1 Produksi Pangan & Penduduk'!AE7) | L7: =IF('[1]0.1 Produksi Pangan & Penduduk'!AK7="","",'[1]0.1 Produksi Pangan & Penduduk'!AK7) | M7: =IF('[1]0.1 Produksi Pangan & Penduduk'!AQ7="","",'[1]0.1 Produksi Pangan & Penduduk'!AQ7) | N7: =IF('[1]0.2 Konsumsi Energi'!J7="","",'[1]0.2 Konsumsi Energi'!J7) | O7: =IF('[1]0.2 Konsumsi Energi'!M7="","",'[1]0.2 Konsumsi Energi'!M7) -> 2100 | P7: =IF('[1]0.3 Konsumsi Protein Hewani'!J7="","",'[1]0.3 Konsumsi Protein Hewani'!J7) | Q7: =IF('[1]0.3 Konsumsi Protein Hewani'!M7="","",'[1]0.3 Konsumsi Protein Hewani'!M7) -> 25 | R7: =IF('[1]0.4 Stok_Cadangan'!J7="","",'[1]0.4 Stok_Cadangan'!J7) | S7: =IF('[1]0.4 Stok_Cadangan'!M7="","",'[1]0.4 Stok_Cadangan'!M7) | T7: =IF('[1]0.4 Stok_Cadangan'!P7="","",'[1]0.4 Stok_Cadangan'!P7) | U7: =IF('[1]0.4 Stok_Cadangan'!T7="","",'[1]0.4 Stok_Cadangan'!T7) | V7: =IF('[1]0.4 Stok_Cadangan'!W7="","",'[1]0.4 Stok_Cadangan'!W7) | W7: =IF('[1]0.4 Stok_Cadangan'!Z7="","",'[1]0.4 Stok_Cadangan'!Z7) | X7: =IF('[1]0.4 Stok_Cadangan'!AF7="","",'[1]0.4 Stok_Cadangan'!AF7) | Y7: =IF('[1]0.4 Stok_Cadangan'!AI7="","",'[1]0.4 Stok_Cadangan'!AI7) | Z7: =IF('[1]0.4 Stok_Cadangan'!AL7="","",'[1]0.4 Stok_Cadangan'!AL7) | AA7: =IF('[1]0.5 Indikator Keterjangkauan'!P7="","",'[1]0.5 Indikator Keterjangkauan'!P7) | AB7: =IF('[1]0.5 Indikator Keterjangkauan'!T7="","",'[1]0.5 Indikator Keterjangkauan'!T7) | AC7: =IF('[1]0.5 Indikator Keterjangkauan'!X7="","",'[1]0.5 Indikator Keterjangkauan'!X7) | AD7: =IF('[1]0.5 Indikator Keterjangkauan'!AB7="","",'[1]0.5 Indikator Keterjangkauan'!AB7) | AE7: =IF('[1]0.6 Indikator Pemanfaatan'!V7="","",'[1]0.6 Indikator Pemanfaatan'!V7) | AF7: =IF('[1]0.6 Indikator Pemanfaatan'!Z7="","",'[1]0.6 Indikator Pemanfaatan'!Z7) | AG7: =IF('[2]2.1 Data FSVA 2025 & Bobot'!H8="","",'[2]2.1 Data FSVA 2025 & Bobot'!H8) | AH7: =IF('[2]2.1 Data FSVA 2025 & Bobot'!J8="","",'[2]2.1 Data FSVA 2025 & Bobot'!J8) | AI7: =IF('[2]2.1 Data FSVA 2025 & Bobot'!L8="","",'[2]2.1 Data FSVA 2025 & Bobot'!L8) | AJ7: =IF('[2]2.1 Data FSVA 2025 & Bobot'!N8="","",'[2]2.1 Data FSVA 2025 & Bobot'!N8) | AK7: =IF('[2]2.1 Data FSVA 2025 & Bobot'!P8="","",'[2]2.1 Data FSVA 2025 & Bobot'!P8) | AL7: =IF('[2]2.1 Data FSVA 2025 & Bobot'!R8="","",'[2]2.1 Data FSVA 2025 & Bobot'!R8) | AM7: =IF('[2]2.1 Data FSVA 2025 & Bobot'!T8="","",'[2]2.1 Data FSVA 2025 & Bobot'!T8) | AN7: =IF('[2]2.1 Data FSVA 2025 & Bobot'!V8="","",'[2]2.1 Data FSVA 2025 & Bobot'!V8) | AO7: =IF('[2]2.1 Data FSVA 2025 & Bobot'!X8="","",'[2]2.1 Data FSVA 2025 & Bobot'!X8) | AP7: =IF('[2]2.1 Data FSVA 2025 & Bobot'!Z8="","",'[2]2.1 Data FSVA 2025 & Bobot'!Z8) | AQ7: =IF('[2]2.1 Data FSVA 2025 & Bobot'!AB8="","",'[2]2.1 Data FSVA 2025 & Bobot'!AB8) | AR7: =IF('[2]2.1 Data FSVA 2025 & Bobot'!AD8="","",'[2]2.1 Data FSVA 2025 & Bobot'!AD8) | AS7: =IF('[2]2.4 Prioritas Individu'!G8="","",'[2]2.4 Prioritas Individu'!G8) | AT7: =IF('[2]2.4 Prioritas Individu'!H8="","",'[2]2.4 Prioritas Individu'!H8) | AU7: =IF('[2]2.4 Prioritas Individu'!I8="","",'[2]2.4 Prioritas Individu'!I8) | AV7: =IF('[2]2.4 Prioritas Individu'!J8="","",'[2]2.4 Prioritas Individu'!J8) | AW7: =IF('[2]2.4 Prioritas Individu'!K8="","",'[2]2.4 Prioritas Individu'!K8) | AX7: =IF('[2]2.4 Prioritas Individu'!L8="","",'[2]2.4 Prioritas Individu'!L8) | AY7: =IF('[2]2.4 Prioritas Individu'!M8="","",'[2]2.4 Prioritas Individu'!M8) | AZ7: =IF('[2]2.4 Prioritas Individu'!N8="","",'[2]2.4 Prioritas Individu'!N8) | ... BG7: =IF('[2]2.4 Prioritas Individu'!U8="","",'[2]2.4 Prioritas Individu'!U8) -> - | BH7: =IF('[2]2.3 Indeks & Cut off Komposit'!G719="","",'[2]2.3 Indeks & Cut off Komposit'!G719) | BI7: =IF('[2]2.3 Indeks & Cut off Komposit'!H719="","",'[2]2.3 Indeks & Cut off Komposit'!H719) | BJ7: =IF('[2]2.3 Indeks & Cut off Komposit'!I719="","",'[2]2.3 Indeks & Cut off Komposit'!I719) | BK7: =IF('[2]2.3 Indeks & Cut off Komposit'!J719="","",'[2]2.3 Indeks & Cut off Komposit'!J719) | BL7: =IF('[2]2.3 Indeks & Cut off Komposit'!K719="","",'[2]2.3 Indeks & Cut off Komposit'!K719) | BM7: =IF('[2]2.3 Indeks & Cut off Komposit'!L719="","",'[2]2.3 Indeks & Cut off Komposit'!L719) | BN7: =IF('[2]2.3 Indeks & Cut off Komposit'!M719="","",'[2]2.3 Indeks & Cut off Komposit'!M719) | BO7: =IF('[2]2.3 Indeks & Cut off Komposit'!N719="","",'[2]2.3 Indeks & Cut off Komposit'!N719) | ... BW7: =IF('[2]2.3 Indeks & Cut off Komposit'!V719="","",'[2]2.3 Indeks & Cut off Komposit'!V719) -> -
A8: =IF('[1]0.1 Produksi Pangan & Penduduk'!A8="","",'[1]0.1 Produksi Pangan & Penduduk'!A8) | B8: =IF('[1]0.1 Produksi Pangan & Penduduk'!B8="","",'[1]0.1 Produksi Pangan & Penduduk'!B8) | C8: =IF('[1]0.1 Produksi Pangan & Penduduk'!C8="","",'[1]0.1 Produksi Pangan & Penduduk'!C8) | D8: =IF('[1]0.1 Produksi Pangan & Penduduk'!D8="","",'[1]0.1 Produksi Pangan & Penduduk'!D8) | E8: =IF('[1]0.1 Produksi Pangan & Penduduk'!E8="","",'[1]0.1 Produksi Pangan & Penduduk'!E8) | F8: =IF('[1]0.1 Produksi Pangan & Penduduk'!F8="","",'[1]0.1 Produksi Pangan & Penduduk'!F8) | G8: =IF('[1]0.1 Produksi Pangan & Penduduk'!J8="","",'[1]0.1 Produksi Pangan & Penduduk'!J8) | H8: =IF('[1]0.1 Produksi Pangan & Penduduk'!M8="","",'[1]0.1 Produksi Pangan & Penduduk'!M8) | I8: =IF('[1]0.1 Produksi Pangan & Penduduk'!S8="","",'[1]0.1 Produksi Pangan & Penduduk'!S8) | J8: =IF('[1]0.1 Produksi Pangan & Penduduk'!Y8="","",'[1]0.1 Produksi Pangan & Penduduk'!Y8) | K8: =IF('[1]0.1 Produksi Pangan & Penduduk'!AE8="","",'[1]0.1 Produksi Pangan & Penduduk'!AE8) | L8: =IF('[1]0.1 Produksi Pangan & Penduduk'!AK8="","",'[1]0.1 Produksi Pangan & Penduduk'!AK8) | M8: =IF('[1]0.1 Produksi Pangan & Penduduk'!AQ8="","",'[1]0.1 Produksi Pangan & Penduduk'!AQ8) | N8: =IF('[1]0.2 Konsumsi Energi'!J8="","",'[1]0.2 Konsumsi Energi'!J8) | O8: =IF('[1]0.2 Konsumsi Energi'!M8="","",'[1]0.2 Konsumsi Energi'!M8) -> 2100 | P8: =IF('[1]0.3 Konsumsi Protein Hewani'!J8="","",'[1]0.3 Konsumsi Protein Hewani'!J8) | Q8: =IF('[1]0.3 Konsumsi Protein Hewani'!M8="","",'[1]0.3 Konsumsi Protein Hewani'!M8) -> 25 | R8: =IF('[1]0.4 Stok_Cadangan'!J8="","",'[1]0.4 Stok_Cadangan'!J8) | S8: =IF('[1]0.4 Stok_Cadangan'!M8="","",'[1]0.4 Stok_Cadangan'!M8) | T8: =IF('[1]0.4 Stok_Cadangan'!P8="","",'[1]0.4 Stok_Cadangan'!P8) | U8: =IF('[1]0.4 Stok_Cadangan'!T8="","",'[1]0.4 Stok_Cadangan'!T8) | V8: =IF('[1]0.4 Stok_Cadangan'!W8="","",'[1]0.4 Stok_Cadangan'!W8) | W8: =IF('[1]0.4 Stok_Cadangan'!Z8="","",'[1]0.4 Stok_Cadangan'!Z8) | X8: =IF('[1]0.4 Stok_Cadangan'!AF8="","",'[1]0.4 Stok_Cadangan'!AF8) | Y8: =IF('[1]0.4 Stok_Cadangan'!AI8="","",'[1]0.4 Stok_Cadangan'!AI8) | Z8: =IF('[1]0.4 Stok_Cadangan'!AL8="","",'[1]0.4 Stok_Cadangan'!AL8) | AA8: =IF('[1]0.5 Indikator Keterjangkauan'!P8="","",'[1]0.5 Indikator Keterjangkauan'!P8) | AB8: =IF('[1]0.5 Indikator Keterjangkauan'!T8="","",'[1]0.5 Indikator Keterjangkauan'!T8) | AC8: =IF('[1]0.5 Indikator Keterjangkauan'!X8="","",'[1]0.5 Indikator Keterjangkauan'!X8) | AD8: =IF('[1]0.5 Indikator Keterjangkauan'!AB8="","",'[1]0.5 Indikator Keterjangkauan'!AB8) | AE8: =IF('[1]0.6 Indikator Pemanfaatan'!V8="","",'[1]0.6 Indikator Pemanfaatan'!V8) | AF8: =IF('[1]0.6 Indikator Pemanfaatan'!Z8="","",'[1]0.6 Indikator Pemanfaatan'!Z8) | AG8: =IF('[2]2.1 Data FSVA 2025 & Bobot'!H9="","",'[2]2.1 Data FSVA 2025 & Bobot'!H9) | AH8: =IF('[2]2.1 Data FSVA 2025 & Bobot'!J9="","",'[2]2.1 Data FSVA 2025 & Bobot'!J9) | AI8: =IF('[2]2.1 Data FSVA 2025 & Bobot'!L9="","",'[2]2.1 Data FSVA 2025 & Bobot'!L9) | AJ8: =IF('[2]2.1 Data FSVA 2025 & Bobot'!N9="","",'[2]2.1 Data FSVA 2025 & Bobot'!N9) | AK8: =IF('[2]2.1 Data FSVA 2025 & Bobot'!P9="","",'[2]2.1 Data FSVA 2025 & Bobot'!P9) | AL8: =IF('[2]2.1 Data FSVA 2025 & Bobot'!R9="","",'[2]2.1 Data FSVA 2025 & Bobot'!R9) | AM8: =IF('[2]2.1 Data FSVA 2025 & Bobot'!T9="","",'[2]2.1 Data FSVA 2025 & Bobot'!T9) | AN8: =IF('[2]2.1 Data FSVA 2025 & Bobot'!V9="","",'[2]2.1 Data FSVA 2025 & Bobot'!V9) | AO8: =IF('[2]2.1 Data FSVA 2025 & Bobot'!X9="","",'[2]2.1 Data FSVA 2025 & Bobot'!X9) | AP8: =IF('[2]2.1 Data FSVA 2025 & Bobot'!Z9="","",'[2]2.1 Data FSVA 2025 & Bobot'!Z9) | AQ8: =IF('[2]2.1 Data FSVA 2025 & Bobot'!AB9="","",'[2]2.1 Data FSVA 2025 & Bobot'!AB9) | AR8: =IF('[2]2.1 Data FSVA 2025 & Bobot'!AD9="","",'[2]2.1 Data FSVA 2025 & Bobot'!AD9) | AS8: =IF('[2]2.4 Prioritas Individu'!G9="","",'[2]2.4 Prioritas Individu'!G9) | AT8: =IF('[2]2.4 Prioritas Individu'!H9="","",'[2]2.4 Prioritas Individu'!H9) | AU8: =IF('[2]2.4 Prioritas Individu'!I9="","",'[2]2.4 Prioritas Individu'!I9) | AV8: =IF('[2]2.4 Prioritas Individu'!J9="","",'[2]2.4 Prioritas Individu'!J9) | AW8: =IF('[2]2.4 Prioritas Individu'!K9="","",'[2]2.4 Prioritas Individu'!K9) | AX8: =IF('[2]2.4 Prioritas Individu'!L9="","",'[2]2.4 Prioritas Individu'!L9) | AY8: =IF('[2]2.4 Prioritas Individu'!M9="","",'[2]2.4 Prioritas Individu'!M9) | AZ8: =IF('[2]2.4 Prioritas Individu'!N9="","",'[2]2.4 Prioritas Individu'!N9) | ... BG8: =IF('[2]2.4 Prioritas Individu'!U9="","",'[2]2.4 Prioritas Individu'!U9) -> - | BH8: =IF('[2]2.3 Indeks & Cut off Komposit'!G720="","",'[2]2.3 Indeks & Cut off Komposit'!G720) | BI8: =IF('[2]2.3 Indeks & Cut off Komposit'!H720="","",'[2]2.3 Indeks & Cut off Komposit'!H720) | BJ8: =IF('[2]2.3 Indeks & Cut off Komposit'!I720="","",'[2]2.3 Indeks & Cut off Komposit'!I720) | BK8: =IF('[2]2.3 Indeks & Cut off Komposit'!J720="","",'[2]2.3 Indeks & Cut off Komposit'!J720) | BL8: =IF('[2]2.3 Indeks & Cut off Komposit'!K720="","",'[2]2.3 Indeks & Cut off Komposit'!K720) | BM8: =IF('[2]2.3 Indeks & Cut off Komposit'!L720="","",'[2]2.3 Indeks & Cut off Komposit'!L720) | BN8: =IF('[2]2.3 Indeks & Cut off Komposit'!M720="","",'[2]2.3 Indeks & Cut off Komposit'!M720) | BO8: =IF('[2]2.3 Indeks & Cut off Komposit'!N720="","",'[2]2.3 Indeks & Cut off Komposit'!N720) | ... BW8: =IF('[2]2.3 Indeks & Cut off Komposit'!V720="","",'[2]2.3 Indeks & Cut off Komposit'!V720) -> -
A9: =IF('[1]0.1 Produksi Pangan & Penduduk'!A9="","",'[1]0.1 Produksi Pangan & Penduduk'!A9) | B9: =IF('[1]0.1 Produksi Pangan & Penduduk'!B9="","",'[1]0.1 Produksi Pangan & Penduduk'!B9) | C9: =IF('[1]0.1 Produksi Pangan & Penduduk'!C9="","",'[1]0.1 Produksi Pangan & Penduduk'!C9) | D9: =IF('[1]0.1 Produksi Pangan & Penduduk'!D9="","",'[1]0.1 Produksi Pangan & Penduduk'!D9) | E9: =IF('[1]0.1 Produksi Pangan & Penduduk'!E9="","",'[1]0.1 Produksi Pangan & Penduduk'!E9) | F9: =IF('[1]0.1 Produksi Pangan & Penduduk'!F9="","",'[1]0.1 Produksi Pangan & Penduduk'!F9) | G9: =IF('[1]0.1 Produksi Pangan & Penduduk'!J9="","",'[1]0.1 Produksi Pangan & Penduduk'!J9) | H9: =IF('[1]0.1 Produksi Pangan & Penduduk'!M9="","",'[1]0.1 Produksi Pangan & Penduduk'!M9) | I9: =IF('[1]0.1 Produksi Pangan & Penduduk'!S9="","",'[1]0.1 Produksi Pangan & Penduduk'!S9) | J9: =IF('[1]0.1 Produksi Pangan & Penduduk'!Y9="","",'[1]0.1 Produksi Pangan & Penduduk'!Y9) | K9: =IF('[1]0.1 Produksi Pangan & Penduduk'!AE9="","",'[1]0.1 Produksi Pangan & Penduduk'!AE9) | L9: =IF('[1]0.1 Produksi Pangan & Penduduk'!AK9="","",'[1]0.1 Produksi Pangan & Penduduk'!AK9) | M9: =IF('[1]0.1 Produksi Pangan & Penduduk'!AQ9="","",'[1]0.1 Produksi Pangan & Penduduk'!AQ9) | N9: =IF('[1]0.2 Konsumsi Energi'!J9="","",'[1]0.2 Konsumsi Energi'!J9) | O9: =IF('[1]0.2 Konsumsi Energi'!M9="","",'[1]0.2 Konsumsi Energi'!M9) -> 2100 | P9: =IF('[1]0.3 Konsumsi Protein Hewani'!J9="","",'[1]0.3 Konsumsi Protein Hewani'!J9) | Q9: =IF('[1]0.3 Konsumsi Protein Hewani'!M9="","",'[1]0.3 Konsumsi Protein Hewani'!M9) -> 25 | R9: =IF('[1]0.4 Stok_Cadangan'!J9="","",'[1]0.4 Stok_Cadangan'!J9) | S9: =IF('[1]0.4 Stok_Cadangan'!M9="","",'[1]0.4 Stok_Cadangan'!M9) | T9: =IF('[1]0.4 Stok_Cadangan'!P9="","",'[1]0.4 Stok_Cadangan'!P9) | U9: =IF('[1]0.4 Stok_Cadangan'!T9="","",'[1]0.4 Stok_Cadangan'!T9) | V9: =IF('[1]0.4 Stok_Cadangan'!W9="","",'[1]0.4 Stok_Cadangan'!W9) | W9: =IF('[1]0.4 Stok_Cadangan'!Z9="","",'[1]0.4 Stok_Cadangan'!Z9) | X9: =IF('[1]0.4 Stok_Cadangan'!AF9="","",'[1]0.4 Stok_Cadangan'!AF9) | Y9: =IF('[1]0.4 Stok_Cadangan'!AI9="","",'[1]0.4 Stok_Cadangan'!AI9) | Z9: =IF('[1]0.4 Stok_Cadangan'!AL9="","",'[1]0.4 Stok_Cadangan'!AL9) | AA9: =IF('[1]0.5 Indikator Keterjangkauan'!P9="","",'[1]0.5 Indikator Keterjangkauan'!P9) | AB9: =IF('[1]0.5 Indikator Keterjangkauan'!T9="","",'[1]0.5 Indikator Keterjangkauan'!T9) | AC9: =IF('[1]0.5 Indikator Keterjangkauan'!X9="","",'[1]0.5 Indikator Keterjangkauan'!X9) | AD9: =IF('[1]0.5 Indikator Keterjangkauan'!AB9="","",'[1]0.5 Indikator Keterjangkauan'!AB9) | AE9: =IF('[1]0.6 Indikator Pemanfaatan'!V9="","",'[1]0.6 Indikator Pemanfaatan'!V9) | AF9: =IF('[1]0.6 Indikator Pemanfaatan'!Z9="","",'[1]0.6 Indikator Pemanfaatan'!Z9) | AG9: =IF('[2]2.1 Data FSVA 2025 & Bobot'!H10="","",'[2]2.1 Data FSVA 2025 & Bobot'!H10) | AH9: =IF('[2]2.1 Data FSVA 2025 & Bobot'!J10="","",'[2]2.1 Data FSVA 2025 & Bobot'!J10) | AI9: =IF('[2]2.1 Data FSVA 2025 & Bobot'!L10="","",'[2]2.1 Data FSVA 2025 & Bobot'!L10) | AJ9: =IF('[2]2.1 Data FSVA 2025 & Bobot'!N10="","",'[2]2.1 Data FSVA 2025 & Bobot'!N10) | AK9: =IF('[2]2.1 Data FSVA 2025 & Bobot'!P10="","",'[2]2.1 Data FSVA 2025 & Bobot'!P10) | AL9: =IF('[2]2.1 Data FSVA 2025 & Bobot'!R10="","",'[2]2.1 Data FSVA 2025 & Bobot'!R10) | AM9: =IF('[2]2.1 Data FSVA 2025 & Bobot'!T10="","",'[2]2.1 Data FSVA 2025 & Bobot'!T10) | AN9: =IF('[2]2.1 Data FSVA 2025 & Bobot'!V10="","",'[2]2.1 Data FSVA 2025 & Bobot'!V10) | AO9: =IF('[2]2.1 Data FSVA 2025 & Bobot'!X10="","",'[2]2.1 Data FSVA 2025 & Bobot'!X10) | AP9: =IF('[2]2.1 Data FSVA 2025 & Bobot'!Z10="","",'[2]2.1 Data FSVA 2025 & Bobot'!Z10) | AQ9: =IF('[2]2.1 Data FSVA 2025 & Bobot'!AB10="","",'[2]2.1 Data FSVA 2025 & Bobot'!AB10) | AR9: =IF('[2]2.1 Data FSVA 2025 & Bobot'!AD10="","",'[2]2.1 Data FSVA 2025 & Bobot'!AD10) | AS9: =IF('[2]2.4 Prioritas Individu'!G10="","",'[2]2.4 Prioritas Individu'!G10) | AT9: =IF('[2]2.4 Prioritas Individu'!H10="","",'[2]2.4 Prioritas Individu'!H10) | AU9: =IF('[2]2.4 Prioritas Individu'!I10="","",'[2]2.4 Prioritas Individu'!I10) | AV9: =IF('[2]2.4 Prioritas Individu'!J10="","",'[2]2.4 Prioritas Individu'!J10) | AW9: =IF('[2]2.4 Prioritas Individu'!K10="","",'[2]2.4 Prioritas Individu'!K10) | AX9: =IF('[2]2.4 Prioritas Individu'!L10="","",'[2]2.4 Prioritas Individu'!L10) | AY9: =IF('[2]2.4 Prioritas Individu'!M10="","",'[2]2.4 Prioritas Individu'!M10) | AZ9: =IF('[2]2.4 Prioritas Individu'!N10="","",'[2]2.4 Prioritas Individu'!N10) | ... BG9: =IF('[2]2.4 Prioritas Individu'!U10="","",'[2]2.4 Prioritas Individu'!U10) -> - | BH9: =IF('[2]2.3 Indeks & Cut off Komposit'!G721="","",'[2]2.3 Indeks & Cut off Komposit'!G721) | BI9: =IF('[2]2.3 Indeks & Cut off Komposit'!H721="","",'[2]2.3 Indeks & Cut off Komposit'!H721) | BJ9: =IF('[2]2.3 Indeks & Cut off Komposit'!I721="","",'[2]2.3 Indeks & Cut off Komposit'!I721) | BK9: =IF('[2]2.3 Indeks & Cut off Komposit'!J721="","",'[2]2.3 Indeks & Cut off Komposit'!J721) | BL9: =IF('[2]2.3 Indeks & Cut off Komposit'!K721="","",'[2]2.3 Indeks & Cut off Komposit'!K721) | BM9: =IF('[2]2.3 Indeks & Cut off Komposit'!L721="","",'[2]2.3 Indeks & Cut off Komposit'!L721) | BN9: =IF('[2]2.3 Indeks & Cut off Komposit'!M721="","",'[2]2.3 Indeks & Cut off Komposit'!M721) | BO9: =IF('[2]2.3 Indeks & Cut off Komposit'!N721="","",'[2]2.3 Indeks & Cut off Komposit'!N721) | ... BW9: =IF('[2]2.3 Indeks & Cut off Komposit'!V721="","",'[2]2.3 Indeks & Cut off Komposit'!V721) -> -
A10: =IF('[1]0.1 Produksi Pangan & Penduduk'!A10="","",'[1]0.1 Produksi Pangan & Penduduk'!A10) | B10: =IF('[1]0.1 Produksi Pangan & Penduduk'!B10="","",'[1]0.1 Produksi Pangan & Penduduk'!B10) | C10: =IF('[1]0.1 Produksi Pangan & Penduduk'!C10="","",'[1]0.1 Produksi Pangan & Penduduk'!C10) | D10: =IF('[1]0.1 Produksi Pangan & Penduduk'!D10="","",'[1]0.1 Produksi Pangan & Penduduk'!D10) | E10: =IF('[1]0.1 Produksi Pangan & Penduduk'!E10="","",'[1]0.1 Produksi Pangan & Penduduk'!E10) | F10: =IF('[1]0.1 Produksi Pangan & Penduduk'!F10="","",'[1]0.1 Produksi Pangan & Penduduk'!F10) | G10: =IF('[1]0.1 Produksi Pangan & Penduduk'!J10="","",'[1]0.1 Produksi Pangan & Penduduk'!J10) | H10: =IF('[1]0.1 Produksi Pangan & Penduduk'!M10="","",'[1]0.1 Produksi Pangan & Penduduk'!M10) | I10: =IF('[1]0.1 Produksi Pangan & Penduduk'!S10="","",'[1]0.1 Produksi Pangan & Penduduk'!S10) | J10: =IF('[1]0.1 Produksi Pangan & Penduduk'!Y10="","",'[1]0.1 Produksi Pangan & Penduduk'!Y10) | K10: =IF('[1]0.1 Produksi Pangan & Penduduk'!AE10="","",'[1]0.1 Produksi Pangan & Penduduk'!AE10) | L10: =IF('[1]0.1 Produksi Pangan & Penduduk'!AK10="","",'[1]0.1 Produksi Pangan & Penduduk'!AK10) | M10: =IF('[1]0.1 Produksi Pangan & Penduduk'!AQ10="","",'[1]0.1 Produksi Pangan & Penduduk'!AQ10) | N10: =IF('[1]0.2 Konsumsi Energi'!J10="","",'[1]0.2 Konsumsi Energi'!J10) | O10: =IF('[1]0.2 Konsumsi Energi'!M10="","",'[1]0.2 Konsumsi Energi'!M10) -> 2100 | P10: =IF('[1]0.3 Konsumsi Protein Hewani'!J10="","",'[1]0.3 Konsumsi Protein Hewani'!J10) | Q10: =IF('[1]0.3 Konsumsi Protein Hewani'!M10="","",'[1]0.3 Konsumsi Protein Hewani'!M10) -> 25 | R10: =IF('[1]0.4 Stok_Cadangan'!J10="","",'[1]0.4 Stok_Cadangan'!J10) | S10: =IF('[1]0.4 Stok_Cadangan'!M10="","",'[1]0.4 Stok_Cadangan'!M10) | T10: =IF('[1]0.4 Stok_Cadangan'!P10="","",'[1]0.4 Stok_Cadangan'!P10) | U10: =IF('[1]0.4 Stok_Cadangan'!T10="","",'[1]0.4 Stok_Cadangan'!T10) | V10: =IF('[1]0.4 Stok_Cadangan'!W10="","",'[1]0.4 Stok_Cadangan'!W10) | W10: =IF('[1]0.4 Stok_Cadangan'!Z10="","",'[1]0.4 Stok_Cadangan'!Z10) | X10: =IF('[1]0.4 Stok_Cadangan'!AF10="","",'[1]0.4 Stok_Cadangan'!AF10) | Y10: =IF('[1]0.4 Stok_Cadangan'!AI10="","",'[1]0.4 Stok_Cadangan'!AI10) | Z10: =IF('[1]0.4 Stok_Cadangan'!AL10="","",'[1]0.4 Stok_Cadangan'!AL10) | AA10: =IF('[1]0.5 Indikator Keterjangkauan'!P10="","",'[1]0.5 Indikator Keterjangkauan'!P10) | AB10: =IF('[1]0.5 Indikator Keterjangkauan'!T10="","",'[1]0.5 Indikator Keterjangkauan'!T10) | AC10: =IF('[1]0.5 Indikator Keterjangkauan'!X10="","",'[1]0.5 Indikator Keterjangkauan'!X10) | AD10: =IF('[1]0.5 Indikator Keterjangkauan'!AB10="","",'[1]0.5 Indikator Keterjangkauan'!AB10) | AE10: =IF('[1]0.6 Indikator Pemanfaatan'!V10="","",'[1]0.6 Indikator Pemanfaatan'!V10) | AF10: =IF('[1]0.6 Indikator Pemanfaatan'!Z10="","",'[1]0.6 Indikator Pemanfaatan'!Z10) | AG10: =IF('[2]2.1 Data FSVA 2025 & Bobot'!H11="","",'[2]2.1 Data FSVA 2025 & Bobot'!H11) | AH10: =IF('[2]2.1 Data FSVA 2025 & Bobot'!J11="","",'[2]2.1 Data FSVA 2025 & Bobot'!J11) | AI10: =IF('[2]2.1 Data FSVA 2025 & Bobot'!L11="","",'[2]2.1 Data FSVA 2025 & Bobot'!L11) | AJ10: =IF('[2]2.1 Data FSVA 2025 & Bobot'!N11="","",'[2]2.1 Data FSVA 2025 & Bobot'!N11) | AK10: =IF('[2]2.1 Data FSVA 2025 & Bobot'!P11="","",'[2]2.1 Data FSVA 2025 & Bobot'!P11) | AL10: =IF('[2]2.1 Data FSVA 2025 & Bobot'!R11="","",'[2]2.1 Data FSVA 2025 & Bobot'!R11) | AM10: =IF('[2]2.1 Data FSVA 2025 & Bobot'!T11="","",'[2]2.1 Data FSVA 2025 & Bobot'!T11) | AN10: =IF('[2]2.1 Data FSVA 2025 & Bobot'!V11="","",'[2]2.1 Data FSVA 2025 & Bobot'!V11) | AO10: =IF('[2]2.1 Data FSVA 2025 & Bobot'!X11="","",'[2]2.1 Data FSVA 2025 & Bobot'!X11) | AP10: =IF('[2]2.1 Data FSVA 2025 & Bobot'!Z11="","",'[2]2.1 Data FSVA 2025 & Bobot'!Z11) | AQ10: =IF('[2]2.1 Data FSVA 2025 & Bobot'!AB11="","",'[2]2.1 Data FSVA 2025 & Bobot'!AB11) | AR10: =IF('[2]2.1 Data FSVA 2025 & Bobot'!AD11="","",'[2]2.1 Data FSVA 2025 & Bobot'!AD11) | AS10: =IF('[2]2.4 Prioritas Individu'!G11="","",'[2]2.4 Prioritas Individu'!G11) | AT10: =IF('[2]2.4 Prioritas Individu'!H11="","",'[2]2.4 Prioritas Individu'!H11) | AU10: =IF('[2]2.4 Prioritas Individu'!I11="","",'[2]2.4 Prioritas Individu'!I11) | AV10: =IF('[2]2.4 Prioritas Individu'!J11="","",'[2]2.4 Prioritas Individu'!J11) | AW10: =IF('[2]2.4 Prioritas Individu'!K11="","",'[2]2.4 Prioritas Individu'!K11) | AX10: =IF('[2]2.4 Prioritas Individu'!L11="","",'[2]2.4 Prioritas Individu'!L11) | AY10: =IF('[2]2.4 Prioritas Individu'!M11="","",'[2]2.4 Prioritas Individu'!M11) | AZ10: =IF('[2]2.4 Prioritas Individu'!N11="","",'[2]2.4 Prioritas Individu'!N11) | ... BG10: =IF('[2]2.4 Prioritas Individu'!U11="","",'[2]2.4 Prioritas Individu'!U11) -> - | BH10: =IF('[2]2.3 Indeks & Cut off Komposit'!G722="","",'[2]2.3 Indeks & Cut off Komposit'!G722) | BI10: =IF('[2]2.3 Indeks & Cut off Komposit'!H722="","",'[2]2.3 Indeks & Cut off Komposit'!H722) | BJ10: =IF('[2]2.3 Indeks & Cut off Komposit'!I722="","",'[2]2.3 Indeks & Cut off Komposit'!I722) | BK10: =IF('[2]2.3 Indeks & Cut off Komposit'!J722="","",'[2]2.3 Indeks & Cut off Komposit'!J722) | BL10: =IF('[2]2.3 Indeks & Cut off Komposit'!K722="","",'[2]2.3 Indeks & Cut off Komposit'!K722) | BM10: =IF('[2]2.3 Indeks & Cut off Komposit'!L722="","",'[2]2.3 Indeks & Cut off Komposit'!L722) | BN10: =IF('[2]2.3 Indeks & Cut off Komposit'!M722="","",'[2]2.3 Indeks & Cut off Komposit'!M722) | BO10: =IF('[2]2.3 Indeks & Cut off Komposit'!N722="","",'[2]2.3 Indeks & Cut off Komposit'!N722) | ... BW10: =IF('[2]2.3 Indeks & Cut off Komposit'!V722="","",'[2]2.3 Indeks & Cut off Komposit'!V722) -> -
A11: =IF('[1]0.1 Produksi Pangan & Penduduk'!A11="","",'[1]0.1 Produksi Pangan & Penduduk'!A11) | B11: =IF('[1]0.1 Produksi Pangan & Penduduk'!B11="","",'[1]0.1 Produksi Pangan & Penduduk'!B11) | C11: =IF('[1]0.1 Produksi Pangan & Penduduk'!C11="","",'[1]0.1 Produksi Pangan & Penduduk'!C11) | D11: =IF('[1]0.1 Produksi Pangan & Penduduk'!D11="","",'[1]0.1 Produksi Pangan & Penduduk'!D11) | E11: =IF('[1]0.1 Produksi Pangan & Penduduk'!E11="","",'[1]0.1 Produksi Pangan & Penduduk'!E11) | F11: =IF('[1]0.1 Produksi Pangan & Penduduk'!F11="","",'[1]0.1 Produksi Pangan & Penduduk'!F11) | G11: =IF('[1]0.1 Produksi Pangan & Penduduk'!J11="","",'[1]0.1 Produksi Pangan & Penduduk'!J11) | H11: =IF('[1]0.1 Produksi Pangan & Penduduk'!M11="","",'[1]0.1 Produksi Pangan & Penduduk'!M11) | I11: =IF('[1]0.1 Produksi Pangan & Penduduk'!S11="","",'[1]0.1 Produksi Pangan & Penduduk'!S11) | J11: =IF('[1]0.1 Produksi Pangan & Penduduk'!Y11="","",'[1]0.1 Produksi Pangan & Penduduk'!Y11) | K11: =IF('[1]0.1 Produksi Pangan & Penduduk'!AE11="","",'[1]0.1 Produksi Pangan & Penduduk'!AE11) | L11: =IF('[1]0.1 Produksi Pangan & Penduduk'!AK11="","",'[1]0.1 Produksi Pangan & Penduduk'!AK11) | M11: =IF('[1]0.1 Produksi Pangan & Penduduk'!AQ11="","",'[1]0.1 Produksi Pangan & Penduduk'!AQ11) | N11: =IF('[1]0.2 Konsumsi Energi'!J11="","",'[1]0.2 Konsumsi Energi'!J11) | O11: =IF('[1]0.2 Konsumsi Energi'!M11="","",'[1]0.2 Konsumsi Energi'!M11) -> 2100 | P11: =IF('[1]0.3 Konsumsi Protein Hewani'!J11="","",'[1]0.3 Konsumsi Protein Hewani'!J11) | Q11: =IF('[1]0.3 Konsumsi Protein Hewani'!M11="","",'[1]0.3 Konsumsi Protein Hewani'!M11) -> 25 | R11: =IF('[1]0.4 Stok_Cadangan'!J11="","",'[1]0.4 Stok_Cadangan'!J11) | S11: =IF('[1]0.4 Stok_Cadangan'!M11="","",'[1]0.4 Stok_Cadangan'!M11) | T11: =IF('[1]0.4 Stok_Cadangan'!P11="","",'[1]0.4 Stok_Cadangan'!P11) | U11: =IF('[1]0.4 Stok_Cadangan'!T11="","",'[1]0.4 Stok_Cadangan'!T11) | V11: =IF('[1]0.4 Stok_Cadangan'!W11="","",'[1]0.4 Stok_Cadangan'!W11) | W11: =IF('[1]0.4 Stok_Cadangan'!Z11="","",'[1]0.4 Stok_Cadangan'!Z11) | X11: =IF('[1]0.4 Stok_Cadangan'!AF11="","",'[1]0.4 Stok_Cadangan'!AF11) | Y11: =IF('[1]0.4 Stok_Cadangan'!AI11="","",'[1]0.4 Stok_Cadangan'!AI11) | Z11: =IF('[1]0.4 Stok_Cadangan'!AL11="","",'[1]0.4 Stok_Cadangan'!AL11) | AA11: =IF('[1]0.5 Indikator Keterjangkauan'!P11="","",'[1]0.5 Indikator Keterjangkauan'!P11) | AB11: =IF('[1]0.5 Indikator Keterjangkauan'!T11="","",'[1]0.5 Indikator Keterjangkauan'!T11) | AC11: =IF('[1]0.5 Indikator Keterjangkauan'!X11="","",'[1]0.5 Indikator Keterjangkauan'!X11) | AD11: =IF('[1]0.5 Indikator Keterjangkauan'!AB11="","",'[1]0.5 Indikator Keterjangkauan'!AB11) | AE11: =IF('[1]0.6 Indikator Pemanfaatan'!V11="","",'[1]0.6 Indikator Pemanfaatan'!V11) | AF11: =IF('[1]0.6 Indikator Pemanfaatan'!Z11="","",'[1]0.6 Indikator Pemanfaatan'!Z11) | AG11: =IF('[2]2.1 Data FSVA 2025 & Bobot'!H12="","",'[2]2.1 Data FSVA 2025 & Bobot'!H12) | AH11: =IF('[2]2.1 Data FSVA 2025 & Bobot'!J12="","",'[2]2.1 Data FSVA 2025 & Bobot'!J12) | AI11: =IF('[2]2.1 Data FSVA 2025 & Bobot'!L12="","",'[2]2.1 Data FSVA 2025 & Bobot'!L12) | AJ11: =IF('[2]2.1 Data FSVA 2025 & Bobot'!N12="","",'[2]2.1 Data FSVA 2025 & Bobot'!N12) | AK11: =IF('[2]2.1 Data FSVA 2025 & Bobot'!P12="","",'[2]2.1 Data FSVA 2025 & Bobot'!P12) | AL11: =IF('[2]2.1 Data FSVA 2025 & Bobot'!R12="","",'[2]2.1 Data FSVA 2025 & Bobot'!R12) | AM11: =IF('[2]2.1 Data FSVA 2025 & Bobot'!T12="","",'[2]2.1 Data FSVA 2025 & Bobot'!T12) | AN11: =IF('[2]2.1 Data FSVA 2025 & Bobot'!V12="","",'[2]2.1 Data FSVA 2025 & Bobot'!V12) | AO11: =IF('[2]2.1 Data FSVA 2025 & Bobot'!X12="","",'[2]2.1 Data FSVA 2025 & Bobot'!X12) | AP11: =IF('[2]2.1 Data FSVA 2025 & Bobot'!Z12="","",'[2]2.1 Data FSVA 2025 & Bobot'!Z12) | AQ11: =IF('[2]2.1 Data FSVA 2025 & Bobot'!AB12="","",'[2]2.1 Data FSVA 2025 & Bobot'!AB12) | AR11: =IF('[2]2.1 Data FSVA 2025 & Bobot'!AD12="","",'[2]2.1 Data FSVA 2025 & Bobot'!AD12) | AS11: =IF('[2]2.4 Prioritas Individu'!G12="","",'[2]2.4 Prioritas Individu'!G12) | AT11: =IF('[2]2.4 Prioritas Individu'!H12="","",'[2]2.4 Prioritas Individu'!H12) | AU11: =IF('[2]2.4 Prioritas Individu'!I12="","",'[2]2.4 Prioritas Individu'!I12) | AV11: =IF('[2]2.4 Prioritas Individu'!J12="","",'[2]2.4 Prioritas Individu'!J12) | AW11: =IF('[2]2.4 Prioritas Individu'!K12="","",'[2]2.4 Prioritas Individu'!K12) | AX11: =IF('[2]2.4 Prioritas Individu'!L12="","",'[2]2.4 Prioritas Individu'!L12) | AY11: =IF('[2]2.4 Prioritas Individu'!M12="","",'[2]2.4 Prioritas Individu'!M12) | AZ11: =IF('[2]2.4 Prioritas Individu'!N12="","",'[2]2.4 Prioritas Individu'!N12) | ... BG11: =IF('[2]2.4 Prioritas Individu'!U12="","",'[2]2.4 Prioritas Individu'!U12) -> - | BH11: =IF('[2]2.3 Indeks & Cut off Komposit'!G723="","",'[2]2.3 Indeks & Cut off Komposit'!G723) | BI11: =IF('[2]2.3 Indeks & Cut off Komposit'!H723="","",'[2]2.3 Indeks & Cut off Komposit'!H723) | BJ11: =IF('[2]2.3 Indeks & Cut off Komposit'!I723="","",'[2]2.3 Indeks & Cut off Komposit'!I723) | BK11: =IF('[2]2.3 Indeks & Cut off Komposit'!J723="","",'[2]2.3 Indeks & Cut off Komposit'!J723) | BL11: =IF('[2]2.3 Indeks & Cut off Komposit'!K723="","",'[2]2.3 Indeks & Cut off Komposit'!K723) | BM11: =IF('[2]2.3 Indeks & Cut off Komposit'!L723="","",'[2]2.3 Indeks & Cut off Komposit'!L723) | BN11: =IF('[2]2.3 Indeks & Cut off Komposit'!M723="","",'[2]2.3 Indeks & Cut off Komposit'!M723) | BO11: =IF('[2]2.3 Indeks & Cut off Komposit'!N723="","",'[2]2.3 Indeks & Cut off Komposit'!N723) | ... BW11: =IF('[2]2.3 Indeks & Cut off Komposit'!V723="","",'[2]2.3 Indeks & Cut off Komposit'!V723) -> -
A12: =IF('[1]0.1 Produksi Pangan & Penduduk'!A12="","",'[1]0.1 Produksi Pangan & Penduduk'!A12) | B12: =IF('[1]0.1 Produksi Pangan & Penduduk'!B12="","",'[1]0.1 Produksi Pangan & Penduduk'!B12) | C12: =IF('[1]0.1 Produksi Pangan & Penduduk'!C12="","",'[1]0.1 Produksi Pangan & Penduduk'!C12) | D12: =IF('[1]0.1 Produksi Pangan & Penduduk'!D12="","",'[1]0.1 Produksi Pangan & Penduduk'!D12) | E12: =IF('[1]0.1 Produksi Pangan & Penduduk'!E12="","",'[1]0.1 Produksi Pangan & Penduduk'!E12) | F12: =IF('[1]0.1 Produksi Pangan & Penduduk'!F12="","",'[1]0.1 Produksi Pangan & Penduduk'!F12) | G12: =IF('[1]0.1 Produksi Pangan & Penduduk'!J12="","",'[1]0.1 Produksi Pangan & Penduduk'!J12) | H12: =IF('[1]0.1 Produksi Pangan & Penduduk'!M12="","",'[1]0.1 Produksi Pangan & Penduduk'!M12) | I12: =IF('[1]0.1 Produksi Pangan & Penduduk'!S12="","",'[1]0.1 Produksi Pangan & Penduduk'!S12) | J12: =IF('[1]0.1 Produksi Pangan & Penduduk'!Y12="","",'[1]0.1 Produksi Pangan & Penduduk'!Y12) | K12: =IF('[1]0.1 Produksi Pangan & Penduduk'!AE12="","",'[1]0.1 Produksi Pangan & Penduduk'!AE12) | L12: =IF('[1]0.1 Produksi Pangan & Penduduk'!AK12="","",'[1]0.1 Produksi Pangan & Penduduk'!AK12) | M12: =IF('[1]0.1 Produksi Pangan & Penduduk'!AQ12="","",'[1]0.1 Produksi Pangan & Penduduk'!AQ12) | N12: =IF('[1]0.2 Konsumsi Energi'!J12="","",'[1]0.2 Konsumsi Energi'!J12) | O12: =IF('[1]0.2 Konsumsi Energi'!M12="","",'[1]0.2 Konsumsi Energi'!M12) -> 2100 | P12: =IF('[1]0.3 Konsumsi Protein Hewani'!J12="","",'[1]0.3 Konsumsi Protein Hewani'!J12) | Q12: =IF('[1]0.3 Konsumsi Protein Hewani'!M12="","",'[1]0.3 Konsumsi Protein Hewani'!M12) -> 25 | R12: =IF('[1]0.4 Stok_Cadangan'!J12="","",'[1]0.4 Stok_Cadangan'!J12) | S12: =IF('[1]0.4 Stok_Cadangan'!M12="","",'[1]0.4 Stok_Cadangan'!M12) | T12: =IF('[1]0.4 Stok_Cadangan'!P12="","",'[1]0.4 Stok_Cadangan'!P12) | U12: =IF('[1]0.4 Stok_Cadangan'!T12="","",'[1]0.4 Stok_Cadangan'!T12) | V12: =IF('[1]0.4 Stok_Cadangan'!W12="","",'[1]0.4 Stok_Cadangan'!W12) | W12: =IF('[1]0.4 Stok_Cadangan'!Z12="","",'[1]0.4 Stok_Cadangan'!Z12) | X12: =IF('[1]0.4 Stok_Cadangan'!AF12="","",'[1]0.4 Stok_Cadangan'!AF12) | Y12: =IF('[1]0.4 Stok_Cadangan'!AI12="","",'[1]0.4 Stok_Cadangan'!AI12) | Z12: =IF('[1]0.4 Stok_Cadangan'!AL12="","",'[1]0.4 Stok_Cadangan'!AL12) | AA12: =IF('[1]0.5 Indikator Keterjangkauan'!P12="","",'[1]0.5 Indikator Keterjangkauan'!P12) | AB12: =IF('[1]0.5 Indikator Keterjangkauan'!T12="","",'[1]0.5 Indikator Keterjangkauan'!T12) | AC12: =IF('[1]0.5 Indikator Keterjangkauan'!X12="","",'[1]0.5 Indikator Keterjangkauan'!X12) | AD12: =IF('[1]0.5 Indikator Keterjangkauan'!AB12="","",'[1]0.5 Indikator Keterjangkauan'!AB12) | AE12: =IF('[1]0.6 Indikator Pemanfaatan'!V12="","",'[1]0.6 Indikator Pemanfaatan'!V12) | AF12: =IF('[1]0.6 Indikator Pemanfaatan'!Z12="","",'[1]0.6 Indikator Pemanfaatan'!Z12) | AG12: =IF('[2]2.1 Data FSVA 2025 & Bobot'!H13="","",'[2]2.1 Data FSVA 2025 & Bobot'!H13) | AH12: =IF('[2]2.1 Data FSVA 2025 & Bobot'!J13="","",'[2]2.1 Data FSVA 2025 & Bobot'!J13) | AI12: =IF('[2]2.1 Data FSVA 2025 & Bobot'!L13="","",'[2]2.1 Data FSVA 2025 & Bobot'!L13) | AJ12: =IF('[2]2.1 Data FSVA 2025 & Bobot'!N13="","",'[2]2.1 Data FSVA 2025 & Bobot'!N13) | AK12: =IF('[2]2.1 Data FSVA 2025 & Bobot'!P13="","",'[2]2.1 Data FSVA 2025 & Bobot'!P13) | AL12: =IF('[2]2.1 Data FSVA 2025 & Bobot'!R13="","",'[2]2.1 Data FSVA 2025 & Bobot'!R13) | AM12: =IF('[2]2.1 Data FSVA 2025 & Bobot'!T13="","",'[2]2.1 Data FSVA 2025 & Bobot'!T13) | AN12: =IF('[2]2.1 Data FSVA 2025 & Bobot'!V13="","",'[2]2.1 Data FSVA 2025 & Bobot'!V13) | AO12: =IF('[2]2.1 Data FSVA 2025 & Bobot'!X13="","",'[2]2.1 Data FSVA 2025 & Bobot'!X13) | AP12: =IF('[2]2.1 Data FSVA 2025 & Bobot'!Z13="","",'[2]2.1 Data FSVA 2025 & Bobot'!Z13) | AQ12: =IF('[2]2.1 Data FSVA 2025 & Bobot'!AB13="","",'[2]2.1 Data FSVA 2025 & Bobot'!AB13) | AR12: =IF('[2]2.1 Data FSVA 2025 & Bobot'!AD13="","",'[2]2.1 Data FSVA 2025 & Bobot'!AD13) | AS12: =IF('[2]2.4 Prioritas Individu'!G13="","",'[2]2.4 Prioritas Individu'!G13) | AT12: =IF('[2]2.4 Prioritas Individu'!H13="","",'[2]2.4 Prioritas Individu'!H13) | AU12: =IF('[2]2.4 Prioritas Individu'!I13="","",'[2]2.4 Prioritas Individu'!I13) | AV12: =IF('[2]2.4 Prioritas Individu'!J13="","",'[2]2.4 Prioritas Individu'!J13) | AW12: =IF('[2]2.4 Prioritas Individu'!K13="","",'[2]2.4 Prioritas Individu'!K13) | AX12: =IF('[2]2.4 Prioritas Individu'!L13="","",'[2]2.4 Prioritas Individu'!L13) | AY12: =IF('[2]2.4 Prioritas Individu'!M13="","",'[2]2.4 Prioritas Individu'!M13) | AZ12: =IF('[2]2.4 Prioritas Individu'!N13="","",'[2]2.4 Prioritas Individu'!N13) | ... BG12: =IF('[2]2.4 Prioritas Individu'!U13="","",'[2]2.4 Prioritas Individu'!U13) -> - | BH12: =IF('[2]2.3 Indeks & Cut off Komposit'!G724="","",'[2]2.3 Indeks & Cut off Komposit'!G724) | BI12: =IF('[2]2.3 Indeks & Cut off Komposit'!H724="","",'[2]2.3 Indeks & Cut off Komposit'!H724) | BJ12: =IF('[2]2.3 Indeks & Cut off Komposit'!I724="","",'[2]2.3 Indeks & Cut off Komposit'!I724) | BK12: =IF('[2]2.3 Indeks & Cut off Komposit'!J724="","",'[2]2.3 Indeks & Cut off Komposit'!J724) | BL12: =IF('[2]2.3 Indeks & Cut off Komposit'!K724="","",'[2]2.3 Indeks & Cut off Komposit'!K724) | BM12: =IF('[2]2.3 Indeks & Cut off Komposit'!L724="","",'[2]2.3 Indeks & Cut off Komposit'!L724) | BN12: =IF('[2]2.3 Indeks & Cut off Komposit'!M724="","",'[2]2.3 Indeks & Cut off Komposit'!M724) | BO12: =IF('[2]2.3 Indeks & Cut off Komposit'!N724="","",'[2]2.3 Indeks & Cut off Komposit'!N724) | ... BW12: =IF('[2]2.3 Indeks & Cut off Komposit'!V724="","",'[2]2.3 Indeks & Cut off Komposit'!V724) -> -
A13: =IF('[1]0.1 Produksi Pangan & Penduduk'!A13="","",'[1]0.1 Produksi Pangan & Penduduk'!A13) | B13: =IF('[1]0.1 Produksi Pangan & Penduduk'!B13="","",'[1]0.1 Produksi Pangan & Penduduk'!B13) | C13: =IF('[1]0.1 Produksi Pangan & Penduduk'!C13="","",'[1]0.1 Produksi Pangan & Penduduk'!C13) | D13: =IF('[1]0.1 Produksi Pangan & Penduduk'!D13="","",'[1]0.1 Produksi Pangan & Penduduk'!D13) | E13: =IF('[1]0.1 Produksi Pangan & Penduduk'!E13="","",'[1]0.1 Produksi Pangan & Penduduk'!E13) | F13: =IF('[1]0.1 Produksi Pangan & Penduduk'!F13="","",'[1]0.1 Produksi Pangan & Penduduk'!F13) | G13: =IF('[1]0.1 Produksi Pangan & Penduduk'!J13="","",'[1]0.1 Produksi Pangan & Penduduk'!J13) | H13: =IF('[1]0.1 Produksi Pangan & Penduduk'!M13="","",'[1]0.1 Produksi Pangan & Penduduk'!M13) | I13: =IF('[1]0.1 Produksi Pangan & Penduduk'!S13="","",'[1]0.1 Produksi Pangan & Penduduk'!S13) | J13: =IF('[1]0.1 Produksi Pangan & Penduduk'!Y13="","",'[1]0.1 Produksi Pangan & Penduduk'!Y13) | K13: =IF('[1]0.1 Produksi Pangan & Penduduk'!AE13="","",'[1]0.1 Produksi Pangan & Penduduk'!AE13) | L13: =IF('[1]0.1 Produksi Pangan & Penduduk'!AK13="","",'[1]0.1 Produksi Pangan & Penduduk'!AK13) | M13: =IF('[1]0.1 Produksi Pangan & Penduduk'!AQ13="","",'[1]0.1 Produksi Pangan & Penduduk'!AQ13) | N13: =IF('[1]0.2 Konsumsi Energi'!J13="","",'[1]0.2 Konsumsi Energi'!J13) | O13: =IF('[1]0.2 Konsumsi Energi'!M13="","",'[1]0.2 Konsumsi Energi'!M13) -> 2100 | P13: =IF('[1]0.3 Konsumsi Protein Hewani'!J13="","",'[1]0.3 Konsumsi Protein Hewani'!J13) | Q13: =IF('[1]0.3 Konsumsi Protein Hewani'!M13="","",'[1]0.3 Konsumsi Protein Hewani'!M13) -> 25 | R13: =IF('[1]0.4 Stok_Cadangan'!J13="","",'[1]0.4 Stok_Cadangan'!J13) | S13: =IF('[1]0.4 Stok_Cadangan'!M13="","",'[1]0.4 Stok_Cadangan'!M13) | T13: =IF('[1]0.4 Stok_Cadangan'!P13="","",'[1]0.4 Stok_Cadangan'!P13) | U13: =IF('[1]0.4 Stok_Cadangan'!T13="","",'[1]0.4 Stok_Cadangan'!T13) | V13: =IF('[1]0.4 Stok_Cadangan'!W13="","",'[1]0.4 Stok_Cadangan'!W13) | W13: =IF('[1]0.4 Stok_Cadangan'!Z13="","",'[1]0.4 Stok_Cadangan'!Z13) | X13: =IF('[1]0.4 Stok_Cadangan'!AF13="","",'[1]0.4 Stok_Cadangan'!AF13) | Y13: =IF('[1]0.4 Stok_Cadangan'!AI13="","",'[1]0.4 Stok_Cadangan'!AI13) | Z13: =IF('[1]0.4 Stok_Cadangan'!AL13="","",'[1]0.4 Stok_Cadangan'!AL13) | AA13: =IF('[1]0.5 Indikator Keterjangkauan'!P13="","",'[1]0.5 Indikator Keterjangkauan'!P13) | AB13: =IF('[1]0.5 Indikator Keterjangkauan'!T13="","",'[1]0.5 Indikator Keterjangkauan'!T13) | AC13: =IF('[1]0.5 Indikator Keterjangkauan'!X13="","",'[1]0.5 Indikator Keterjangkauan'!X13) | AD13: =IF('[1]0.5 Indikator Keterjangkauan'!AB13="","",'[1]0.5 Indikator Keterjangkauan'!AB13) | AE13: =IF('[1]0.6 Indikator Pemanfaatan'!V13="","",'[1]0.6 Indikator Pemanfaatan'!V13) | AF13: =IF('[1]0.6 Indikator Pemanfaatan'!Z13="","",'[1]0.6 Indikator Pemanfaatan'!Z13) | AG13: =IF('[2]2.1 Data FSVA 2025 & Bobot'!H14="","",'[2]2.1 Data FSVA 2025 & Bobot'!H14) | AH13: =IF('[2]2.1 Data FSVA 2025 & Bobot'!J14="","",'[2]2.1 Data FSVA 2025 & Bobot'!J14) | AI13: =IF('[2]2.1 Data FSVA 2025 & Bobot'!L14="","",'[2]2.1 Data FSVA 2025 & Bobot'!L14) | AJ13: =IF('[2]2.1 Data FSVA 2025 & Bobot'!N14="","",'[2]2.1 Data FSVA 2025 & Bobot'!N14) | AK13: =IF('[2]2.1 Data FSVA 2025 & Bobot'!P14="","",'[2]2.1 Data FSVA 2025 & Bobot'!P14) | AL13: =IF('[2]2.1 Data FSVA 2025 & Bobot'!R14="","",'[2]2.1 Data FSVA 2025 & Bobot'!R14) | AM13: =IF('[2]2.1 Data FSVA 2025 & Bobot'!T14="","",'[2]2.1 Data FSVA 2025 & Bobot'!T14) | AN13: =IF('[2]2.1 Data FSVA 2025 & Bobot'!V14="","",'[2]2.1 Data FSVA 2025 & Bobot'!V14) | AO13: =IF('[2]2.1 Data FSVA 2025 & Bobot'!X14="","",'[2]2.1 Data FSVA 2025 & Bobot'!X14) | AP13: =IF('[2]2.1 Data FSVA 2025 & Bobot'!Z14="","",'[2]2.1 Data FSVA 2025 & Bobot'!Z14) | AQ13: =IF('[2]2.1 Data FSVA 2025 & Bobot'!AB14="","",'[2]2.1 Data FSVA 2025 & Bobot'!AB14) | AR13: =IF('[2]2.1 Data FSVA 2025 & Bobot'!AD14="","",'[2]2.1 Data FSVA 2025 & Bobot'!AD14) | AS13: =IF('[2]2.4 Prioritas Individu'!G14="","",'[2]2.4 Prioritas Individu'!G14) | AT13: =IF('[2]2.4 Prioritas Individu'!H14="","",'[2]2.4 Prioritas Individu'!H14) | AU13: =IF('[2]2.4 Prioritas Individu'!I14="","",'[2]2.4 Prioritas Individu'!I14) | AV13: =IF('[2]2.4 Prioritas Individu'!J14="","",'[2]2.4 Prioritas Individu'!J14) | AW13: =IF('[2]2.4 Prioritas Individu'!K14="","",'[2]2.4 Prioritas Individu'!K14) | AX13: =IF('[2]2.4 Prioritas Individu'!L14="","",'[2]2.4 Prioritas Individu'!L14) | AY13: =IF('[2]2.4 Prioritas Individu'!M14="","",'[2]2.4 Prioritas Individu'!M14) | AZ13: =IF('[2]2.4 Prioritas Individu'!N14="","",'[2]2.4 Prioritas Individu'!N14) | ... BG13: =IF('[2]2.4 Prioritas Individu'!U14="","",'[2]2.4 Prioritas Individu'!U14) -> - | BH13: =IF('[2]2.3 Indeks & Cut off Komposit'!G725="","",'[2]2.3 Indeks & Cut off Komposit'!G725) | BI13: =IF('[2]2.3 Indeks & Cut off Komposit'!H725="","",'[2]2.3 Indeks & Cut off Komposit'!H725) | BJ13: =IF('[2]2.3 Indeks & Cut off Komposit'!I725="","",'[2]2.3 Indeks & Cut off Komposit'!I725) | BK13: =IF('[2]2.3 Indeks & Cut off Komposit'!J725="","",'[2]2.3 Indeks & Cut off Komposit'!J725) | BL13: =IF('[2]2.3 Indeks & Cut off Komposit'!K725="","",'[2]2.3 Indeks & Cut off Komposit'!K725) | BM13: =IF('[2]2.3 Indeks & Cut off Komposit'!L725="","",'[2]2.3 Indeks & Cut off Komposit'!L725) | BN13: =IF('[2]2.3 Indeks & Cut off Komposit'!M725="","",'[2]2.3 Indeks & Cut off Komposit'!M725) | BO13: =IF('[2]2.3 Indeks & Cut off Komposit'!N725="","",'[2]2.3 Indeks & Cut off Komposit'!N725) | ... BW13: =IF('[2]2.3 Indeks & Cut off Komposit'!V725="","",'[2]2.3 Indeks & Cut off Komposit'!V725) -> -
A14: =IF('[1]0.1 Produksi Pangan & Penduduk'!A14="","",'[1]0.1 Produksi Pangan & Penduduk'!A14) | B14: =IF('[1]0.1 Produksi Pangan & Penduduk'!B14="","",'[1]0.1 Produksi Pangan & Penduduk'!B14) | C14: =IF('[1]0.1 Produksi Pangan & Penduduk'!C14="","",'[1]0.1 Produksi Pangan & Penduduk'!C14) | D14: =IF('[1]0.1 Produksi Pangan & Penduduk'!D14="","",'[1]0.1 Produksi Pangan & Penduduk'!D14) | E14: =IF('[1]0.1 Produksi Pangan & Penduduk'!E14="","",'[1]0.1 Produksi Pangan & Penduduk'!E14) | F14: =IF('[1]0.1 Produksi Pangan & Penduduk'!F14="","",'[1]0.1 Produksi Pangan & Penduduk'!F14) | G14: =IF('[1]0.1 Produksi Pangan & Penduduk'!J14="","",'[1]0.1 Produksi Pangan & Penduduk'!J14) | H14: =IF('[1]0.1 Produksi Pangan & Penduduk'!M14="","",'[1]0.1 Produksi Pangan & Penduduk'!M14) | I14: =IF('[1]0.1 Produksi Pangan & Penduduk'!S14="","",'[1]0.1 Produksi Pangan & Penduduk'!S14) | J14: =IF('[1]0.1 Produksi Pangan & Penduduk'!Y14="","",'[1]0.1 Produksi Pangan & Penduduk'!Y14) | K14: =IF('[1]0.1 Produksi Pangan & Penduduk'!AE14="","",'[1]0.1 Produksi Pangan & Penduduk'!AE14) | L14: =IF('[1]0.1 Produksi Pangan & Penduduk'!AK14="","",'[1]0.1 Produksi Pangan & Penduduk'!AK14) | M14: =IF('[1]0.1 Produksi Pangan & Penduduk'!AQ14="","",'[1]0.1 Produksi Pangan & Penduduk'!AQ14) | N14: =IF('[1]0.2 Konsumsi Energi'!J14="","",'[1]0.2 Konsumsi Energi'!J14) | O14: =IF('[1]0.2 Konsumsi Energi'!M14="","",'[1]0.2 Konsumsi Energi'!M14) -> 2100 | P14: =IF('[1]0.3 Konsumsi Protein Hewani'!J14="","",'[1]0.3 Konsumsi Protein Hewani'!J14) | Q14: =IF('[1]0.3 Konsumsi Protein Hewani'!M14="","",'[1]0.3 Konsumsi Protein Hewani'!M14) -> 25 | R14: =IF('[1]0.4 Stok_Cadangan'!J14="","",'[1]0.4 Stok_Cadangan'!J14) | S14: =IF('[1]0.4 Stok_Cadangan'!M14="","",'[1]0.4 Stok_Cadangan'!M14) | T14: =IF('[1]0.4 Stok_Cadangan'!P14="","",'[1]0.4 Stok_Cadangan'!P14) | U14: =IF('[1]0.4 Stok_Cadangan'!T14="","",'[1]0.4 Stok_Cadangan'!T14) | V14: =IF('[1]0.4 Stok_Cadangan'!W14="","",'[1]0.4 Stok_Cadangan'!W14) | W14: =IF('[1]0.4 Stok_Cadangan'!Z14="","",'[1]0.4 Stok_Cadangan'!Z14) | X14: =IF('[1]0.4 Stok_Cadangan'!AF14="","",'[1]0.4 Stok_Cadangan'!AF14) | Y14: =IF('[1]0.4 Stok_Cadangan'!AI14="","",'[1]0.4 Stok_Cadangan'!AI14) | Z14: =IF('[1]0.4 Stok_Cadangan'!AL14="","",'[1]0.4 Stok_Cadangan'!AL14) | AA14: =IF('[1]0.5 Indikator Keterjangkauan'!P14="","",'[1]0.5 Indikator Keterjangkauan'!P14) | AB14: =IF('[1]0.5 Indikator Keterjangkauan'!T14="","",'[1]0.5 Indikator Keterjangkauan'!T14) | AC14: =IF('[1]0.5 Indikator Keterjangkauan'!X14="","",'[1]0.5 Indikator Keterjangkauan'!X14) | AD14: =IF('[1]0.5 Indikator Keterjangkauan'!AB14="","",'[1]0.5 Indikator Keterjangkauan'!AB14) | AE14: =IF('[1]0.6 Indikator Pemanfaatan'!V14="","",'[1]0.6 Indikator Pemanfaatan'!V14) | AF14: =IF('[1]0.6 Indikator Pemanfaatan'!Z14="","",'[1]0.6 Indikator Pemanfaatan'!Z14) | AG14: =IF('[2]2.1 Data FSVA 2025 & Bobot'!H15="","",'[2]2.1 Data FSVA 2025 & Bobot'!H15) | AH14: =IF('[2]2.1 Data FSVA 2025 & Bobot'!J15="","",'[2]2.1 Data FSVA 2025 & Bobot'!J15) | AI14: =IF('[2]2.1 Data FSVA 2025 & Bobot'!L15="","",'[2]2.1 Data FSVA 2025 & Bobot'!L15) | AJ14: =IF('[2]2.1 Data FSVA 2025 & Bobot'!N15="","",'[2]2.1 Data FSVA 2025 & Bobot'!N15) | AK14: =IF('[2]2.1 Data FSVA 2025 & Bobot'!P15="","",'[2]2.1 Data FSVA 2025 & Bobot'!P15) | AL14: =IF('[2]2.1 Data FSVA 2025 & Bobot'!R15="","",'[2]2.1 Data FSVA 2025 & Bobot'!R15) | AM14: =IF('[2]2.1 Data FSVA 2025 & Bobot'!T15="","",'[2]2.1 Data FSVA 2025 & Bobot'!T15) | AN14: =IF('[2]2.1 Data FSVA 2025 & Bobot'!V15="","",'[2]2.1 Data FSVA 2025 & Bobot'!V15) | AO14: =IF('[2]2.1 Data FSVA 2025 & Bobot'!X15="","",'[2]2.1 Data FSVA 2025 & Bobot'!X15) | AP14: =IF('[2]2.1 Data FSVA 2025 & Bobot'!Z15="","",'[2]2.1 Data FSVA 2025 & Bobot'!Z15) | AQ14: =IF('[2]2.1 Data FSVA 2025 & Bobot'!AB15="","",'[2]2.1 Data FSVA 2025 & Bobot'!AB15) | AR14: =IF('[2]2.1 Data FSVA 2025 & Bobot'!AD15="","",'[2]2.1 Data FSVA 2025 & Bobot'!AD15) | AS14: =IF('[2]2.4 Prioritas Individu'!G15="","",'[2]2.4 Prioritas Individu'!G15) | AT14: =IF('[2]2.4 Prioritas Individu'!H15="","",'[2]2.4 Prioritas Individu'!H15) | AU14: =IF('[2]2.4 Prioritas Individu'!I15="","",'[2]2.4 Prioritas Individu'!I15) | AV14: =IF('[2]2.4 Prioritas Individu'!J15="","",'[2]2.4 Prioritas Individu'!J15) | AW14: =IF('[2]2.4 Prioritas Individu'!K15="","",'[2]2.4 Prioritas Individu'!K15) | AX14: =IF('[2]2.4 Prioritas Individu'!L15="","",'[2]2.4 Prioritas Individu'!L15) | AY14: =IF('[2]2.4 Prioritas Individu'!M15="","",'[2]2.4 Prioritas Individu'!M15) | AZ14: =IF('[2]2.4 Prioritas Individu'!N15="","",'[2]2.4 Prioritas Individu'!N15) | ... BG14: =IF('[2]2.4 Prioritas Individu'!U15="","",'[2]2.4 Prioritas Individu'!U15) -> - | BH14: =IF('[2]2.3 Indeks & Cut off Komposit'!G726="","",'[2]2.3 Indeks & Cut off Komposit'!G726) | BI14: =IF('[2]2.3 Indeks & Cut off Komposit'!H726="","",'[2]2.3 Indeks & Cut off Komposit'!H726) | BJ14: =IF('[2]2.3 Indeks & Cut off Komposit'!I726="","",'[2]2.3 Indeks & Cut off Komposit'!I726) | BK14: =IF('[2]2.3 Indeks & Cut off Komposit'!J726="","",'[2]2.3 Indeks & Cut off Komposit'!J726) | BL14: =IF('[2]2.3 Indeks & Cut off Komposit'!K726="","",'[2]2.3 Indeks & Cut off Komposit'!K726) | BM14: =IF('[2]2.3 Indeks & Cut off Komposit'!L726="","",'[2]2.3 Indeks & Cut off Komposit'!L726) | BN14: =IF('[2]2.3 Indeks & Cut off Komposit'!M726="","",'[2]2.3 Indeks & Cut off Komposit'!M726) | BO14: =IF('[2]2.3 Indeks & Cut off Komposit'!N726="","",'[2]2.3 Indeks & Cut off Komposit'!N726) | ... BW14: =IF('[2]2.3 Indeks & Cut off Komposit'!V726="","",'[2]2.3 Indeks & Cut off Komposit'!V726) -> -
A15: =IF('[1]0.1 Produksi Pangan & Penduduk'!A15="","",'[1]0.1 Produksi Pangan & Penduduk'!A15) | B15: =IF('[1]0.1 Produksi Pangan & Penduduk'!B15="","",'[1]0.1 Produksi Pangan & Penduduk'!B15) | C15: =IF('[1]0.1 Produksi Pangan & Penduduk'!C15="","",'[1]0.1 Produksi Pangan & Penduduk'!C15) | D15: =IF('[1]0.1 Produksi Pangan & Penduduk'!D15="","",'[1]0.1 Produksi Pangan & Penduduk'!D15) | E15: =IF('[1]0.1 Produksi Pangan & Penduduk'!E15="","",'[1]0.1 Produksi Pangan & Penduduk'!E15) | F15: =IF('[1]0.1 Produksi Pangan & Penduduk'!F15="","",'[1]0.1 Produksi Pangan & Penduduk'!F15) | G15: =IF('[1]0.1 Produksi Pangan & Penduduk'!J15="","",'[1]0.1 Produksi Pangan & Penduduk'!J15) | H15: =IF('[1]0.1 Produksi Pangan & Penduduk'!M15="","",'[1]0.1 Produksi Pangan & Penduduk'!M15) | I15: =IF('[1]0.1 Produksi Pangan & Penduduk'!S15="","",'[1]0.1 Produksi Pangan & Penduduk'!S15) | J15: =IF('[1]0.1 Produksi Pangan & Penduduk'!Y15="","",'[1]0.1 Produksi Pangan & Penduduk'!Y15) | K15: =IF('[1]0.1 Produksi Pangan & Penduduk'!AE15="","",'[1]0.1 Produksi Pangan & Penduduk'!AE15) | L15: =IF('[1]0.1 Produksi Pangan & Penduduk'!AK15="","",'[1]0.1 Produksi Pangan & Penduduk'!AK15) | M15: =IF('[1]0.1 Produksi Pangan & Penduduk'!AQ15="","",'[1]0.1 Produksi Pangan & Penduduk'!AQ15) | N15: =IF('[1]0.2 Konsumsi Energi'!J15="","",'[1]0.2 Konsumsi Energi'!J15) | O15: =IF('[1]0.2 Konsumsi Energi'!M15="","",'[1]0.2 Konsumsi Energi'!M15) -> 2100 | P15: =IF('[1]0.3 Konsumsi Protein Hewani'!J15="","",'[1]0.3 Konsumsi Protein Hewani'!J15) | Q15: =IF('[1]0.3 Konsumsi Protein Hewani'!M15="","",'[1]0.3 Konsumsi Protein Hewani'!M15) -> 25 | R15: =IF('[1]0.4 Stok_Cadangan'!J15="","",'[1]0.4 Stok_Cadangan'!J15) | S15: =IF('[1]0.4 Stok_Cadangan'!M15="","",'[1]0.4 Stok_Cadangan'!M15) | T15: =IF('[1]0.4 Stok_Cadangan'!P15="","",'[1]0.4 Stok_Cadangan'!P15) | U15: =IF('[1]0.4 Stok_Cadangan'!T15="","",'[1]0.4 Stok_Cadangan'!T15) | V15: =IF('[1]0.4 Stok_Cadangan'!W15="","",'[1]0.4 Stok_Cadangan'!W15) | W15: =IF('[1]0.4 Stok_Cadangan'!Z15="","",'[1]0.4 Stok_Cadangan'!Z15) | X15: =IF('[1]0.4 Stok_Cadangan'!AF15="","",'[1]0.4 Stok_Cadangan'!AF15) | Y15: =IF('[1]0.4 Stok_Cadangan'!AI15="","",'[1]0.4 Stok_Cadangan'!AI15) | Z15: =IF('[1]0.4 Stok_Cadangan'!AL15="","",'[1]0.4 Stok_Cadangan'!AL15) | AA15: =IF('[1]0.5 Indikator Keterjangkauan'!P15="","",'[1]0.5 Indikator Keterjangkauan'!P15) | AB15: =IF('[1]0.5 Indikator Keterjangkauan'!T15="","",'[1]0.5 Indikator Keterjangkauan'!T15) | AC15: =IF('[1]0.5 Indikator Keterjangkauan'!X15="","",'[1]0.5 Indikator Keterjangkauan'!X15) | AD15: =IF('[1]0.5 Indikator Keterjangkauan'!AB15="","",'[1]0.5 Indikator Keterjangkauan'!AB15) | AE15: =IF('[1]0.6 Indikator Pemanfaatan'!V15="","",'[1]0.6 Indikator Pemanfaatan'!V15) | AF15: =IF('[1]0.6 Indikator Pemanfaatan'!Z15="","",'[1]0.6 Indikator Pemanfaatan'!Z15) | AG15: =IF('[2]2.1 Data FSVA 2025 & Bobot'!H16="","",'[2]2.1 Data FSVA 2025 & Bobot'!H16) | AH15: =IF('[2]2.1 Data FSVA 2025 & Bobot'!J16="","",'[2]2.1 Data FSVA 2025 & Bobot'!J16) | AI15: =IF('[2]2.1 Data FSVA 2025 & Bobot'!L16="","",'[2]2.1 Data FSVA 2025 & Bobot'!L16) | AJ15: =IF('[2]2.1 Data FSVA 2025 & Bobot'!N16="","",'[2]2.1 Data FSVA 2025 & Bobot'!N16) | AK15: =IF('[2]2.1 Data FSVA 2025 & Bobot'!P16="","",'[2]2.1 Data FSVA 2025 & Bobot'!P16) | AL15: =IF('[2]2.1 Data FSVA 2025 & Bobot'!R16="","",'[2]2.1 Data FSVA 2025 & Bobot'!R16) | AM15: =IF('[2]2.1 Data FSVA 2025 & Bobot'!T16="","",'[2]2.1 Data FSVA 2025 & Bobot'!T16) | AN15: =IF('[2]2.1 Data FSVA 2025 & Bobot'!V16="","",'[2]2.1 Data FSVA 2025 & Bobot'!V16) | AO15: =IF('[2]2.1 Data FSVA 2025 & Bobot'!X16="","",'[2]2.1 Data FSVA 2025 & Bobot'!X16) | AP15: =IF('[2]2.1 Data FSVA 2025 & Bobot'!Z16="","",'[2]2.1 Data FSVA 2025 & Bobot'!Z16) | AQ15: =IF('[2]2.1 Data FSVA 2025 & Bobot'!AB16="","",'[2]2.1 Data FSVA 2025 & Bobot'!AB16) | AR15: =IF('[2]2.1 Data FSVA 2025 & Bobot'!AD16="","",'[2]2.1 Data FSVA 2025 & Bobot'!AD16) | AS15: =IF('[2]2.4 Prioritas Individu'!G16="","",'[2]2.4 Prioritas Individu'!G16) | AT15: =IF('[2]2.4 Prioritas Individu'!H16="","",'[2]2.4 Prioritas Individu'!H16) | AU15: =IF('[2]2.4 Prioritas Individu'!I16="","",'[2]2.4 Prioritas Individu'!I16) | AV15: =IF('[2]2.4 Prioritas Individu'!J16="","",'[2]2.4 Prioritas Individu'!J16) | AW15: =IF('[2]2.4 Prioritas Individu'!K16="","",'[2]2.4 Prioritas Individu'!K16) | AX15: =IF('[2]2.4 Prioritas Individu'!L16="","",'[2]2.4 Prioritas Individu'!L16) | AY15: =IF('[2]2.4 Prioritas Individu'!M16="","",'[2]2.4 Prioritas Individu'!M16) | AZ15: =IF('[2]2.4 Prioritas Individu'!N16="","",'[2]2.4 Prioritas Individu'!N16) | ... BG15: =IF('[2]2.4 Prioritas Individu'!U16="","",'[2]2.4 Prioritas Individu'!U16) -> - | BH15: =IF('[2]2.3 Indeks & Cut off Komposit'!G727="","",'[2]2.3 Indeks & Cut off Komposit'!G727) | BI15: =IF('[2]2.3 Indeks & Cut off Komposit'!H727="","",'[2]2.3 Indeks & Cut off Komposit'!H727) | BJ15: =IF('[2]2.3 Indeks & Cut off Komposit'!I727="","",'[2]2.3 Indeks & Cut off Komposit'!I727) | BK15: =IF('[2]2.3 Indeks & Cut off Komposit'!J727="","",'[2]2.3 Indeks & Cut off Komposit'!J727) | BL15: =IF('[2]2.3 Indeks & Cut off Komposit'!K727="","",'[2]2.3 Indeks & Cut off Komposit'!K727) | BM15: =IF('[2]2.3 Indeks & Cut off Komposit'!L727="","",'[2]2.3 Indeks & Cut off Komposit'!L727) | BN15: =IF('[2]2.3 Indeks & Cut off Komposit'!M727="","",'[2]2.3 Indeks & Cut off Komposit'!M727) | BO15: =IF('[2]2.3 Indeks & Cut off Komposit'!N727="","",'[2]2.3 Indeks & Cut off Komposit'!N727) | ... BW15: =IF('[2]2.3 Indeks & Cut off Komposit'!V727="","",'[2]2.3 Indeks & Cut off Komposit'!V727) -> -
A16: =IF('[1]0.1 Produksi Pangan & Penduduk'!A16="","",'[1]0.1 Produksi Pangan & Penduduk'!A16) | B16: =IF('[1]0.1 Produksi Pangan & Penduduk'!B16="","",'[1]0.1 Produksi Pangan & Penduduk'!B16) | C16: =IF('[1]0.1 Produksi Pangan & Penduduk'!C16="","",'[1]0.1 Produksi Pangan & Penduduk'!C16) | D16: =IF('[1]0.1 Produksi Pangan & Penduduk'!D16="","",'[1]0.1 Produksi Pangan & Penduduk'!D16) | E16: =IF('[1]0.1 Produksi Pangan & Penduduk'!E16="","",'[1]0.1 Produksi Pangan & Penduduk'!E16) | F16: =IF('[1]0.1 Produksi Pangan & Penduduk'!F16="","",'[1]0.1 Produksi Pangan & Penduduk'!F16) | G16: =IF('[1]0.1 Produksi Pangan & Penduduk'!J16="","",'[1]0.1 Produksi Pangan & Penduduk'!J16) | H16: =IF('[1]0.1 Produksi Pangan & Penduduk'!M16="","",'[1]0.1 Produksi Pangan & Penduduk'!M16) | I16: =IF('[1]0.1 Produksi Pangan & Penduduk'!S16="","",'[1]0.1 Produksi Pangan & Penduduk'!S16) | J16: =IF('[1]0.1 Produksi Pangan & Penduduk'!Y16="","",'[1]0.1 Produksi Pangan & Penduduk'!Y16) | K16: =IF('[1]0.1 Produksi Pangan & Penduduk'!AE16="","",'[1]0.1 Produksi Pangan & Penduduk'!AE16) | L16: =IF('[1]0.1 Produksi Pangan & Penduduk'!AK16="","",'[1]0.1 Produksi Pangan & Penduduk'!AK16) | M16: =IF('[1]0.1 Produksi Pangan & Penduduk'!AQ16="","",'[1]0.1 Produksi Pangan & Penduduk'!AQ16) | N16: =IF('[1]0.2 Konsumsi Energi'!J16="","",'[1]0.2 Konsumsi Energi'!J16) | O16: =IF('[1]0.2 Konsumsi Energi'!M16="","",'[1]0.2 Konsumsi Energi'!M16) -> 2100 | P16: =IF('[1]0.3 Konsumsi Protein Hewani'!J16="","",'[1]0.3 Konsumsi Protein Hewani'!J16) | Q16: =IF('[1]0.3 Konsumsi Protein Hewani'!M16="","",'[1]0.3 Konsumsi Protein Hewani'!M16) -> 25 | R16: =IF('[1]0.4 Stok_Cadangan'!J16="","",'[1]0.4 Stok_Cadangan'!J16) | S16: =IF('[1]0.4 Stok_Cadangan'!M16="","",'[1]0.4 Stok_Cadangan'!M16) | T16: =IF('[1]0.4 Stok_Cadangan'!P16="","",'[1]0.4 Stok_Cadangan'!P16) | U16: =IF('[1]0.4 Stok_Cadangan'!T16="","",'[1]0.4 Stok_Cadangan'!T16) | V16: =IF('[1]0.4 Stok_Cadangan'!W16="","",'[1]0.4 Stok_Cadangan'!W16) | W16: =IF('[1]0.4 Stok_Cadangan'!Z16="","",'[1]0.4 Stok_Cadangan'!Z16) | X16: =IF('[1]0.4 Stok_Cadangan'!AF16="","",'[1]0.4 Stok_Cadangan'!AF16) | Y16: =IF('[1]0.4 Stok_Cadangan'!AI16="","",'[1]0.4 Stok_Cadangan'!AI16) | Z16: =IF('[1]0.4 Stok_Cadangan'!AL16="","",'[1]0.4 Stok_Cadangan'!AL16) | AA16: =IF('[1]0.5 Indikator Keterjangkauan'!P16="","",'[1]0.5 Indikator Keterjangkauan'!P16) | AB16: =IF('[1]0.5 Indikator Keterjangkauan'!T16="","",'[1]0.5 Indikator Keterjangkauan'!T16) | AC16: =IF('[1]0.5 Indikator Keterjangkauan'!X16="","",'[1]0.5 Indikator Keterjangkauan'!X16) | AD16: =IF('[1]0.5 Indikator Keterjangkauan'!AB16="","",'[1]0.5 Indikator Keterjangkauan'!AB16) | AE16: =IF('[1]0.6 Indikator Pemanfaatan'!V16="","",'[1]0.6 Indikator Pemanfaatan'!V16) | AF16: =IF('[1]0.6 Indikator Pemanfaatan'!Z16="","",'[1]0.6 Indikator Pemanfaatan'!Z16) | AG16: =IF('[2]2.1 Data FSVA 2025 & Bobot'!H17="","",'[2]2.1 Data FSVA 2025 & Bobot'!H17) | AH16: =IF('[2]2.1 Data FSVA 2025 & Bobot'!J17="","",'[2]2.1 Data FSVA 2025 & Bobot'!J17) | AI16: =IF('[2]2.1 Data FSVA 2025 & Bobot'!L17="","",'[2]2.1 Data FSVA 2025 & Bobot'!L17) | AJ16: =IF('[2]2.1 Data FSVA 2025 & Bobot'!N17="","",'[2]2.1 Data FSVA 2025 & Bobot'!N17) | AK16: =IF('[2]2.1 Data FSVA 2025 & Bobot'!P17="","",'[2]2.1 Data FSVA 2025 & Bobot'!P17) | AL16: =IF('[2]2.1 Data FSVA 2025 & Bobot'!R17="","",'[2]2.1 Data FSVA 2025 & Bobot'!R17) | AM16: =IF('[2]2.1 Data FSVA 2025 & Bobot'!T17="","",'[2]2.1 Data FSVA 2025 & Bobot'!T17) | AN16: =IF('[2]2.1 Data FSVA 2025 & Bobot'!V17="","",'[2]2.1 Data FSVA 2025 & Bobot'!V17) | AO16: =IF('[2]2.1 Data FSVA 2025 & Bobot'!X17="","",'[2]2.1 Data FSVA 2025 & Bobot'!X17) | AP16: =IF('[2]2.1 Data FSVA 2025 & Bobot'!Z17="","",'[2]2.1 Data FSVA 2025 & Bobot'!Z17) | AQ16: =IF('[2]2.1 Data FSVA 2025 & Bobot'!AB17="","",'[2]2.1 Data FSVA 2025 & Bobot'!AB17) | AR16: =IF('[2]2.1 Data FSVA 2025 & Bobot'!AD17="","",'[2]2.1 Data FSVA 2025 & Bobot'!AD17) | AS16: =IF('[2]2.4 Prioritas Individu'!G17="","",'[2]2.4 Prioritas Individu'!G17) | AT16: =IF('[2]2.4 Prioritas Individu'!H17="","",'[2]2.4 Prioritas Individu'!H17) | AU16: =IF('[2]2.4 Prioritas Individu'!I17="","",'[2]2.4 Prioritas Individu'!I17) | AV16: =IF('[2]2.4 Prioritas Individu'!J17="","",'[2]2.4 Prioritas Individu'!J17) | AW16: =IF('[2]2.4 Prioritas Individu'!K17="","",'[2]2.4 Prioritas Individu'!K17) | AX16: =IF('[2]2.4 Prioritas Individu'!L17="","",'[2]2.4 Prioritas Individu'!L17) | AY16: =IF('[2]2.4 Prioritas Individu'!M17="","",'[2]2.4 Prioritas Individu'!M17) | AZ16: =IF('[2]2.4 Prioritas Individu'!N17="","",'[2]2.4 Prioritas Individu'!N17) | ... BG16: =IF('[2]2.4 Prioritas Individu'!U17="","",'[2]2.4 Prioritas Individu'!U17) -> - | BH16: =IF('[2]2.3 Indeks & Cut off Komposit'!G728="","",'[2]2.3 Indeks & Cut off Komposit'!G728) | BI16: =IF('[2]2.3 Indeks & Cut off Komposit'!H728="","",'[2]2.3 Indeks & Cut off Komposit'!H728) | BJ16: =IF('[2]2.3 Indeks & Cut off Komposit'!I728="","",'[2]2.3 Indeks & Cut off Komposit'!I728) | BK16: =IF('[2]2.3 Indeks & Cut off Komposit'!J728="","",'[2]2.3 Indeks & Cut off Komposit'!J728) | BL16: =IF('[2]2.3 Indeks & Cut off Komposit'!K728="","",'[2]2.3 Indeks & Cut off Komposit'!K728) | BM16: =IF('[2]2.3 Indeks & Cut off Komposit'!L728="","",'[2]2.3 Indeks & Cut off Komposit'!L728) | BN16: =IF('[2]2.3 Indeks & Cut off Komposit'!M728="","",'[2]2.3 Indeks & Cut off Komposit'!M728) | BO16: =IF('[2]2.3 Indeks & Cut off Komposit'!N728="","",'[2]2.3 Indeks & Cut off Komposit'!N728) | ... BW16: =IF('[2]2.3 Indeks & Cut off Komposit'!V728="","",'[2]2.3 Indeks & Cut off Komposit'!V728) -> -
A17: =IF('[1]0.1 Produksi Pangan & Penduduk'!A17="","",'[1]0.1 Produksi Pangan & Penduduk'!A17) | B17: =IF('[1]0.1 Produksi Pangan & Penduduk'!B17="","",'[1]0.1 Produksi Pangan & Penduduk'!B17) | C17: =IF('[1]0.1 Produksi Pangan & Penduduk'!C17="","",'[1]0.1 Produksi Pangan & Penduduk'!C17) | D17: =IF('[1]0.1 Produksi Pangan & Penduduk'!D17="","",'[1]0.1 Produksi Pangan & Penduduk'!D17) | E17: =IF('[1]0.1 Produksi Pangan & Penduduk'!E17="","",'[1]0.1 Produksi Pangan & Penduduk'!E17) | F17: =IF('[1]0.1 Produksi Pangan & Penduduk'!F17="","",'[1]0.1 Produksi Pangan & Penduduk'!F17) | G17: =IF('[1]0.1 Produksi Pangan & Penduduk'!J17="","",'[1]0.1 Produksi Pangan & Penduduk'!J17) | H17: =IF('[1]0.1 Produksi Pangan & Penduduk'!M17="","",'[1]0.1 Produksi Pangan & Penduduk'!M17) | I17: =IF('[1]0.1 Produksi Pangan & Penduduk'!S17="","",'[1]0.1 Produksi Pangan & Penduduk'!S17) | J17: =IF('[1]0.1 Produksi Pangan & Penduduk'!Y17="","",'[1]0.1 Produksi Pangan & Penduduk'!Y17) | K17: =IF('[1]0.1 Produksi Pangan & Penduduk'!AE17="","",'[1]0.1 Produksi Pangan & Penduduk'!AE17) | L17: =IF('[1]0.1 Produksi Pangan & Penduduk'!AK17="","",'[1]0.1 Produksi Pangan & Penduduk'!AK17) | M17: =IF('[1]0.1 Produksi Pangan & Penduduk'!AQ17="","",'[1]0.1 Produksi Pangan & Penduduk'!AQ17) | N17: =IF('[1]0.2 Konsumsi Energi'!J17="","",'[1]0.2 Konsumsi Energi'!J17) | O17: =IF('[1]0.2 Konsumsi Energi'!M17="","",'[1]0.2 Konsumsi Energi'!M17) -> 2100 | P17: =IF('[1]0.3 Konsumsi Protein Hewani'!J17="","",'[1]0.3 Konsumsi Protein Hewani'!J17) | Q17: =IF('[1]0.3 Konsumsi Protein Hewani'!M17="","",'[1]0.3 Konsumsi Protein Hewani'!M17) -> 25 | R17: =IF('[1]0.4 Stok_Cadangan'!J17="","",'[1]0.4 Stok_Cadangan'!J17) | S17: =IF('[1]0.4 Stok_Cadangan'!M17="","",'[1]0.4 Stok_Cadangan'!M17) | T17: =IF('[1]0.4 Stok_Cadangan'!P17="","",'[1]0.4 Stok_Cadangan'!P17) | U17: =IF('[1]0.4 Stok_Cadangan'!T17="","",'[1]0.4 Stok_Cadangan'!T17) | V17: =IF('[1]0.4 Stok_Cadangan'!W17="","",'[1]0.4 Stok_Cadangan'!W17) | W17: =IF('[1]0.4 Stok_Cadangan'!Z17="","",'[1]0.4 Stok_Cadangan'!Z17) | X17: =IF('[1]0.4 Stok_Cadangan'!AF17="","",'[1]0.4 Stok_Cadangan'!AF17) | Y17: =IF('[1]0.4 Stok_Cadangan'!AI17="","",'[1]0.4 Stok_Cadangan'!AI17) | Z17: =IF('[1]0.4 Stok_Cadangan'!AL17="","",'[1]0.4 Stok_Cadangan'!AL17) | AA17: =IF('[1]0.5 Indikator Keterjangkauan'!P17="","",'[1]0.5 Indikator Keterjangkauan'!P17) | AB17: =IF('[1]0.5 Indikator Keterjangkauan'!T17="","",'[1]0.5 Indikator Keterjangkauan'!T17) | AC17: =IF('[1]0.5 Indikator Keterjangkauan'!X17="","",'[1]0.5 Indikator Keterjangkauan'!X17) | AD17: =IF('[1]0.5 Indikator Keterjangkauan'!AB17="","",'[1]0.5 Indikator Keterjangkauan'!AB17) | AE17: =IF('[1]0.6 Indikator Pemanfaatan'!V17="","",'[1]0.6 Indikator Pemanfaatan'!V17) | AF17: =IF('[1]0.6 Indikator Pemanfaatan'!Z17="","",'[1]0.6 Indikator Pemanfaatan'!Z17) | AG17: =IF('[2]2.1 Data FSVA 2025 & Bobot'!H18="","",'[2]2.1 Data FSVA 2025 & Bobot'!H18) | AH17: =IF('[2]2.1 Data FSVA 2025 & Bobot'!J18="","",'[2]2.1 Data FSVA 2025 & Bobot'!J18) | AI17: =IF('[2]2.1 Data FSVA 2025 & Bobot'!L18="","",'[2]2.1 Data FSVA 2025 & Bobot'!L18) | AJ17: =IF('[2]2.1 Data FSVA 2025 & Bobot'!N18="","",'[2]2.1 Data FSVA 2025 & Bobot'!N18) | AK17: =IF('[2]2.1 Data FSVA 2025 & Bobot'!P18="","",'[2]2.1 Data FSVA 2025 & Bobot'!P18) | AL17: =IF('[2]2.1 Data FSVA 2025 & Bobot'!R18="","",'[2]2.1 Data FSVA 2025 & Bobot'!R18) | AM17: =IF('[2]2.1 Data FSVA 2025 & Bobot'!T18="","",'[2]2.1 Data FSVA 2025 & Bobot'!T18) | AN17: =IF('[2]2.1 Data FSVA 2025 & Bobot'!V18="","",'[2]2.1 Data FSVA 2025 & Bobot'!V18) | AO17: =IF('[2]2.1 Data FSVA 2025 & Bobot'!X18="","",'[2]2.1 Data FSVA 2025 & Bobot'!X18) | AP17: =IF('[2]2.1 Data FSVA 2025 & Bobot'!Z18="","",'[2]2.1 Data FSVA 2025 & Bobot'!Z18) | AQ17: =IF('[2]2.1 Data FSVA 2025 & Bobot'!AB18="","",'[2]2.1 Data FSVA 2025 & Bobot'!AB18) | AR17: =IF('[2]2.1 Data FSVA 2025 & Bobot'!AD18="","",'[2]2.1 Data FSVA 2025 & Bobot'!AD18) | AS17: =IF('[2]2.4 Prioritas Individu'!G18="","",'[2]2.4 Prioritas Individu'!G18) | AT17: =IF('[2]2.4 Prioritas Individu'!H18="","",'[2]2.4 Prioritas Individu'!H18) | AU17: =IF('[2]2.4 Prioritas Individu'!I18="","",'[2]2.4 Prioritas Individu'!I18) | AV17: =IF('[2]2.4 Prioritas Individu'!J18="","",'[2]2.4 Prioritas Individu'!J18) | AW17: =IF('[2]2.4 Prioritas Individu'!K18="","",'[2]2.4 Prioritas Individu'!K18) | AX17: =IF('[2]2.4 Prioritas Individu'!L18="","",'[2]2.4 Prioritas Individu'!L18) | AY17: =IF('[2]2.4 Prioritas Individu'!M18="","",'[2]2.4 Prioritas Individu'!M18) | AZ17: =IF('[2]2.4 Prioritas Individu'!N18="","",'[2]2.4 Prioritas Individu'!N18) | ... BG17: =IF('[2]2.4 Prioritas Individu'!U18="","",'[2]2.4 Prioritas Individu'!U18) -> - | BH17: =IF('[2]2.3 Indeks & Cut off Komposit'!G729="","",'[2]2.3 Indeks & Cut off Komposit'!G729) | BI17: =IF('[2]2.3 Indeks & Cut off Komposit'!H729="","",'[2]2.3 Indeks & Cut off Komposit'!H729) | BJ17: =IF('[2]2.3 Indeks & Cut off Komposit'!I729="","",'[2]2.3 Indeks & Cut off Komposit'!I729) | BK17: =IF('[2]2.3 Indeks & Cut off Komposit'!J729="","",'[2]2.3 Indeks & Cut off Komposit'!J729) | BL17: =IF('[2]2.3 Indeks & Cut off Komposit'!K729="","",'[2]2.3 Indeks & Cut off Komposit'!K729) | BM17: =IF('[2]2.3 Indeks & Cut off Komposit'!L729="","",'[2]2.3 Indeks & Cut off Komposit'!L729) | BN17: =IF('[2]2.3 Indeks & Cut off Komposit'!M729="","",'[2]2.3 Indeks & Cut off Komposit'!M729) | BO17: =IF('[2]2.3 Indeks & Cut off Komposit'!N729="","",'[2]2.3 Indeks & Cut off Komposit'!N729) | ... BW17: =IF('[2]2.3 Indeks & Cut off Komposit'!V729="","",'[2]2.3 Indeks & Cut off Komposit'!V729) -> -
... A704: =IF('[1]0.1 Produksi Pangan & Penduduk'!A704="","",'[1]0.1 Produksi Pangan & Penduduk'!A704) | B704: =IF('[1]0.1 Produksi Pangan & Penduduk'!B704="","",'[1]0.1 Produksi Pangan & Penduduk'!B704) | C704: =IF('[1]0.1 Produksi Pangan & Penduduk'!C704="","",'[1]0.1 Produksi Pangan & Penduduk'!C704) | D704: =IF('[1]0.1 Produksi Pangan & Penduduk'!D704="","",'[1]0.1 Produksi Pangan & Penduduk'!D704) | E704: =IF('[1]0.1 Produksi Pangan & Penduduk'!E704="","",'[1]0.1 Produksi Pangan & Penduduk'!E704) | F704: =IF('[1]0.1 Produksi Pangan & Penduduk'!F704="","",'[1]0.1 Produksi Pangan & Penduduk'!F704) | G704: =IF('[1]0.1 Produksi Pangan & Penduduk'!J704="","",'[1]0.1 Produksi Pangan & Penduduk'!J704) | H704: =IF('[1]0.1 Produksi Pangan & Penduduk'!M704="","",'[1]0.1 Produksi Pangan & Penduduk'!M704) | I704: =IF('[1]0.1 Produksi Pangan & Penduduk'!S704="","",'[1]0.1 Produksi Pangan & Penduduk'!S704) | J704: =IF('[1]0.1 Produksi Pangan & Penduduk'!Y704="","",'[1]0.1 Produksi Pangan & Penduduk'!Y704) | K704: =IF('[1]0.1 Produksi Pangan & Penduduk'!AE704="","",'[1]0.1 Produksi Pangan & Penduduk'!AE704) | L704: =IF('[1]0.1 Produksi Pangan & Penduduk'!AK704="","",'[1]0.1 Produksi Pangan & Penduduk'!AK704) | M704: =IF('[1]0.1 Produksi Pangan & Penduduk'!AQ704="","",'[1]0.1 Produksi Pangan & Penduduk'!AQ704) | N704: =IF('[1]0.2 Konsumsi Energi'!J704="","",'[1]0.2 Konsumsi Energi'!J704) | O704: =IF('[1]0.2 Konsumsi Energi'!M704="","",'[1]0.2 Konsumsi Energi'!M704) -> 2100 | P704: =IF('[1]0.3 Konsumsi Protein Hewani'!J704="","",'[1]0.3 Konsumsi Protein Hewani'!J704) | Q704: =IF('[1]0.3 Konsumsi Protein Hewani'!M704="","",'[1]0.3 Konsumsi Protein Hewani'!M704) -> 25 | R704: =IF('[1]0.4 Stok_Cadangan'!J704="","",'[1]0.4 Stok_Cadangan'!J704) | S704: =IF('[1]0.4 Stok_Cadangan'!M704="","",'[1]0.4 Stok_Cadangan'!M704) | T704: =IF('[1]0.4 Stok_Cadangan'!P704="","",'[1]0.4 Stok_Cadangan'!P704) | U704: =IF('[1]0.4 Stok_Cadangan'!T704="","",'[1]0.4 Stok_Cadangan'!T704) | V704: =IF('[1]0.4 Stok_Cadangan'!W704="","",'[1]0.4 Stok_Cadangan'!W704) | W704: =IF('[1]0.4 Stok_Cadangan'!Z704="","",'[1]0.4 Stok_Cadangan'!Z704) | X704: =IF('[1]0.4 Stok_Cadangan'!AF704="","",'[1]0.4 Stok_Cadangan'!AF704) | Y704: =IF('[1]0.4 Stok_Cadangan'!AI704="","",'[1]0.4 Stok_Cadangan'!AI704) | Z704: =IF('[1]0.4 Stok_Cadangan'!AL704="","",'[1]0.4 Stok_Cadangan'!AL704) | AA704: =IF('[1]0.5 Indikator Keterjangkauan'!P704="","",'[1]0.5 Indikator Keterjangkauan'!P704) | AB704: =IF('[1]0.5 Indikator Keterjangkauan'!T704="","",'[1]0.5 Indikator Keterjangkauan'!T704) | AC704: =IF('[1]0.5 Indikator Keterjangkauan'!X704="","",'[1]0.5 Indikator Keterjangkauan'!X704) | AD704: =IF('[1]0.5 Indikator Keterjangkauan'!AB704="","",'[1]0.5 Indikator Keterjangkauan'!AB704) | AE704: =IF('[1]0.6 Indikator Pemanfaatan'!V704="","",'[1]0.6 Indikator Pemanfaatan'!V704) | AF704: =IF('[1]0.6 Indikator Pemanfaatan'!Z704="","",'[1]0.6 Indikator Pemanfaatan'!Z704) | AG704: =IF('[2]2.1 Data FSVA 2025 & Bobot'!H705="","",'[2]2.1 Data FSVA 2025 & Bobot'!H705) | AH704: =IF('[2]2.1 Data FSVA 2025 & Bobot'!J705="","",'[2]2.1 Data FSVA 2025 & Bobot'!J705) | AI704: =IF('[2]2.1 Data FSVA 2025 & Bobot'!L705="","",'[2]2.1 Data FSVA 2025 & Bobot'!L705) | AJ704: =IF('[2]2.1 Data FSVA 2025 & Bobot'!N705="","",'[2]2.1 Data FSVA 2025 & Bobot'!N705) | AK704: =IF('[2]2.1 Data FSVA 2025 & Bobot'!P705="","",'[2]2.1 Data FSVA 2025 & Bobot'!P705) | AL704: =IF('[2]2.1 Data FSVA 2025 & Bobot'!R705="","",'[2]2.1 Data FSVA 2025 & Bobot'!R705) | AM704: =IF('[2]2.1 Data FSVA 2025 & Bobot'!T705="","",'[2]2.1 Data FSVA 2025 & Bobot'!T705) | AN704: =IF('[2]2.1 Data FSVA 2025 & Bobot'!V705="","",'[2]2.1 Data FSVA 2025 & Bobot'!V705) | AO704: =IF('[2]2.1 Data FSVA 2025 & Bobot'!X705="","",'[2]2.1 Data FSVA 2025 & Bobot'!X705) | AP704: =IF('[2]2.1 Data FSVA 2025 & Bobot'!Z705="","",'[2]2.1 Data FSVA 2025 & Bobot'!Z705) | AQ704: =IF('[2]2.1 Data FSVA 2025 & Bobot'!AB705="","",'[2]2.1 Data FSVA 2025 & Bobot'!AB705) | AR704: =IF('[2]2.1 Data FSVA 2025 & Bobot'!AD705="","",'[2]2.1 Data FSVA 2025 & Bobot'!AD705) | AS704: =IF('[2]2.4 Prioritas Individu'!G705="","",'[2]2.4 Prioritas Individu'!G705) | AT704: =IF('[2]2.4 Prioritas Individu'!H705="","",'[2]2.4 Prioritas Individu'!H705) | AU704: =IF('[2]2.4 Prioritas Individu'!I705="","",'[2]2.4 Prioritas Individu'!I705) | AV704: =IF('[2]2.4 Prioritas Individu'!J705="","",'[2]2.4 Prioritas Individu'!J705) | AW704: =IF('[2]2.4 Prioritas Individu'!K705="","",'[2]2.4 Prioritas Individu'!K705) | AX704: =IF('[2]2.4 Prioritas Individu'!L705="","",'[2]2.4 Prioritas Individu'!L705) | AY704: =IF('[2]2.4 Prioritas Individu'!M705="","",'[2]2.4 Prioritas Individu'!M705) | AZ704: =IF('[2]2.4 Prioritas Individu'!N705="","",'[2]2.4 Prioritas Individu'!N705) | ... BG704: =IF('[2]2.4 Prioritas Individu'!U705="","",'[2]2.4 Prioritas Individu'!U705) -> - | BH704: =IF('[2]2.3 Indeks & Cut off Komposit'!G1416="","",'[2]2.3 Indeks & Cut off Komposit'!G1416) | BI704: =IF('[2]2.3 Indeks & Cut off Komposit'!H1416="","",'[2]2.3 Indeks & Cut off Komposit'!H1416) | BJ704: =IF('[2]2.3 Indeks & Cut off Komposit'!I1416="","",'[2]2.3 Indeks & Cut off Komposit'!I1416) | BK704: =IF('[2]2.3 Indeks & Cut off Komposit'!J1416="","",'[2]2.3 Indeks & Cut off Komposit'!J1416) | BL704: =IF('[2]2.3 Indeks & Cut off Komposit'!K1416="","",'[2]2.3 Indeks & Cut off Komposit'!K1416) | BM704: =IF('[2]2.3 Indeks & Cut off Komposit'!L1416="","",'[2]2.3 Indeks & Cut off Komposit'!L1416) | BN704: =IF('[2]2.3 Indeks & Cut off Komposit'!M1416="","",'[2]2.3 Indeks & Cut off Komposit'!M1416) | BO704: =IF('[2]2.3 Indeks & Cut off Komposit'!N1416="","",'[2]2.3 Indeks & Cut off Komposit'!N1416) | ... BW704: =IF('[2]2.3 Indeks & Cut off Komposit'!V1416="","",'[2]2.3 Indeks & Cut off Komposit'!V1416) -> -

Sheet 3.3 Ringkasan Hasil
B2: 1. Jumlah Kecamatan di Masing-masing Prioritas Komposit | E2: 3. Jumlah Kecamatan per Prioritas Komposit di Masing-masing Kabupaten | R2: 4. Rata-rata Skor Indikator Individu, Indeks Ketersediaan, Indeks Keterjangkauan, Indeks Pemanfaatan dan Indeks Komposit
R4: PRIORITAS KOMPOSIT | S4: (Multiple Items)
B6: Prioritas Komposit | C6: Jumlah Kecamatan | E6: Jumlah Kecamatan | F6: Prioritas Komposit | R6: 1. Rata2 Skor NCPR | S6: 2. Rata2 Skor ENERGY | T6: 3. Rata2 Skor Animal Protein | U6: 4. Rata2 Skor FOOD RESERVES | V6: 5. Rata2 Skor POVERTY | W6: 6. Rata2 Skor PRICE (CV) | X6: 7. Rata2 Skor PoU | Y6: 8. Rata2 Skor FEMALE SCHOOL | Z6: 9. Rata2 Skor NO WATER | AA6: 10. Rata2 Skor Food Safety | AB6: 11. Rata2 Skor PPH | AC6: 12. Rata2 Skor STUNTING
B7: Total | E7: Nama Kabupaten | F7: Total
E8: Total
R13: 5. Rata-rata Indikator Individu
B15: 2. Presentase Kecamatan di Masing-masing Prioritas Komposit
R16: PRIORITAS KOMPOSIT | S16: (Multiple Items)
B17: Prioritas Komposit | C17: Persentase Kecamatan
B18: Total | C18: #DIV/0! | R18: 1. Rata2 Rasio konsumsi normatif per kapita thd produksi bersih pangan (padi, jagung, ubi kayu, ubi jalar, sagu, pisang) (NCPR) | S18: 2. Rata2 Rasio ketersediaan energi per kapita per hari terhadap standar kebutuhan | T18: 3. Rata2 Rasio ketersediaan protein hewani per kapita per hari terhadap standar kebutuhan | U18: 4. Rata2 Cadangan pangan per kapita | V18: 5. Rata2 Presentase Penduduk dengan tingkat kesejahteraan rendah | W18: 6. Rata2 Koefisien varian harga (beras medium, daging ayam ras, telur ayam, dan minyak goreng) | X18: 7. Rata2 Prevalence of Undernourishment (PoU)/Prevalensi Ketidakcukupan Konsumsi Pangan | Y18: 8. Rata2 lama sekolah perempuan umur 15 tahun ke atas | Z18: 9. Rata2 Presentase RT Tanpa Akses ke Air Bersih | AA18: 10. Rata2 persentase keamanan pangan (segar & siap saji) yang memenuhi standar terhadap total sampel | AB18: 11. Rata2 Pola Pangan Harapan (PPH) | AC18: 12. Rata2 Presentase Balita dengan Tinggi Badan di bawah Standar (Stunting)

Sheet 3.4 Bobot Prioritas
V1: =3*V$4 -> 28.5 | W1: =3*W$4 -> 24 | X1: =3*X$4 -> 24 | Y1: =3*Y$4 -> 24 | Z1: =3*Z$4 -> 35.4 | AA1: =3*AA$4 -> 33.9 | AB1: =3*AB$4 -> 29.7 | AC1: =3*AC$4 -> 15 | ... AG1: =3*AG$4 -> 21.6 | AH1: bobotxPrioritas1
B2: Provinsi : | C2: =IF('[1]0.1 Produksi Pangan & Penduduk'!$C$3="","",'[1]0.1 Produksi Pangan & Penduduk'!$C$3) | V2: =2*V$4 -> 19 | W2: =2*W$4 -> 16 | X2: =2*X$4 -> 16 | Y2: =2*Y$4 -> 16 | Z2: =2*Z$4 -> 23.6 | AA2: =2*AA$4 -> 22.6 | AB2: =2*AB$4 -> 19.8 | AC2: =2*AC$4 -> 10 | ... AG2: =2*AG$4 -> 14.4 | AH2: bobotxPrioritas2
V3: =1*V$4 -> 9.5 | W3: =1*W$4 -> 8 | X3: =1*X$4 -> 8 | Y3: =1*Y$4 -> 8 | Z3: =1*Z$4 -> 11.8 | AA3: =1*AA$4 -> 11.3 | AB3: =1*AB$4 -> 9.9 | AC3: =1*AC$4 -> 5 | ... AF3: =1*AF$4 -> 7.8 | AH3: bobotxPrioritas3
V4: 9.5 | W4: 8 | X4: 8 | Y4: 8 | Z4: 11.8 | AA4: 11.3 | AB4: 9.9 | AC4: 5 | AD4: 7.5 | AE4: 6 | AF4: 7.8 | AG4: 7.2 | AH4: bobot
A5: No. | B5: Nama Kabupaten/Kota | C5: Kode Kab/Kota | D5: Kode Kec Kemendagri | E5: Kode Kec BPS | F5: Nama Kecamatan | G5: 1. NCPR | H5: 2. ENERGY | I5: 3. ANIMAL PROTEIN | J5: 4. FOOD RESERVES | K5: 5. POVERTY | L5: 6. PRICE (CV) | M5: 7. PoU | N5: 8. FEMALE SCHOOL | O5: 9. NO WATER | P5: 10. FOOD SAFETY | Q5: 11. PPH | R5: 12. STUNTING | S5: INDEKS KOMPOSIT | T5: PERINGKAT | U5: PRIORITAS KOMPOSIT | V5: 1. Bobot NCPR | W5: 2. Bobot ENERGY | X5: 3. Bobot ANIMAL PROTEIN | Y5: 4. Bobot FOOD RESERVES | Z5: 5. Bobot POVERTY | AA5: 6. Bobot PRICE (CV) | AB5: 7. Bobot PoU | AC5: 8. Bobot FEMALE SCHOOL | AD5: 9. Bobot NO WATER | AE5: 10. Bobot FOOD SAFETY | AF5: 11. Bobot PPH | AG5: 12. Bobot STUNTING
A6: ='3.2 Data & Hasil FSVA 2025'!A6 | B6: ='3.2 Data & Hasil FSVA 2025'!B6 | C6: ='3.2 Data & Hasil FSVA 2025'!C6 | D6: ='3.2 Data & Hasil FSVA 2025'!D6 | F6: ='3.2 Data & Hasil FSVA 2025'!F6 | G6: ='3.2 Data & Hasil FSVA 2025'!AS6 | H6: ='3.2 Data & Hasil FSVA 2025'!AT6 | I6: ='3.2 Data & Hasil FSVA 2025'!AU6 | J6: ='3.2 Data & Hasil FSVA 2025'!AV6 | K6: ='3.2 Data & Hasil FSVA 2025'!AW6 | L6: ='3.2 Data & Hasil FSVA 2025'!AX6 | M6: ='3.2 Data & Hasil FSVA 2025'!AY6 | N6: ='3.2 Data & Hasil FSVA 2025'!AZ6 | ... U6: ='3.2 Data & Hasil FSVA 2025'!BG6 -> - | V6: =IF(G6="","",IF(G6=1,V$1,IF(G6=2,V$2,IF(G6=3,V$3,0)))) | W6: =IF(H6="","",IF(H6=1,W$1,IF(H6=2,W$2,IF(H6=3,W$3,0)))) | X6: =IF(I6="","",IF(I6=1,X$1,IF(I6=2,X$2,IF(I6=3,X$3,0)))) | Y6: =IF(J6="","",IF(J6=1,Y$1,IF(J6=2,Y$2,IF(J6=3,Y$3,0)))) | Z6: =IF(K6="","",IF(K6=1,Z$1,IF(K6=2,Z$2,IF(K6=3,Z$3,0)))) | AA6: =IF(L6="","",IF(L6=1,AA$1,IF(L6=2,AA$2,IF(L6=3,AA$3,0)))) | AB6: =IF(M6="","",IF(M6=1,AB$1,IF(M6=2,AB$2,IF(M6=3,AB$3,0)))) | AC6: =IF(N6="","",IF(N6=1,AC$1,IF(N6=2,AC$2,IF(N6=3,AC$3,0)))) | ... AF6: =IF(Q6="","",IF(Q6=1,AF$1,IF(Q6=2,AF$2,IF(Q6=3,AF$3,0)))) | AG6: =IF(R6="","",IF(R6=1,$AG$1,IF(R6=2,AG$2,0)))
A7: ='3.2 Data & Hasil FSVA 2025'!A7 | B7: ='3.2 Data & Hasil FSVA 2025'!B7 | C7: ='3.2 Data & Hasil FSVA 2025'!C7 | D7: ='3.2 Data & Hasil FSVA 2025'!D7 | F7: ='3.2 Data & Hasil FSVA 2025'!F7 | G7: ='3.2 Data & Hasil FSVA 2025'!AS7 | H7: ='3.2 Data & Hasil FSVA 2025'!AT7 | I7: ='3.2 Data & Hasil FSVA 2025'!AU7 | J7: ='3.2 Data & Hasil FSVA 2025'!AV7 | K7: ='3.2 Data & Hasil FSVA 2025'!AW7 | L7: ='3.2 Data & Hasil FSVA 2025'!AX7 | M7: ='3.2 Data & Hasil FSVA 2025'!AY7 | N7: ='3.2 Data & Hasil FSVA 2025'!AZ7 | ... U7: ='3.2 Data & Hasil FSVA 2025'!BG7 -> - | V7: =IF(G7="","",IF(G7=1,V$1,IF(G7=2,V$2,IF(G7=3,V$3,0)))) | W7: =IF(H7="","",IF(H7=1,W$1,IF(H7=2,W$2,IF(H7=3,W$3,0)))) | X7: =IF(I7="","",IF(I7=1,X$1,IF(I7=2,X$2,IF(I7=3,X$3,0)))) | Y7: =IF(J7="","",IF(J7=1,Y$1,IF(J7=2,Y$2,IF(J7=3,Y$3,0)))) | Z7: =IF(K7="","",IF(K7=1,Z$1,IF(K7=2,Z$2,IF(K7=3,Z$3,0)))) | AA7: =IF(L7="","",IF(L7=1,AA$1,IF(L7=2,AA$2,IF(L7=3,AA$3,0)))) | AB7: =IF(M7="","",IF(M7=1,AB$1,IF(M7=2,AB$2,IF(M7=3,AB$3,0)))) | AC7: =IF(N7="","",IF(N7=1,AC$1,IF(N7=2,AC$2,IF(N7=3,AC$3,0)))) | ... AF7: =IF(Q7="","",IF(Q7=1,AF$1,IF(Q7=2,AF$2,IF(Q7=3,AF$3,0)))) | AG7: =IF(R7="","",IF(R7=1,$AG$1,IF(R7=2,AG$2,0)))
A8: ='3.2 Data & Hasil FSVA 2025'!A8 | B8: ='3.2 Data & Hasil FSVA 2025'!B8 | C8: ='3.2 Data & Hasil FSVA 2025'!C8 | D8: ='3.2 Data & Hasil FSVA 2025'!D8 | F8: ='3.2 Data & Hasil FSVA 2025'!F8 | G8: ='3.2 Data & Hasil FSVA 2025'!AS8 | H8: ='3.2 Data & Hasil FSVA 2025'!AT8 | I8: ='3.2 Data & Hasil FSVA 2025'!AU8 | J8: ='3.2 Data & Hasil FSVA 2025'!AV8 | K8: ='3.2 Data & Hasil FSVA 2025'!AW8 | L8: ='3.2 Data & Hasil FSVA 2025'!AX8 | M8: ='3.2 Data & Hasil FSVA 2025'!AY8 | N8: ='3.2 Data & Hasil FSVA 2025'!AZ8 | ... U8: ='3.2 Data & Hasil FSVA 2025'!BG8 -> - | V8: =IF(G8="","",IF(G8=1,V$1,IF(G8=2,V$2,IF(G8=3,V$3,0)))) | W8: =IF(H8="","",IF(H8=1,W$1,IF(H8=2,W$2,IF(H8=3,W$3,0)))) | X8: =IF(I8="","",IF(I8=1,X$1,IF(I8=2,X$2,IF(I8=3,X$3,0)))) | Y8: =IF(J8="","",IF(J8=1,Y$1,IF(J8=2,Y$2,IF(J8=3,Y$3,0)))) | Z8: =IF(K8="","",IF(K8=1,Z$1,IF(K8=2,Z$2,IF(K8=3,Z$3,0)))) | AA8: =IF(L8="","",IF(L8=1,AA$1,IF(L8=2,AA$2,IF(L8=3,AA$3,0)))) | AB8: =IF(M8="","",IF(M8=1,AB$1,IF(M8=2,AB$2,IF(M8=3,AB$3,0)))) | AC8: =IF(N8="","",IF(N8=1,AC$1,IF(N8=2,AC$2,IF(N8=3,AC$3,0)))) | ... AF8: =IF(Q8="","",IF(Q8=1,AF$1,IF(Q8=2,AF$2,IF(Q8=3,AF$3,0)))) | AG8: =IF(R8="","",IF(R8=1,$AG$1,IF(R8=2,AG$2,0)))
A9: ='3.2 Data & Hasil FSVA 2025'!A9 | B9: ='3.2 Data & Hasil FSVA 2025'!B9 | C9: ='3.2 Data & Hasil FSVA 2025'!C9 | D9: ='3.2 Data & Hasil FSVA 2025'!D9 | F9: ='3.2 Data & Hasil FSVA 2025'!F9 | G9: ='3.2 Data & Hasil FSVA 2025'!AS9 | H9: ='3.2 Data & Hasil FSVA 2025'!AT9 | I9: ='3.2 Data & Hasil FSVA 2025'!AU9 | J9: ='3.2 Data & Hasil FSVA 2025'!AV9 | K9: ='3.2 Data & Hasil FSVA 2025'!AW9 | L9: ='3.2 Data & Hasil FSVA 2025'!AX9 | M9: ='3.2 Data & Hasil FSVA 2025'!AY9 | N9: ='3.2 Data & Hasil FSVA 2025'!AZ9 | ... U9: ='3.2 Data & Hasil FSVA 2025'!BG9 -> - | V9: =IF(G9="","",IF(G9=1,V$1,IF(G9=2,V$2,IF(G9=3,V$3,0)))) | W9: =IF(H9="","",IF(H9=1,W$1,IF(H9=2,W$2,IF(H9=3,W$3,0)))) | X9: =IF(I9="","",IF(I9=1,X$1,IF(I9=2,X$2,IF(I9=3,X$3,0)))) | Y9: =IF(J9="","",IF(J9=1,Y$1,IF(J9=2,Y$2,IF(J9=3,Y$3,0)))) | Z9: =IF(K9="","",IF(K9=1,Z$1,IF(K9=2,Z$2,IF(K9=3,Z$3,0)))) | AA9: =IF(L9="","",IF(L9=1,AA$1,IF(L9=2,AA$2,IF(L9=3,AA$3,0)))) | AB9: =IF(M9="","",IF(M9=1,AB$1,IF(M9=2,AB$2,IF(M9=3,AB$3,0)))) | AC9: =IF(N9="","",IF(N9=1,AC$1,IF(N9=2,AC$2,IF(N9=3,AC$3,0)))) | ... AF9: =IF(Q9="","",IF(Q9=1,AF$1,IF(Q9=2,AF$2,IF(Q9=3,AF$3,0)))) | AG9: =IF(R9="","",IF(R9=1,$AG$1,IF(R9=2,AG$2,0)))
A10: ='3.2 Data & Hasil FSVA 2025'!A10 | B10: ='3.2 Data & Hasil FSVA 2025'!B10 | C10: ='3.2 Data & Hasil FSVA 2025'!C10 | D10: ='3.2 Data & Hasil FSVA 2025'!D10 | F10: ='3.2 Data & Hasil FSVA 2025'!F10 | G10: ='3.2 Data & Hasil FSVA 2025'!AS10 | H10: ='3.2 Data & Hasil FSVA 2025'!AT10 | I10: ='3.2 Data & Hasil FSVA 2025'!AU10 | J10: ='3.2 Data & Hasil FSVA 2025'!AV10 | K10: ='3.2 Data & Hasil FSVA 2025'!AW10 | L10: ='3.2 Data & Hasil FSVA 2025'!AX10 | M10: ='3.2 Data & Hasil FSVA 2025'!AY10 | N10: ='3.2 Data & Hasil FSVA 2025'!AZ10 | ... U10: ='3.2 Data & Hasil FSVA 2025'!BG10 -> - | V10: =IF(G10="","",IF(G10=1,V$1,IF(G10=2,V$2,IF(G10=3,V$3,0)))) | W10: =IF(H10="","",IF(H10=1,W$1,IF(H10=2,W$2,IF(H10=3,W$3,0)))) | X10: =IF(I10="","",IF(I10=1,X$1,IF(I10=2,X$2,IF(I10=3,X$3,0)))) | Y10: =IF(J10="","",IF(J10=1,Y$1,IF(J10=2,Y$2,IF(J10=3,Y$3,0)))) | Z10: =IF(K10="","",IF(K10=1,Z$1,IF(K10=2,Z$2,IF(K10=3,Z$3,0)))) | AA10: =IF(L10="","",IF(L10=1,AA$1,IF(L10=2,AA$2,IF(L10=3,AA$3,0)))) | AB10: =IF(M10="","",IF(M10=1,AB$1,IF(M10=2,AB$2,IF(M10=3,AB$3,0)))) | AC10: =IF(N10="","",IF(N10=1,AC$1,IF(N10=2,AC$2,IF(N10=3,AC$3,0)))) | ... AF10: =IF(Q10="","",IF(Q10=1,AF$1,IF(Q10=2,AF$2,IF(Q10=3,AF$3,0)))) | AG10: =IF(R10="","",IF(R10=1,$AG$1,IF(R10=2,AG$2,0)))
A11: ='3.2 Data & Hasil FSVA 2025'!A11 | B11: ='3.2 Data & Hasil FSVA 2025'!B11 | C11: ='3.2 Data & Hasil FSVA 2025'!C11 | D11: ='3.2 Data & Hasil FSVA 2025'!D11 | F11: ='3.2 Data & Hasil FSVA 2025'!F11 | G11: ='3.2 Data & Hasil FSVA 2025'!AS11 | H11: ='3.2 Data & Hasil FSVA 2025'!AT11 | I11: ='3.2 Data & Hasil FSVA 2025'!AU11 | J11: ='3.2 Data & Hasil FSVA 2025'!AV11 | K11: ='3.2 Data & Hasil FSVA 2025'!AW11 | L11: ='3.2 Data & Hasil FSVA 2025'!AX11 | M11: ='3.2 Data & Hasil FSVA 2025'!AY11 | N11: ='3.2 Data & Hasil FSVA 2025'!AZ11 | ... U11: ='3.2 Data & Hasil FSVA 2025'!BG11 -> - | V11: =IF(G11="","",IF(G11=1,V$1,IF(G11=2,V$2,IF(G11=3,V$3,0)))) | W11: =IF(H11="","",IF(H11=1,W$1,IF(H11=2,W$2,IF(H11=3,W$3,0)))) | X11: =IF(I11="","",IF(I11=1,X$1,IF(I11=2,X$2,IF(I11=3,X$3,0)))) | Y11: =IF(J11="","",IF(J11=1,Y$1,IF(J11=2,Y$2,IF(J11=3,Y$3,0)))) | Z11: =IF(K11="","",IF(K11=1,Z$1,IF(K11=2,Z$2,IF(K11=3,Z$3,0)))) | AA11: =IF(L11="","",IF(L11=1,AA$1,IF(L11=2,AA$2,IF(L11=3,AA$3,0)))) | AB11: =IF(M11="","",IF(M11=1,AB$1,IF(M11=2,AB$2,IF(M11=3,AB$3,0)))) | AC11: =IF(N11="","",IF(N11=1,AC$1,IF(N11=2,AC$2,IF(N11=3,AC$3,0)))) | ... AF11: =IF(Q11="","",IF(Q11=1,AF$1,IF(Q11=2,AF$2,IF(Q11=3,AF$3,0)))) | AG11: =IF(R11="","",IF(R11=1,$AG$1,IF(R11=2,AG$2,0)))
A12: ='3.2 Data & Hasil FSVA 2025'!A12 | B12: ='3.2 Data & Hasil FSVA 2025'!B12 | C12: ='3.2 Data & Hasil FSVA 2025'!C12 | D12: ='3.2 Data & Hasil FSVA 2025'!D12 | F12: ='3.2 Data & Hasil FSVA 2025'!F12 | G12: ='3.2 Data & Hasil FSVA 2025'!AS12 | H12: ='3.2 Data & Hasil FSVA 2025'!AT12 | I12: ='3.2 Data & Hasil FSVA 2025'!AU12 | J12: ='3.2 Data & Hasil FSVA 2025'!AV12 | K12: ='3.2 Data & Hasil FSVA 2025'!AW12 | L12: ='3.2 Data & Hasil FSVA 2025'!AX12 | M12: ='3.2 Data & Hasil FSVA 2025'!AY12 | N12: ='3.2 Data & Hasil FSVA 2025'!AZ12 | ... U12: ='3.2 Data & Hasil FSVA 2025'!BG12 -> - | V12: =IF(G12="","",IF(G12=1,V$1,IF(G12=2,V$2,IF(G12=3,V$3,0)))) | W12: =IF(H12="","",IF(H12=1,W$1,IF(H12=2,W$2,IF(H12=3,W$3,0)))) | X12: =IF(I12="","",IF(I12=1,X$1,IF(I12=2,X$2,IF(I12=3,X$3,0)))) | Y12: =IF(J12="","",IF(J12=1,Y$1,IF(J12=2,Y$2,IF(J12=3,Y$3,0)))) | Z12: =IF(K12="","",IF(K12=1,Z$1,IF(K12=2,Z$2,IF(K12=3,Z$3,0)))) | AA12: =IF(L12="","",IF(L12=1,AA$1,IF(L12=2,AA$2,IF(L12=3,AA$3,0)))) | AB12: =IF(M12="","",IF(M12=1,AB$1,IF(M12=2,AB$2,IF(M12=3,AB$3,0)))) | AC12: =IF(N12="","",IF(N12=1,AC$1,IF(N12=2,AC$2,IF(N12=3,AC$3,0)))) | ... AF12: =IF(Q12="","",IF(Q12=1,AF$1,IF(Q12=2,AF$2,IF(Q12=3,AF$3,0)))) | AG12: =IF(R12="","",IF(R12=1,$AG$1,IF(R12=2,AG$2,0)))
A13: ='3.2 Data & Hasil FSVA 2025'!A13 | B13: ='3.2 Data & Hasil FSVA 2025'!B13 | C13: ='3.2 Data & Hasil FSVA 2025'!C13 | D13: ='3.2 Data & Hasil FSVA 2025'!D13 | F13: ='3.2 Data & Hasil FSVA 2025'!F13 | G13: ='3.2 Data & Hasil FSVA 2025'!AS13 | H13: ='3.2 Data & Hasil FSVA 2025'!AT13 | I13: ='3.2 Data & Hasil FSVA 2025'!AU13 | J13: ='3.2 Data & Hasil FSVA 2025'!AV13 | K13: ='3.2 Data & Hasil FSVA 2025'!AW13 | L13: ='3.2 Data & Hasil FSVA 2025'!AX13 | M13: ='3.2 Data & Hasil FSVA 2025'!AY13 | N13: ='3.2 Data & Hasil FSVA 2025'!AZ13 | ... U13: ='3.2 Data & Hasil FSVA 2025'!BG13 -> - | V13: =IF(G13="","",IF(G13=1,V$1,IF(G13=2,V$2,IF(G13=3,V$3,0)))) | W13: =IF(H13="","",IF(H13=1,W$1,IF(H13=2,W$2,IF(H13=3,W$3,0)))) | X13: =IF(I13="","",IF(I13=1,X$1,IF(I13=2,X$2,IF(I13=3,X$3,0)))) | Y13: =IF(J13="","",IF(J13=1,Y$1,IF(J13=2,Y$2,IF(J13=3,Y$3,0)))) | Z13: =IF(K13="","",IF(K13=1,Z$1,IF(K13=2,Z$2,IF(K13=3,Z$3,0)))) | AA13: =IF(L13="","",IF(L13=1,AA$1,IF(L13=2,AA$2,IF(L13=3,AA$3,0)))) | AB13: =IF(M13="","",IF(M13=1,AB$1,IF(M13=2,AB$2,IF(M13=3,AB$3,0)))) | AC13: =IF(N13="","",IF(N13=1,AC$1,IF(N13=2,AC$2,IF(N13=3,AC$3,0)))) | ... AF13: =IF(Q13="","",IF(Q13=1,AF$1,IF(Q13=2,AF$2,IF(Q13=3,AF$3,0)))) | AG13: =IF(R13="","",IF(R13=1,$AG$1,IF(R13=2,AG$2,0)))
A14: ='3.2 Data & Hasil FSVA 2025'!A14 | B14: ='3.2 Data & Hasil FSVA 2025'!B14 | C14: ='3.2 Data & Hasil FSVA 2025'!C14 | D14: ='3.2 Data & Hasil FSVA 2025'!D14 | F14: ='3.2 Data & Hasil FSVA 2025'!F14 | G14: ='3.2 Data & Hasil FSVA 2025'!AS14 | H14: ='3.2 Data & Hasil FSVA 2025'!AT14 | I14: ='3.2 Data & Hasil FSVA 2025'!AU14 | J14: ='3.2 Data & Hasil FSVA 2025'!AV14 | K14: ='3.2 Data & Hasil FSVA 2025'!AW14 | L14: ='3.2 Data & Hasil FSVA 2025'!AX14 | M14: ='3.2 Data & Hasil FSVA 2025'!AY14 | N14: ='3.2 Data & Hasil FSVA 2025'!AZ14 | ... U14: ='3.2 Data & Hasil FSVA 2025'!BG14 -> - | V14: =IF(G14="","",IF(G14=1,V$1,IF(G14=2,V$2,IF(G14=3,V$3,0)))) | W14: =IF(H14="","",IF(H14=1,W$1,IF(H14=2,W$2,IF(H14=3,W$3,0)))) | X14: =IF(I14="","",IF(I14=1,X$1,IF(I14=2,X$2,IF(I14=3,X$3,0)))) | Y14: =IF(J14="","",IF(J14=1,Y$1,IF(J14=2,Y$2,IF(J14=3,Y$3,0)))) | Z14: =IF(K14="","",IF(K14=1,Z$1,IF(K14=2,Z$2,IF(K14=3,Z$3,0)))) | AA14: =IF(L14="","",IF(L14=1,AA$1,IF(L14=2,AA$2,IF(L14=3,AA$3,0)))) | AB14: =IF(M14="","",IF(M14=1,AB$1,IF(M14=2,AB$2,IF(M14=3,AB$3,0)))) | AC14: =IF(N14="","",IF(N14=1,AC$1,IF(N14=2,AC$2,IF(N14=3,AC$3,0)))) | ... AF14: =IF(Q14="","",IF(Q14=1,AF$1,IF(Q14=2,AF$2,IF(Q14=3,AF$3,0)))) | AG14: =IF(R14="","",IF(R14=1,$AG$1,IF(R14=2,AG$2,0)))
A15: ='3.2 Data & Hasil FSVA 2025'!A15 | B15: ='3.2 Data & Hasil FSVA 2025'!B15 | C15: ='3.2 Data & Hasil FSVA 2025'!C15 | D15: ='3.2 Data & Hasil FSVA 2025'!D15 | F15: ='3.2 Data & Hasil FSVA 2025'!F15 | G15: ='3.2 Data & Hasil FSVA 2025'!AS15 | H15: ='3.2 Data & Hasil FSVA 2025'!AT15 | I15: ='3.2 Data & Hasil FSVA 2025'!AU15 | J15: ='3.2 Data & Hasil FSVA 2025'!AV15 | K15: ='3.2 Data & Hasil FSVA 2025'!AW15 | L15: ='3.2 Data & Hasil FSVA 2025'!AX15 | M15: ='3.2 Data & Hasil FSVA 2025'!AY15 | N15: ='3.2 Data & Hasil FSVA 2025'!AZ15 | ... U15: ='3.2 Data & Hasil FSVA 2025'!BG15 -> - | V15: =IF(G15="","",IF(G15=1,V$1,IF(G15=2,V$2,IF(G15=3,V$3,0)))) | W15: =IF(H15="","",IF(H15=1,W$1,IF(H15=2,W$2,IF(H15=3,W$3,0)))) | X15: =IF(I15="","",IF(I15=1,X$1,IF(I15=2,X$2,IF(I15=3,X$3,0)))) | Y15: =IF(J15="","",IF(J15=1,Y$1,IF(J15=2,Y$2,IF(J15=3,Y$3,0)))) | Z15: =IF(K15="","",IF(K15=1,Z$1,IF(K15=2,Z$2,IF(K15=3,Z$3,0)))) | AA15: =IF(L15="","",IF(L15=1,AA$1,IF(L15=2,AA$2,IF(L15=3,AA$3,0)))) | AB15: =IF(M15="","",IF(M15=1,AB$1,IF(M15=2,AB$2,IF(M15=3,AB$3,0)))) | AC15: =IF(N15="","",IF(N15=1,AC$1,IF(N15=2,AC$2,IF(N15=3,AC$3,0)))) | ... AF15: =IF(Q15="","",IF(Q15=1,AF$1,IF(Q15=2,AF$2,IF(Q15=3,AF$3,0)))) | AG15: =IF(R15="","",IF(R15=1,$AG$1,IF(R15=2,AG$2,0)))
A16: ='3.2 Data & Hasil FSVA 2025'!A16 | B16: ='3.2 Data & Hasil FSVA 2025'!B16 | C16: ='3.2 Data & Hasil FSVA 2025'!C16 | D16: ='3.2 Data & Hasil FSVA 2025'!D16 | F16: ='3.2 Data & Hasil FSVA 2025'!F16 | G16: ='3.2 Data & Hasil FSVA 2025'!AS16 | H16: ='3.2 Data & Hasil FSVA 2025'!AT16 | I16: ='3.2 Data & Hasil FSVA 2025'!AU16 | J16: ='3.2 Data & Hasil FSVA 2025'!AV16 | K16: ='3.2 Data & Hasil FSVA 2025'!AW16 | L16: ='3.2 Data & Hasil FSVA 2025'!AX16 | M16: ='3.2 Data & Hasil FSVA 2025'!AY16 | N16: ='3.2 Data & Hasil FSVA 2025'!AZ16 | ... U16: ='3.2 Data & Hasil FSVA 2025'!BG16 -> - | V16: =IF(G16="","",IF(G16=1,V$1,IF(G16=2,V$2,IF(G16=3,V$3,0)))) | W16: =IF(H16="","",IF(H16=1,W$1,IF(H16=2,W$2,IF(H16=3,W$3,0)))) | X16: =IF(I16="","",IF(I16=1,X$1,IF(I16=2,X$2,IF(I16=3,X$3,0)))) | Y16: =IF(J16="","",IF(J16=1,Y$1,IF(J16=2,Y$2,IF(J16=3,Y$3,0)))) | Z16: =IF(K16="","",IF(K16=1,Z$1,IF(K16=2,Z$2,IF(K16=3,Z$3,0)))) | AA16: =IF(L16="","",IF(L16=1,AA$1,IF(L16=2,AA$2,IF(L16=3,AA$3,0)))) | AB16: =IF(M16="","",IF(M16=1,AB$1,IF(M16=2,AB$2,IF(M16=3,AB$3,0)))) | AC16: =IF(N16="","",IF(N16=1,AC$1,IF(N16=2,AC$2,IF(N16=3,AC$3,0)))) | ... AF16: =IF(Q16="","",IF(Q16=1,AF$1,IF(Q16=2,AF$2,IF(Q16=3,AF$3,0)))) | AG16: =IF(R16="","",IF(R16=1,$AG$1,IF(R16=2,AG$2,0)))
A17: ='3.2 Data & Hasil FSVA 2025'!A17 | B17: ='3.2 Data & Hasil FSVA 2025'!B17 | C17: ='3.2 Data & Hasil FSVA 2025'!C17 | D17: ='3.2 Data & Hasil FSVA 2025'!D17 | F17: ='3.2 Data & Hasil FSVA 2025'!F17 | G17: ='3.2 Data & Hasil FSVA 2025'!AS17 | H17: ='3.2 Data & Hasil FSVA 2025'!AT17 | I17: ='3.2 Data & Hasil FSVA 2025'!AU17 | J17: ='3.2 Data & Hasil FSVA 2025'!AV17 | K17: ='3.2 Data & Hasil FSVA 2025'!AW17 | L17: ='3.2 Data & Hasil FSVA 2025'!AX17 | M17: ='3.2 Data & Hasil FSVA 2025'!AY17 | N17: ='3.2 Data & Hasil FSVA 2025'!AZ17 | ... U17: ='3.2 Data & Hasil FSVA 2025'!BG17 -> - | V17: =IF(G17="","",IF(G17=1,V$1,IF(G17=2,V$2,IF(G17=3,V$3,0)))) | W17: =IF(H17="","",IF(H17=1,W$1,IF(H17=2,W$2,IF(H17=3,W$3,0)))) | X17: =IF(I17="","",IF(I17=1,X$1,IF(I17=2,X$2,IF(I17=3,X$3,0)))) | Y17: =IF(J17="","",IF(J17=1,Y$1,IF(J17=2,Y$2,IF(J17=3,Y$3,0)))) | Z17: =IF(K17="","",IF(K17=1,Z$1,IF(K17=2,Z$2,IF(K17=3,Z$3,0)))) | AA17: =IF(L17="","",IF(L17=1,AA$1,IF(L17=2,AA$2,IF(L17=3,AA$3,0)))) | AB17: =IF(M17="","",IF(M17=1,AB$1,IF(M17=2,AB$2,IF(M17=3,AB$3,0)))) | AC17: =IF(N17="","",IF(N17=1,AC$1,IF(N17=2,AC$2,IF(N17=3,AC$3,0)))) | ... AF17: =IF(Q17="","",IF(Q17=1,AF$1,IF(Q17=2,AF$2,IF(Q17=3,AF$3,0)))) | AG17: =IF(R17="","",IF(R17=1,$AG$1,IF(R17=2,AG$2,0)))
... A704: ='3.2 Data & Hasil FSVA 2025'!A704 | B704: ='3.2 Data & Hasil FSVA 2025'!B704 | C704: ='3.2 Data & Hasil FSVA 2025'!C704 | D704: ='3.2 Data & Hasil FSVA 2025'!D704 | F704: ='3.2 Data & Hasil FSVA 2025'!F704 | G704: ='3.2 Data & Hasil FSVA 2025'!AS704 | H704: ='3.2 Data & Hasil FSVA 2025'!AT704 | I704: ='3.2 Data & Hasil FSVA 2025'!AU704 | J704: ='3.2 Data & Hasil FSVA 2025'!AV704 | K704: ='3.2 Data & Hasil FSVA 2025'!AW704 | L704: ='3.2 Data & Hasil FSVA 2025'!AX704 | M704: ='3.2 Data & Hasil FSVA 2025'!AY704 | N704: ='3.2 Data & Hasil FSVA 2025'!AZ704 | ... U704: ='3.2 Data & Hasil FSVA 2025'!BG704 -> - | V704: =IF(G704="","",IF(G704=1,V$1,IF(G704=2,V$2,IF(G704=3,V$3,0)))) | W704: =IF(H704="","",IF(H704=1,W$1,IF(H704=2,W$2,IF(H704=3,W$3,0)))) | X704: =IF(I704="","",IF(I704=1,X$1,IF(I704=2,X$2,IF(I704=3,X$3,0)))) | Y704: =IF(J704="","",IF(J704=1,Y$1,IF(J704=2,Y$2,IF(J704=3,Y$3,0)))) | Z704: =IF(K704="","",IF(K704=1,Z$1,IF(K704=2,Z$2,IF(K704=3,Z$3,0)))) | AA704: =IF(L704="","",IF(L704=1,AA$1,IF(L704=2,AA$2,IF(L704=3,AA$3,0)))) | AB704: =IF(M704="","",IF(M704=1,AB$1,IF(M704=2,AB$2,IF(M704=3,AB$3,0)))) | AC704: =IF(N704="","",IF(N704=1,AC$1,IF(N704=2,AC$2,IF(N704=3,AC$3,0)))) | ... AF704: =IF(Q704="","",IF(Q704=1,AF$1,IF(Q704=2,AF$2,IF(Q704=3,AF$3,0)))) | AG704: =IF(R704="","",IF(R704=1,$AG$1,IF(R704=2,AG$2,0)))

Sheet 3.5 Faktor Berpengaruh
A1: FAKTOR YANG BERPENGARUH SECARA UMUM (KABUPATEN)
A3: PRIORITAS KOMPOSIT | B3: (Multiple Items)
A5: Jumlah
A6: Sum of 1. Bobot NCPR
A7: Sum of 2. Bobot ENERGY
A8: Sum of 3. Bobot ANIMAL PROTEIN
A9: Sum of 4. Bobot FOOD RESERVES
A10: Sum of 5. Bobot POVERTY
A11: Sum of 6. Bobot PRICE (CV)
A12: Sum of 7. Bobot PoU
A13: Sum of 8. Bobot FEMALE SCHOOL
A14: Sum of 9. Bobot NO WATER
A15: Sum of 10. Bobot FOOD SAFETY
A16: Sum of 11. Bobot PPH
... A19: FAKTOR YANG BERPENGARUH DIDAERAH RENTAN RAWAN PANGAN (KABUPATEN)
A21: PRIORITAS KOMPOSIT | B21: (Multiple Items)
A23: Jumlah
A24: Sum of 1. Bobot NCPR
A25: Sum of 2. Bobot ENERGY
A26: Sum of 3. Bobot ANIMAL PROTEIN
A27: Sum of 4. Bobot FOOD RESERVES
A28: Sum of 5. Bobot POVERTY
A29: Sum of 6. Bobot PRICE (CV)
A30: Sum of 7. Bobot PoU
A31: Sum of 8. Bobot FEMALE SCHOOL
A32: Sum of 9. Bobot NO WATER
A33: Sum of 10. Bobot FOOD SAFETY
A34: Sum of 11. Bobot PPH
A35: Sum of 12. Bobot STUNTING

Sheet Data 20-21
A1: FSVA 2020 | AS1: FSVA 2021
A3: No. | B3: Nama Kabupaten | C3: Kode Kab | D3: Kode Kec | E3: Nama Kecamatan | F3: 20 - Produksi Padi (ton) | G3: 20 - Produksi Jagung (ton) | H3: 20 - Produksi Ubi Kayu (ton) | I3: 20 - Produksi Ubi Jalar (ton) | J3: 20 - Produksi Sagu (ton) | K3: 20 - Stok atau Cadangan Pangan (ton) | L3: 20 - Jumlah Penduduk (jiwa) | M3: 20 - Jumlah Tenaga Kesehatan (orang) | N3: 20 - Kepadatan Penduduk (jiwa/km2) | O3: 20 - 1. Rasio Konsumsi Normative terhadap Produksi Bersih (NCPR) | P3: 20 - 2. Persentase Penduduk dibawah Garis Kemiskinan | Q3: 20 - 3. Persentase RT dengan Pengeluaran Pangan >65% terhadap Total Pengeluaran | R3: 20 - 4. Persentase Rumah Tangga Tanpa Akses Listrik | S3: 20 - 5. Persentase Rumah Tangga Tanpa Akses Air Bersih | T3: 20 - 6. Angka Harapan Hidup Pada Saat Lahir | U3: 20 - 7. Rasio Penduduk per Tenaga Kesehatan per Tingkat Kepadatan | V3: 20 - 8. Rata-rata Lama Sekolah Perempuan Usia >15 Tahun | W3: 20 - 9. Persentase Balita Stunting | X3: 20 - 1. Prioritas NCPR | Y3: 20 - 2. Prioritas POVERTY | Z3: 20 - 3. Prioritas FOOD EXPENDITURE >65% | AA3: 20 - 4. Prioritas NoELECTRIC | AB3: 20 - 5. Prioritas NoWATER | AC3: 20 - 6. Prioritas LIFE | AD3: 20 - 7. Prioritas RASIO TENKES | AE3: 20 - 8. Prioritas FEMALE SCHOOL | AF3: 20 - 9. Prioritas STUNTING | AG3: 20 - INDEKS KOMPOSIT | AH3: 20 - PERINGKAT | AI3: 20 - PRIORITAS KOMPOSIT | AJ3: 20 - 1. Bobot NCPR-2020 | AK3: 20 - 2. Bobot POVERTY-2020 | AL3: 20 - 3. Bobot FOOD EXPENDITURE >65%-2020 | AM3: 20 - 4. Bobot NoELECTRIC-2020 | AN3: 20 - 5. Bobot NoWATER-2020 | AO3: 20 - 6. Bobot LIFE-2020 | AP3: 20 - 7. Bobot RASIO TENKES-2020 | AQ3: 20 - 8. Bobot FEMALE SCHOOL-2020 | AR3: 20 - 9. Bobot STUNTING-2020 | AS3: No. | AT3: Nama Kabupaten | AU3: Kode Kab | AV3: Kode Kec | AW3: Nama Kecamatan | AX3: 21 - Produksi Padi (ton) | AY3: 21 - Produksi Jagung (ton) | AZ3: 21 - Produksi Ubi Kayu (ton) | BA3: 21 - Produksi Ubi Jalar (ton) | BB3: Produksi Sagu (ton) | BC3: 21 - Stok atau Cadangan Pangan (ton) | BD3: 21 - Jumlah Penduduk (jiwa) | BE3: Jumlah Tenaga Kesehatan (orang) | BF3: 21 - Kepadatan Penduduk (jiwa/km2) | BG3: 21 - 1. Rasio Konsumsi Normative terhadap Produksi Bersih (NCPR) | BH3: 2. Persentase Penduduk dibawah Garis Kemiskinan | BI3: 3. Persentase RT dengan Pengeluaran Pangan >65% terhadap Total Pengeluaran | BJ3: 4. Persentase Rumah Tangga Tanpa Akses Listrik | BK3: 5. Persentase Rumah Tangga Tanpa Akses Air Bersih | BL3: 6. Angka Harapan Hidup Pada Saat Lahir | BM3: 7. Rasio Penduduk per Tenaga Kesehatan per Tingkat Kepadatan | BN3: 8. Rata-rata Lama Sekolah Perempuan Usia >15 Tahun | BO3: 9. Persentase Balita Stunting | BP3: 21 - 1. Prioritas NCPR | BQ3: 21 - 2. Prioritas POVERTY | BR3: 21 - 3. Prioritas FOOD EXPENDITURE >65% | BS3: 21 - 4. Prioritas NoELECTRIC | BT3: 21 - 5. Prioritas NoWATER | BU3: 21 - 6. Prioritas LIFE | BV3: 21 - 7. Prioritas RASIO TENKES | BW3: 21 - 8. Prioritas FEMALE SCHOOL | BX3: 21 - 9. Prioritas STUNTING | BY3: INDEKS KOMPOSIT | BZ3: PERINGKAT | CA3: 21 - PRIORITAS KOMPOSIT | CB3: 1. Bobot NCPR-2021 | CC3: 2. Bobot POVERTY-2021 | CD3: 3. Bobot FOOD EXPENDITURE >65%-2021 | CE3: 4. Bobot NoELECTRIC-2021 | CF3: 5. Bobot NoWATER-2021 | CG3: 6. Bobot LIFE-2021 | CH3: 7. Bobot RASIO TENKES-2021 | CI3: 8. Bobot FEMALE SCHOOL-2021 | CJ3: 9. Bobot STUNTING-2021 | CK3: Perubahan komposit 2021-2020 | CL3: 1. Perubahan NCPR | CM3: 2. Perubahan POVERTY | CN3: 3. Perubahan FOOD EXPENDITURE >65% | CO3: 4. Perubahan NoELECTRIC | CP3: 5. Perubahan NoWATER | CQ3: 6. Perubahan LIFE | CR3: 7. Perubahan RASIO TENKES | CS3: 8. Perubahan FEMALE SCHOOL | CT3: 9. Perubahan STUNTING
A4: 1 | B4: Aceh | C4: 11 | D4: 1101 | E4: Simeulue | F4: 14017.31 | G4: 147.29674 | H4: 730.32608 | I4: 110.389 | L4: 93230 | M4: 665 | N4: 51 | O4: 1.1922117 | P4: 18.99 | Q4: 36.305535 | R4: 0.21303863 | S4: 22.177217 | T4: 65.22 | U4: 2.7489312 | V4: 8.8419494 | W4: 28.21 | X4: 3 | Y4: 4 | Z4: 5 | AA4: 6 | AB4: 6 | AC4: 4 | AD4: 6 | AE4: 5 | AF4: 3 | AG4: 72.425098 | AH4: 267 | AI4: 5 | AJ4: =IF(X4="","",IF(X4=1,3,IF(X4=2,2,IF(X4=3,1,0)))) -> 1 | AK4: =IF(Y4="","",IF(Y4=1,3,IF(Y4=2,2,IF(Y4=3,1,0)))) -> 0 | AL4: =IF(Z4="","",IF(Z4=1,3,IF(Z4=2,2,IF(Z4=3,1,0)))) -> 0 | AM4: =IF(AA4="","",IF(AA4=1,3,IF(AA4=2,2,IF(AA4=3,1,0)))) -> 0 | AN4: =IF(AB4="","",IF(AB4=1,3,IF(AB4=2,2,IF(AB4=3,1,0)))) -> 0 | AO4: =IF(AC4="","",IF(AC4=1,3,IF(AC4=2,2,IF(AC4=3,1,0)))) -> 0 | AP4: =IF(AD4="","",IF(AD4=1,3,IF(AD4=2,2,IF(AD4=3,1,0)))) -> 0 | AQ4: =IF(AE4="","",IF(AE4=1,3,IF(AE4=2,2,IF(AE4=3,1,0)))) -> 0 | AR4: =IF(AF4="","",IF(AF4=1,3,IF(AF4=2,2,0))) -> 0 | AS4: 1 | AT4: Aceh | AU4: 1101 | AV4: 1101 | AW4: Simeulue | AX4: 16430.86 | AY4: 5.3909767 | AZ4: 758.28365 | BA4: 68.494523 | BC4: 0 | BD4: 92865 | BE4: 835 | BF4: 45.267319 | BG4: 1.0047778 | BH4: 18.49 | BI4: 37.108171 | BJ4: 0.43 | BK4: 16.830015 | BL4: 65.26 | BM4: 2.4568623 | BN4: 9.66 | BO4: 26.609634 | BP4: 3 | BQ4: 4 | BR4: 5 | BS4: 6 | BT4: 6 | BU4: 4 | BV4: 6 | BW4: 6 | BX4: 3 | BY4: 74.304345 | BZ4: 239 | CA4: 5 | CB4: =IF(BP4="","",IF(BP4=1,3,IF(BP4=2,2,IF(BP4=3,1,0)))) -> 1 | CC4: =IF(BQ4="","",IF(BQ4=1,3,IF(BQ4=2,2,IF(BQ4=3,1,0)))) -> 0 | CD4: =IF(BR4="","",IF(BR4=1,3,IF(BR4=2,2,IF(BR4=3,1,0)))) -> 0 | CE4: =IF(BS4="","",IF(BS4=1,3,IF(BS4=2,2,IF(BS4=3,1,0)))) -> 0 | CF4: =IF(BT4="","",IF(BT4=1,3,IF(BT4=2,2,IF(BT4=3,1,0)))) -> 0 | CG4: =IF(BU4="","",IF(BU4=1,3,IF(BU4=2,2,IF(BU4=3,1,0)))) -> 0 | CH4: =IF(BV4="","",IF(BV4=1,3,IF(BV4=2,2,IF(BV4=3,1,0)))) -> 0 | CI4: =IF(BW4="","",IF(BW4=1,3,IF(BW4=2,2,IF(BW4=3,1,0)))) -> 0 | CJ4: =IF(BX4="","",IF(BX4=1,3,IF(BX4=2,2,0))) -> 0 | CK4: =CA4-AI4 -> 0 | CL4: =BP4-X4 -> 0 | CM4: =BQ4-Y4 -> 0 | CN4: =BR4-Z4 -> 0 | CO4: =BS4-AA4 -> 0 | CP4: =BT4-AB4 -> 0 | CQ4: =BU4-AC4 -> 0 | CR4: =BV4-AD4 -> 0 | CS4: =BW4-AE4 -> 1 | CT4: =BX4-AF4 -> 0
A5: 2 | B5: Aceh | C5: 11 | D5: 1102 | E5: Aceh Singkil | F5: 5048.72 | G5: 173.37187 | H5: 1140.4746 | I5: 95.945 | L5: 124100 | M5: 663 | N5: 67 | O5: 3.9710751 | P5: 20.78 | Q5: 39.469338 | R5: 0 | S5: 42.39848 | T5: 67.36 | U5: 2.7937237 | V5: 8.7605873 | W5: 20.047916 | X5: 1 | Y5: 3 | Z5: 5 | AA5: 6 | AB5: 4 | AC5: 5 | AD5: 6 | AE5: 5 | AF5: 3 | AG5: 53.138278 | AH5: 371 | AI5: 3 | AJ5: =IF(X5="","",IF(X5=1,3,IF(X5=2,2,IF(X5=3,1,0)))) -> 3 | AK5: =IF(Y5="","",IF(Y5=1,3,IF(Y5=2,2,IF(Y5=3,1,0)))) -> 1 | AL5: =IF(Z5="","",IF(Z5=1,3,IF(Z5=2,2,IF(Z5=3,1,0)))) -> 0 | AM5: =IF(AA5="","",IF(AA5=1,3,IF(AA5=2,2,IF(AA5=3,1,0)))) -> 0 | AN5: =IF(AB5="","",IF(AB5=1,3,IF(AB5=2,2,IF(AB5=3,1,0)))) -> 0 | AO5: =IF(AC5="","",IF(AC5=1,3,IF(AC5=2,2,IF(AC5=3,1,0)))) -> 0 | AP5: =IF(AD5="","",IF(AD5=1,3,IF(AD5=2,2,IF(AD5=3,1,0)))) -> 0 | AQ5: =IF(AE5="","",IF(AE5=1,3,IF(AE5=2,2,IF(AE5=3,1,0)))) -> 0 | AR5: =IF(AF5="","",IF(AF5=1,3,IF(AF5=2,2,0))) -> 0 | AS5: 2 | AT5: Aceh | AU5: 1102 | AV5: 1102 | AW5: Aceh Singkil | AX5: 3808.19 | AY5: 684.66495 | AZ5: 2476.4735 | BA5: 78.963857 | BC5: 0 | BD5: 126514 | BE5: 678 | BF5: 57.901144 | BG5: 4.1812121 | BH5: 20.2 | BI5: 35.533559 | BJ5: 0.19 | BK5: 39.694297 | BL5: 67.39 | BM5: 3.2227139 | BN5: 8.64 | BO5: 18.910588 | BP5: 1 | BQ5: 3 | BR5: 5 | BS5: 6 | BT5: 5 | BU5: 5 | BV5: 6 | BW5: 5 | BX5: 4 | BY5: 51.971047 | BZ5: 370 | CA5: 3 | CB5: =IF(BP5="","",IF(BP5=1,3,IF(BP5=2,2,IF(BP5=3,1,0)))) -> 3 | CC5: =IF(BQ5="","",IF(BQ5=1,3,IF(BQ5=2,2,IF(BQ5=3,1,0)))) -> 1 | CD5: =IF(BR5="","",IF(BR5=1,3,IF(BR5=2,2,IF(BR5=3,1,0)))) -> 0 | CE5: =IF(BS5="","",IF(BS5=1,3,IF(BS5=2,2,IF(BS5=3,1,0)))) -> 0 | CF5: =IF(BT5="","",IF(BT5=1,3,IF(BT5=2,2,IF(BT5=3,1,0)))) -> 0 | CG5: =IF(BU5="","",IF(BU5=1,3,IF(BU5=2,2,IF(BU5=3,1,0)))) -> 0 | CH5: =IF(BV5="","",IF(BV5=1,3,IF(BV5=2,2,IF(BV5=3,1,0)))) -> 0 | CI5: =IF(BW5="","",IF(BW5=1,3,IF(BW5=2,2,IF(BW5=3,1,0)))) -> 0 | CJ5: =IF(BX5="","",IF(BX5=1,3,IF(BX5=2,2,0))) -> 0 | CK5: =CA5-AI5 -> 0 | CL5: =BP5-X5 -> 0 | CM5: =BQ5-Y5 -> 0 | CN5: =BR5-Z5 -> 0 | CO5: =BS5-AA5 -> 0 | CP5: =BT5-AB5 -> 1 | CQ5: =BU5-AC5 -> 0 | CR5: =BV5-AD5 -> 0 | CS5: =BW5-AE5 -> 0 | CT5: =BX5-AF5 -> 1
A6: 3 | B6: Aceh | C6: 11 | D6: 1103 | E6: Aceh Selatan | F6: 43980.43 | G6: 15852.588 | H6: 1170.4527 | I6: 737.32388 | L6: 238080 | M6: 823 | N6: 57 | O6: 0.80048513 | P6: 13.09 | Q6: 54.140971 | R6: 0.76656029 | S6: 42.921713 | T6: 64.27 | U6: 5.0751423 | V6: 9.0054854 | W6: 26.730978 | X6: 4 | Y6: 5 | Z6: 3 | AA6: 6 | AB6: 4 | AC6: 4 | AD6: 5 | AE6: 6 | AF6: 3 | AG6: 71.91824 | AH6: 271 | AI6: 5 | AJ6: =IF(X6="","",IF(X6=1,3,IF(X6=2,2,IF(X6=3,1,0)))) -> 0 | AK6: =IF(Y6="","",IF(Y6=1,3,IF(Y6=2,2,IF(Y6=3,1,0)))) -> 0 | AL6: =IF(Z6="","",IF(Z6=1,3,IF(Z6=2,2,IF(Z6=3,1,0)))) -> 1 | AM6: =IF(AA6="","",IF(AA6=1,3,IF(AA6=2,2,IF(AA6=3,1,0)))) -> 0 | AN6: =IF(AB6="","",IF(AB6=1,3,IF(AB6=2,2,IF(AB6=3,1,0)))) -> 0 | AO6: =IF(AC6="","",IF(AC6=1,3,IF(AC6=2,2,IF(AC6=3,1,0)))) -> 0 | AP6: =IF(AD6="","",IF(AD6=1,3,IF(AD6=2,2,IF(AD6=3,1,0)))) -> 0 | AQ6: =IF(AE6="","",IF(AE6=1,3,IF(AE6=2,2,IF(AE6=3,1,0)))) -> 0 | AR6: =IF(AF6="","",IF(AF6=1,3,IF(AF6=2,2,0))) -> 0 | AS6: 3 | AT6: Aceh | AU6: 1103 | AV6: 1103 | AW6: Aceh Selatan | AX6: 53313.52 | AY6: 34684.99 | AZ6: 1521.4806 | BA6: 841.73678 | BC6: 0 | BD6: 232414 | BE6: 1475 | BF6: 60.499271 | BG6: 0.57372439 | BH6: 12.87 | BI6: 44.162292 | BJ6: 0.13 | BK6: 32.7449 | BL6: 64.35 | BM6: 2.6044746 | BN6: 9.18 | BO6: 25.214517 | BP6: 5 | BQ6: 5 | BR6: 4 | BS6: 6 | BT6: 5 | BU6: 4 | BV6: 6 | BW6: 6 | BX6: 3 | BY6: 75.549924 | BZ6: 220 | CA6: 5 | CB6: =IF(BP6="","",IF(BP6=1,3,IF(BP6=2,2,IF(BP6=3,1,0)))) -> 0 | CC6: =IF(BQ6="","",IF(BQ6=1,3,IF(BQ6=2,2,IF(BQ6=3,1,0)))) -> 0 | CD6: =IF(BR6="","",IF(BR6=1,3,IF(BR6=2,2,IF(BR6=3,1,0)))) -> 0 | CE6: =IF(BS6="","",IF(BS6=1,3,IF(BS6=2,2,IF(BS6=3,1,0)))) -> 0 | CF6: =IF(BT6="","",IF(BT6=1,3,IF(BT6=2,2,IF(BT6=3,1,0)))) -> 0 | CG6: =IF(BU6="","",IF(BU6=1,3,IF(BU6=2,2,IF(BU6=3,1,0)))) -> 0 | CH6: =IF(BV6="","",IF(BV6=1,3,IF(BV6=2,2,IF(BV6=3,1,0)))) -> 0 | CI6: =IF(BW6="","",IF(BW6=1,3,IF(BW6=2,2,IF(BW6=3,1,0)))) -> 0 | CJ6: =IF(BX6="","",IF(BX6=1,3,IF(BX6=2,2,0))) -> 0 | CK6: =CA6-AI6 -> 0 | CL6: =BP6-X6 -> 1 | CM6: =BQ6-Y6 -> 0 | CN6: =BR6-Z6 -> 1 | CO6: =BS6-AA6 -> 0 | CP6: =BT6-AB6 -> 1 | CQ6: =BU6-AC6 -> 0 | CR6: =BV6-AD6 -> 1 | CS6: =BW6-AE6 -> 0 | CT6: =BX6-AF6 -> 0
A7: 4 | B7: Aceh | C7: 11 | D7: 1104 | E7: Aceh Tenggara | F7: 70313.4 | G7: 125514.55 | H7: 0 | I7: 0 | L7: 216500 | M7: 678 | N7: 52 | O7: 0.26421165 | P7: 13.43 | Q7: 58.418144 | R7: 0.3984244 | S7: 49.34277 | T7: 68.04 | U7: 6.1407987 | V7: 8.7114804 | W7: 42.83 | X7: 6 | Y7: 5 | Z7: 3 | AA7: 6 | AB7: 4 | AC7: 5 | AD7: 5 | AE7: 5 | AF7: 1 | AG7: 73.950721 | AH7: 242 | AI7: 5 | AJ7: =IF(X7="","",IF(X7=1,3,IF(X7=2,2,IF(X7=3,1,0)))) -> 0 | AK7: =IF(Y7="","",IF(Y7=1,3,IF(Y7=2,2,IF(Y7=3,1,0)))) -> 0 | AL7: =IF(Z7="","",IF(Z7=1,3,IF(Z7=2,2,IF(Z7=3,1,0)))) -> 1 | AM7: =IF(AA7="","",IF(AA7=1,3,IF(AA7=2,2,IF(AA7=3,1,0)))) -> 0 | AN7: =IF(AB7="","",IF(AB7=1,3,IF(AB7=2,2,IF(AB7=3,1,0)))) -> 0 | AO7: =IF(AC7="","",IF(AC7=1,3,IF(AC7=2,2,IF(AC7=3,1,0)))) -> 0 | AP7: =IF(AD7="","",IF(AD7=1,3,IF(AD7=2,2,IF(AD7=3,1,0)))) -> 0 | AQ7: =IF(AE7="","",IF(AE7=1,3,IF(AE7=2,2,IF(AE7=3,1,0)))) -> 0 | AR7: =IF(AF7="","",IF(AF7=1,3,IF(AF7=2,2,0))) -> 3 | AS7: 4 | AT7: Aceh | AU7: 1104 | AV7: 1104 | AW7: Aceh Tenggara | AX7: 66956.46 | AY7: 211014.7 | AZ7: 0 | BA7: 0 | BC7: 0 | BD7: 220860 | BE7: 1408 | BF7: 52.195121 | BG7: 0.21800316 | BH7: 13.21 | BI7: 46.154327 | BJ7: 0.53 | BK7: 43.557032 | BL7: 68.14 | BM7: 3.005277 | BN7: 9.38 | BO7: 40.400234 | BP7: 6 | BQ7: 5 | BR7: 4 | BS7: 6 | BT7: 4 | BU7: 5 | BV7: 6 | BW7: 6 | BX7: 1 | BY7: 76.217437 | BZ7: 207 | CA7: 6 | CB7: =IF(BP7="","",IF(BP7=1,3,IF(BP7=2,2,IF(BP7=3,1,0)))) -> 0 | CC7: =IF(BQ7="","",IF(BQ7=1,3,IF(BQ7=2,2,IF(BQ7=3,1,0)))) -> 0 | CD7: =IF(BR7="","",IF(BR7=1,3,IF(BR7=2,2,IF(BR7=3,1,0)))) -> 0 | CE7: =IF(BS7="","",IF(BS7=1,3,IF(BS7=2,2,IF(BS7=3,1,0)))) -> 0 | CF7: =IF(BT7="","",IF(BT7=1,3,IF(BT7=2,2,IF(BT7=3,1,0)))) -> 0 | CG7: =IF(BU7="","",IF(BU7=1,3,IF(BU7=2,2,IF(BU7=3,1,0)))) -> 0 | CH7: =IF(BV7="","",IF(BV7=1,3,IF(BV7=2,2,IF(BV7=3,1,0)))) -> 0 | CI7: =IF(BW7="","",IF(BW7=1,3,IF(BW7=2,2,IF(BW7=3,1,0)))) -> 0 | CJ7: =IF(BX7="","",IF(BX7=1,3,IF(BX7=2,2,0))) -> 3 | CK7: =CA7-AI7 -> 1 | CL7: =BP7-X7 -> 0 | CM7: =BQ7-Y7 -> 0 | CN7: =BR7-Z7 -> 1 | CO7: =BS7-AA7 -> 0 | CP7: =BT7-AB7 -> 0 | CQ7: =BU7-AC7 -> 0 | CR7: =BV7-AD7 -> 1 | CS7: =BW7-AE7 -> 1 | CT7: =BX7-AF7 -> 0
A8: 5 | B8: Aceh | C8: 11 | D8: 1105 | E8: Aceh Timur | F8: 128126.1 | G8: 28244.122 | H8: 157.18313 | I8: 52.378881 | L8: 436080 | M8: 1763 | N8: 80 | O8: 0.55328172 | P8: 14.47 | Q8: 58.227296 | R8: 0.87397797 | S8: 44.301283 | T8: 68.67 | U8: 3.0918888 | V8: 8.1626215 | W8: 25.5 | X8: 5 | Y8: 5 | Z8: 3 | AA8: 6 | AB8: 4 | AC8: 5 | AD8: 6 | AE8: 4 | AF8: 3 | AG8: 74.095475 | AH8: 238 | AI8: 5 | AJ8: =IF(X8="","",IF(X8=1,3,IF(X8=2,2,IF(X8=3,1,0)))) -> 0 | AK8: =IF(Y8="","",IF(Y8=1,3,IF(Y8=2,2,IF(Y8=3,1,0)))) -> 0 | AL8: =IF(Z8="","",IF(Z8=1,3,IF(Z8=2,2,IF(Z8=3,1,0)))) -> 1 | AM8: =IF(AA8="","",IF(AA8=1,3,IF(AA8=2,2,IF(AA8=3,1,0)))) -> 0 | AN8: =IF(AB8="","",IF(AB8=1,3,IF(AB8=2,2,IF(AB8=3,1,0)))) -> 0 | AO8: =IF(AC8="","",IF(AC8=1,3,IF(AC8=2,2,IF(AC8=3,1,0)))) -> 0 | AP8: =IF(AD8="","",IF(AD8=1,3,IF(AD8=2,2,IF(AD8=3,1,0)))) -> 0 | AQ8: =IF(AE8="","",IF(AE8=1,3,IF(AE8=2,2,IF(AE8=3,1,0)))) -> 0 | AR8: =IF(AF8="","",IF(AF8=1,3,IF(AF8=2,2,0))) -> 0 | AS8: 5 | AT8: Aceh | AU8: 1105 | AV8: 1105 | AW8: Aceh Timur | AX8: 147215.29 | AY8: 30105.938 | AZ8: 449.33971 | BA8: 49.300595 | BC8: 0 | BD8: 422401 | BE8: 2892 | BF8: 67.196998 | BG8: 0.46910893 | BH8: 14.08 | BI8: 41.573387 | BJ8: 0.42 | BK8: 43.111277 | BL8: 68.72 | BM8: 2.1735858 | BN8: 8.51 | BO8: 24.053373 | BP8: 6 | BQ8: 5 | BR8: 4 | BS8: 6 | BT8: 4 | BU8: 5 | BV8: 6 | BW8: 5 | BX8: 3 | BY8: 76.075154 | BZ8: 213 | CA8: 6 | CB8: =IF(BP8="","",IF(BP8=1,3,IF(BP8=2,2,IF(BP8=3,1,0)))) -> 0 | CC8: =IF(BQ8="","",IF(BQ8=1,3,IF(BQ8=2,2,IF(BQ8=3,1,0)))) -> 0 | CD8: =IF(BR8="","",IF(BR8=1,3,IF(BR8=2,2,IF(BR8=3,1,0)))) -> 0 | CE8: =IF(BS8="","",IF(BS8=1,3,IF(BS8=2,2,IF(BS8=3,1,0)))) -> 0 | CF8: =IF(BT8="","",IF(BT8=1,3,IF(BT8=2,2,IF(BT8=3,1,0)))) -> 0 | CG8: =IF(BU8="","",IF(BU8=1,3,IF(BU8=2,2,IF(BU8=3,1,0)))) -> 0 | CH8: =IF(BV8="","",IF(BV8=1,3,IF(BV8=2,2,IF(BV8=3,1,0)))) -> 0 | CI8: =IF(BW8="","",IF(BW8=1,3,IF(BW8=2,2,IF(BW8=3,1,0)))) -> 0 | CJ8: =IF(BX8="","",IF(BX8=1,3,IF(BX8=2,2,0))) -> 0 | CK8: =CA8-AI8 -> 1 | CL8: =BP8-X8 -> 1 | CM8: =BQ8-Y8 -> 0 | CN8: =BR8-Z8 -> 1 | CO8: =BS8-AA8 -> 0 | CP8: =BT8-AB8 -> 0 | CQ8: =BU8-AC8 -> 0 | CR8: =BV8-AD8 -> 0 | CS8: =BW8-AE8 -> 1 | CT8: =BX8-AF8 -> 0
A9: 6 | B9: Aceh | C9: 11 | D9: 1106 | E9: Aceh Tengah | F9: 24583.49 | G9: 433.58498 | H9: 1279.2429 | I9: 430.15688 | L9: 212490 | M9: 1322 | N9: 48 | O9: 1.5351112 | P9: 15.5 | Q9: 27.053931 | R9: 0.082314089 | S9: 36.604385 | T9: 68.82 | U9: 3.3486195 | V9: 9.7881859 | W9: 42.87 | X9: 1 | Y9: 4 | Z9: 6 | AA9: 6 | AB9: 5 | AC9: 5 | AD9: 6 | AE9: 6 | AF9: 1 | AG9: 71.069812 | AH9: 276 | AI9: 5 | AJ9: =IF(X9="","",IF(X9=1,3,IF(X9=2,2,IF(X9=3,1,0)))) -> 3 | AK9: =IF(Y9="","",IF(Y9=1,3,IF(Y9=2,2,IF(Y9=3,1,0)))) -> 0 | AL9: =IF(Z9="","",IF(Z9=1,3,IF(Z9=2,2,IF(Z9=3,1,0)))) -> 0 | AM9: =IF(AA9="","",IF(AA9=1,3,IF(AA9=2,2,IF(AA9=3,1,0)))) -> 0 | AN9: =IF(AB9="","",IF(AB9=1,3,IF(AB9=2,2,IF(AB9=3,1,0)))) -> 0 | AO9: =IF(AC9="","",IF(AC9=1,3,IF(AC9=2,2,IF(AC9=3,1,0)))) -> 0 | AP9: =IF(AD9="","",IF(AD9=1,3,IF(AD9=2,2,IF(AD9=3,1,0)))) -> 0 | AQ9: =IF(AE9="","",IF(AE9=1,3,IF(AE9=2,2,IF(AE9=3,1,0)))) -> 0 | AR9: =IF(AF9="","",IF(AF9=1,3,IF(AF9=2,2,0))) -> 3 | AS9: 6 | AT9: Aceh | AU9: 1106 | AV9: 1106 | AW9: Aceh Tengah | AX9: 16649.77 | AY9: 20.450684 | AZ9: 597.06579 | BA9: 282.93793 | BC9: 0 | BD9: 215576 | BE9: 1643 | BF9: 49.920456 | BG9: 2.2980195 | BH9: 15.08 | BI9: 25.814395 | BJ9: 0.83 | BK9: 35.643629 | BL9: 68.85 | BM9: 2.6283567 | BN9: 10.03 | BO9: 40.437965 | BP9: 1 | BQ9: 4 | BR9: 6 | BS9: 6 | BT9: 5 | BU9: 5 | BV9: 6 | BW9: 6 | BX9: 1 | BY9: 66.305317 | BZ9: 322 | CA9: 4 | CB9: =IF(BP9="","",IF(BP9=1,3,IF(BP9=2,2,IF(BP9=3,1,0)))) -> 3 | CC9: =IF(BQ9="","",IF(BQ9=1,3,IF(BQ9=2,2,IF(BQ9=3,1,0)))) -> 0 | CD9: =IF(BR9="","",IF(BR9=1,3,IF(BR9=2,2,IF(BR9=3,1,0)))) -> 0 | CE9: =IF(BS9="","",IF(BS9=1,3,IF(BS9=2,2,IF(BS9=3,1,0)))) -> 0 | CF9: =IF(BT9="","",IF(BT9=1,3,IF(BT9=2,2,IF(BT9=3,1,0)))) -> 0 | CG9: =IF(BU9="","",IF(BU9=1,3,IF(BU9=2,2,IF(BU9=3,1,0)))) -> 0 | CH9: =IF(BV9="","",IF(BV9=1,3,IF(BV9=2,2,IF(BV9=3,1,0)))) -> 0 | CI9: =IF(BW9="","",IF(BW9=1,3,IF(BW9=2,2,IF(BW9=3,1,0)))) -> 0 | CJ9: =IF(BX9="","",IF(BX9=1,3,IF(BX9=2,2,0))) -> 3 | CK9: =CA9-AI9 -> -1 | CL9: =BP9-X9 -> 0 | CM9: =BQ9-Y9 -> 0 | CN9: =BR9-Z9 -> 0 | CO9: =BS9-AA9 -> 0 | CP9: =BT9-AB9 -> 0 | CQ9: =BU9-AC9 -> 0 | CR9: =BV9-AD9 -> 0 | CS9: =BW9-AE9 -> 0 | CT9: =BX9-AF9 -> 0
A10: 7 | B10: Aceh | C10: 11 | D10: 1107 | E10: Aceh Barat | F10: 54072.16 | G10: 664.81888 | H10: 1363.2933 | I10: 241.99494 | L10: 210110 | M10: 1013 | N10: 76 | O10: 0.70665439 | P10: 18.79 | Q10: 20.211147 | R10: 0.4810815 | S10: 20.247736 | T10: 67.93 | U10: 2.7291266 | V10: 8.9245085 | W10: 24.281921 | X10: 5 | Y10: 4 | Z10: 6 | AA10: 6 | AB10: 6 | AC10: 5 | AD10: 6 | AE10: 5 | AF10: 3 | AG10: 78.612098 | AH10: 165 | AI10: 6 | AJ10: =IF(X10="","",IF(X10=1,3,IF(X10=2,2,IF(X10=3,1,0)))) -> 0 | AK10: =IF(Y10="","",IF(Y10=1,3,IF(Y10=2,2,IF(Y10=3,1,0)))) -> 0 | AL10: =IF(Z10="","",IF(Z10=1,3,IF(Z10=2,2,IF(Z10=3,1,0)))) -> 0 | AM10: =IF(AA10="","",IF(AA10=1,3,IF(AA10=2,2,IF(AA10=3,1,0)))) -> 0 | AN10: =IF(AB10="","",IF(AB10=1,3,IF(AB10=2,2,IF(AB10=3,1,0)))) -> 0 | AO10: =IF(AC10="","",IF(AC10=1,3,IF(AC10=2,2,IF(AC10=3,1,0)))) -> 0 | AP10: =IF(AD10="","",IF(AD10=1,3,IF(AD10=2,2,IF(AD10=3,1,0)))) -> 0 | AQ10: =IF(AE10="","",IF(AE10=1,3,IF(AE10=2,2,IF(AE10=3,1,0)))) -> 0 | AR10: =IF(AF10="","",IF(AF10=1,3,IF(AF10=2,2,0))) -> 0 | AS10: 7 | AT10: Aceh | AU10: 1107 | AV10: 1107 | AW10: Aceh Barat | AX10: 62990.6 | AY10: 347.70559 | AZ10: 1399.7954 | BA10: 660.75188 | BC10: 0 | BD10: 198736 | BE10: 1230 | BF10: 67.875476 | BG10: 0.56437395 | BH10: 18.34 | BI10: 29.722159 | BJ10: 0.43 | BK10: 24.739233 | BL10: 67.98 | BM10: 2.3804472 | BN10: 9.63 | BO10: 22.904396 | BP10: 5 | BQ10: 4 | BR10: 6 | BS10: 6 | BT10: 6 | BU10: 5 | BV10: 6 | BW10: 6 | BX10: 3 | BY10: 77.980029 | BZ10: 173 | CA10: 6 | CB10: =IF(BP10="","",IF(BP10=1,3,IF(BP10=2,2,IF(BP10=3,1,0)))) -> 0 | CC10: =IF(BQ10="","",IF(BQ10=1,3,IF(BQ10=2,2,IF(BQ10=3,1,0)))) -> 0 | CD10: =IF(BR10="","",IF(BR10=1,3,IF(BR10=2,2,IF(BR10=3,1,0)))) -> 0 | CE10: =IF(BS10="","",IF(BS10=1,3,IF(BS10=2,2,IF(BS10=3,1,0)))) -> 0 | CF10: =IF(BT10="","",IF(BT10=1,3,IF(BT10=2,2,IF(BT10=3,1,0)))) -> 0 | CG10: =IF(BU10="","",IF(BU10=1,3,IF(BU10=2,2,IF(BU10=3,1,0)))) -> 0 | CH10: =IF(BV10="","",IF(BV10=1,3,IF(BV10=2,2,IF(BV10=3,1,0)))) -> 0 | CI10: =IF(BW10="","",IF(BW10=1,3,IF(BW10=2,2,IF(BW10=3,1,0)))) -> 0 | CJ10: =IF(BX10="","",IF(BX10=1,3,IF(BX10=2,2,0))) -> 0 | CK10: =CA10-AI10 -> 0 | CL10: =BP10-X10 -> 0 | CM10: =BQ10-Y10 -> 0 | CN10: =BR10-Z10 -> 0 | CO10: =BS10-AA10 -> 0 | CP10: =BT10-AB10 -> 0 | CQ10: =BU10-AC10 -> 0 | CR10: =BV10-AD10 -> 0 | CS10: =BW10-AE10 -> 1 | CT10: =BX10-AF10 -> 0
A11: 8 | B11: Aceh | C11: 11 | D11: 1108 | E11: Aceh Besar | F11: 187596.67 | G11: 11416.18 | H11: 7616.2387 | I11: 1370.3252 | L11: 425220 | M11: 1487 | N11: 146 | O11: 0.39616527 | P11: 13.92 | Q11: 37.930526 | R11: 0.84489127 | S11: 7.715507 | T11: 69.77 | U11: 1.9586185 | V11: 10.54698 | W11: 28.809338 | X11: 6 | Y11: 5 | Z11: 5 | AA11: 6 | AB11: 6 | AC11: 5 | AD11: 6 | AE11: 6 | AF11: 3 | AG11: 83.993367 | AH11: 48 | AI11: 6 | AJ11: =IF(X11="","",IF(X11=1,3,IF(X11=2,2,IF(X11=3,1,0)))) -> 0 | AK11: =IF(Y11="","",IF(Y11=1,3,IF(Y11=2,2,IF(Y11=3,1,0)))) -> 0 | AL11: =IF(Z11="","",IF(Z11=1,3,IF(Z11=2,2,IF(Z11=3,1,0)))) -> 0 | AM11: =IF(AA11="","",IF(AA11=1,3,IF(AA11=2,2,IF(AA11=3,1,0)))) -> 0 | AN11: =IF(AB11="","",IF(AB11=1,3,IF(AB11=2,2,IF(AB11=3,1,0)))) -> 0 | AO11: =IF(AC11="","",IF(AC11=1,3,IF(AC11=2,2,IF(AC11=3,1,0)))) -> 0 | AP11: =IF(AD11="","",IF(AD11=1,3,IF(AD11=2,2,IF(AD11=3,1,0)))) -> 0 | AQ11: =IF(AE11="","",IF(AE11=1,3,IF(AE11=2,2,IF(AE11=3,1,0)))) -> 0 | AR11: =IF(AF11="","",IF(AF11=1,3,IF(AF11=2,2,0))) -> 0 | AS11: 8 | AT11: Aceh | AU11: 1108 | AV11: 1108 | AW11: Aceh Besar | AX11: 179856.23 | AY11: 9561.4942 | AZ11: 8349.0304 | BA11: 1328.0402 | BC11: 13 | BD11: 405535 | BE11: 1670 | BF11: 136.58976 | BG11: 0.38894138 | BH11: 13.84 | BI11: 35.138075 | BJ11: 0.19 | BK11: 11.284599 | BL11: 69.78 | BM11: 1.7778443 | BN11: 10.13 | BO11: 27.174971 | BP11: 6 | BQ11: 5 | BR11: 5 | BS11: 6 | BT11: 6 | BU11: 5 | BV11: 6 | BW11: 6 | BX11: 3 | BY11: 83.09488 | BZ11: 67 | CA11: 6 | CB11: =IF(BP11="","",IF(BP11=1,3,IF(BP11=2,2,IF(BP11=3,1,0)))) -> 0 | CC11: =IF(BQ11="","",IF(BQ11=1,3,IF(BQ11=2,2,IF(BQ11=3,1,0)))) -> 0 | CD11: =IF(BR11="","",IF(BR11=1,3,IF(BR11=2,2,IF(BR11=3,1,0)))) -> 0 | CE11: =IF(BS11="","",IF(BS11=1,3,IF(BS11=2,2,IF(BS11=3,1,0)))) -> 0 | CF11: =IF(BT11="","",IF(BT11=1,3,IF(BT11=2,2,IF(BT11=3,1,0)))) -> 0 | CG11: =IF(BU11="","",IF(BU11=1,3,IF(BU11=2,2,IF(BU11=3,1,0)))) -> 0 | CH11: =IF(BV11="","",IF(BV11=1,3,IF(BV11=2,2,IF(BV11=3,1,0)))) -> 0 | CI11: =IF(BW11="","",IF(BW11=1,3,IF(BW11=2,2,IF(BW11=3,1,0)))) -> 0 | CJ11: =IF(BX11="","",IF(BX11=1,3,IF(BX11=2,2,0))) -> 0 | CK11: =CA11-AI11 -> 0 | CL11: =BP11-X11 -> 0 | CM11: =BQ11-Y11 -> 0 | CN11: =BR11-Z11 -> 0 | CO11: =BS11-AA11 -> 0 | CP11: =BT11-AB11 -> 0 | CQ11: =BU11-AC11 -> 0 | CR11: =BV11-AD11 -> 0 | CS11: =BW11-AE11 -> 0 | CT11: =BX11-AF11 -> 0
A12: 9 | B12: Aceh | C12: 11 | D12: 1109 | E12: Pidie | F12: 248059.62 | G12: 397.9924 | H12: 22.71213 | I12: 0 | L12: 444980 | M12: 2069 | N12: 140 | O12: 0.33361963 | P12: 19.46 | Q12: 55.082146 | R12: 0.31667131 | S12: 35.154293 | T12: 66.89 | U12: 1.5362149 | V12: 8.2812014 | W12: 26.904606 | X12: 6 | Y12: 4 | Z12: 3 | AA12: 6 | AB12: 5 | AC12: 4 | AD12: 6 | AE12: 4 | AF12: 3 | AG12: 74.567904 | AH12: 229 | AI12: 5 | AJ12: =IF(X12="","",IF(X12=1,3,IF(X12=2,2,IF(X12=3,1,0)))) -> 0 | AK12: =IF(Y12="","",IF(Y12=1,3,IF(Y12=2,2,IF(Y12=3,1,0)))) -> 0 | AL12: =IF(Z12="","",IF(Z12=1,3,IF(Z12=2,2,IF(Z12=3,1,0)))) -> 1 | AM12: =IF(AA12="","",IF(AA12=1,3,IF(AA12=2,2,IF(AA12=3,1,0)))) -> 0 | AN12: =IF(AB12="","",IF(AB12=1,3,IF(AB12=2,2,IF(AB12=3,1,0)))) -> 0 | AO12: =IF(AC12="","",IF(AC12=1,3,IF(AC12=2,2,IF(AC12=3,1,0)))) -> 0 | AP12: =IF(AD12="","",IF(AD12=1,3,IF(AD12=2,2,IF(AD12=3,1,0)))) -> 0 | AQ12: =IF(AE12="","",IF(AE12=1,3,IF(AE12=2,2,IF(AE12=3,1,0)))) -> 0 | AR12: =IF(AF12="","",IF(AF12=1,3,IF(AF12=2,2,0))) -> 0 | AS12: 9 | AT12: Aceh | AU12: 1109 | AV12: 1109 | AW12: Pidie | AX12: 246564.18 | AY12: 556.449 | AZ12: 243.44059 | BA12: 45.16 | BC12: 0 | BD12: 435275 | BE12: 4059 | BF12: 141.00488 | BG12: 0.32151144 | BH12: 19.23 | BI12: 50.780203 | BJ12: 0.76 | BK12: 33.301372 | BL12: 66.94 | BM12: 0.76051983 | BN12: 9.47 | BO12: 25.378296 | BP12: 6 | BQ12: 4 | BR12: 3 | BS12: 6 | BT12: 5 | BU12: 4 | BV12: 6 | BW12: 6 | BX12: 3 | BY12: 75.394064 | BZ12: 223 | CA12: 5 | CB12: =IF(BP12="","",IF(BP12=1,3,IF(BP12=2,2,IF(BP12=3,1,0)))) -> 0 | CC12: =IF(BQ12="","",IF(BQ12=1,3,IF(BQ12=2,2,IF(BQ12=3,1,0)))) -> 0 | CD12: =IF(BR12="","",IF(BR12=1,3,IF(BR12=2,2,IF(BR12=3,1,0)))) -> 1 | CE12: =IF(BS12="","",IF(BS12=1,3,IF(BS12=2,2,IF(BS12=3,1,0)))) -> 0 | CF12: =IF(BT12="","",IF(BT12=1,3,IF(BT12=2,2,IF(BT12=3,1,0)))) -> 0 | CG12: =IF(BU12="","",IF(BU12=1,3,IF(BU12=2,2,IF(BU12=3,1,0)))) -> 0 | CH12: =IF(BV12="","",IF(BV12=1,3,IF(BV12=2,2,IF(BV12=3,1,0)))) -> 0 | CI12: =IF(BW12="","",IF(BW12=1,3,IF(BW12=2,2,IF(BW12=3,1,0)))) -> 0 | CJ12: =IF(BX12="","",IF(BX12=1,3,IF(BX12=2,2,0))) -> 0 | CK12: =CA12-AI12 -> 0 | CL12: =BP12-X12 -> 0 | CM12: =BQ12-Y12 -> 0 | CN12: =BR12-Z12 -> 0 | CO12: =BS12-AA12 -> 0 | CP12: =BT12-AB12 -> 0 | CQ12: =BU12-AC12 -> 0 | CR12: =BV12-AD12 -> 0 | CS12: =BW12-AE12 -> 2 | CT12: =BX12-AF12 -> 0
A13: 10 | B13: Aceh | C13: 11 | D13: 1110 | E13: Bireuen | F13: 171161.97 | G13: 13530.301 | H13: 4744.003 | I13: 284.54588 | L13: 471640 | M13: 2226 | N13: 263 | O13: 0.48064174 | P13: 13.56 | Q13: 43.109279 | R13: 0.83999048 | S13: 32.397377 | T13: 71.16 | U13: 0.80561904 | V13: 9.8504812 | W13: 32.88 | X13: 6 | Y13: 5 | Z13: 4 | AA13: 6 | AB13: 5 | AC13: 6 | AD13: 6 | AE13: 6 | AF13: 2 | AG13: 79.428077 | AH13: 149 | AI13: 6 | AJ13: =IF(X13="","",IF(X13=1,3,IF(X13=2,2,IF(X13=3,1,0)))) -> 0 | AK13: =IF(Y13="","",IF(Y13=1,3,IF(Y13=2,2,IF(Y13=3,1,0)))) -> 0 | AL13: =IF(Z13="","",IF(Z13=1,3,IF(Z13=2,2,IF(Z13=3,1,0)))) -> 0 | AM13: =IF(AA13="","",IF(AA13=1,3,IF(AA13=2,2,IF(AA13=3,1,0)))) -> 0 | AN13: =IF(AB13="","",IF(AB13=1,3,IF(AB13=2,2,IF(AB13=3,1,0)))) -> 0 | AO13: =IF(AC13="","",IF(AC13=1,3,IF(AC13=2,2,IF(AC13=3,1,0)))) -> 0 | AP13: =IF(AD13="","",IF(AD13=1,3,IF(AD13=2,2,IF(AD13=3,1,0)))) -> 0 | AQ13: =IF(AE13="","",IF(AE13=1,3,IF(AE13=2,2,IF(AE13=3,1,0)))) -> 0 | AR13: =IF(AF13="","",IF(AF13=1,3,IF(AF13=2,2,0))) -> 2 | AS13: 10 | AT13: Aceh | AU13: 1110 | AV13: 1110 | AW13: Bireuen | AX13: 184943.58 | AY13: 91644.25 | AZ13: 6149.0799 | BA13: 486.66831 | BC13: 0 | BD13: 436418 | BE13: 3669 | BF13: 229.54871 | BG13: 0.33234809 | BH13: 13.06 | BI13: 38.371977 | BJ13: 0.53 | BK13: 32.5993 | BL13: 71.22 | BM13: 0.51817934 | BN13: 9.57 | BO13: 31.014702 | BP13: 6 | BQ13: 5 | BR13: 5 | BS13: 6 | BT13: 5 | BU13: 6 | BV13: 6 | BW13: 6 | BX13: 2 | BY13: 80.288052 | BZ13: 125 | CA13: 6 | CB13: =IF(BP13="","",IF(BP13=1,3,IF(BP13=2,2,IF(BP13=3,1,0)))) -> 0 | CC13: =IF(BQ13="","",IF(BQ13=1,3,IF(BQ13=2,2,IF(BQ13=3,1,0)))) -> 0 | CD13: =IF(BR13="","",IF(BR13=1,3,IF(BR13=2,2,IF(BR13=3,1,0)))) -> 0 | CE13: =IF(BS13="","",IF(BS13=1,3,IF(BS13=2,2,IF(BS13=3,1,0)))) -> 0 | CF13: =IF(BT13="","",IF(BT13=1,3,IF(BT13=2,2,IF(BT13=3,1,0)))) -> 0 | CG13: =IF(BU13="","",IF(BU13=1,3,IF(BU13=2,2,IF(BU13=3,1,0)))) -> 0 | CH13: =IF(BV13="","",IF(BV13=1,3,IF(BV13=2,2,IF(BV13=3,1,0)))) -> 0 | CI13: =IF(BW13="","",IF(BW13=1,3,IF(BW13=2,2,IF(BW13=3,1,0)))) -> 0 | CJ13: =IF(BX13="","",IF(BX13=1,3,IF(BX13=2,2,0))) -> 2 | CK13: =CA13-AI13 -> 0 | CL13: =BP13-X13 -> 0 | CM13: =BQ13-Y13 -> 0 | CN13: =BR13-Z13 -> 1 | CO13: =BS13-AA13 -> 0 | CP13: =BT13-AB13 -> 0 | CQ13: =BU13-AC13 -> 0 | CR13: =BV13-AD13 -> 0 | CS13: =BW13-AE13 -> 0 | CT13: =BX13-AF13 -> 0
A14: 11 | B14: Aceh | C14: 11 | D14: 1111 | E14: Aceh Utara | F14: 396467.64 | G14: 11410.977 | H14: 4545.9268 | I14: 229.389 | L14: 619410 | M14: 2507 | N14: 230 | O14: 0.28371531 | P14: 17.39 | Q14: 54.592089 | R14: 0 | S14: 41.078768 | T14: 68.79 | U14: 1.0742269 | V14: 8.9258086 | W14: 24.2065 | X14: 6 | Y14: 4 | Z14: 3 | AA14: 6 | AB14: 4 | AC14: 5 | AD14: 6 | AE14: 5 | AF14: 3 | AG14: 76.195639 | AH14: 208 | AI14: 6 | AJ14: =IF(X14="","",IF(X14=1,3,IF(X14=2,2,IF(X14=3,1,0)))) -> 0 | AK14: =IF(Y14="","",IF(Y14=1,3,IF(Y14=2,2,IF(Y14=3,1,0)))) -> 0 | AL14: =IF(Z14="","",IF(Z14=1,3,IF(Z14=2,2,IF(Z14=3,1,0)))) -> 1 | AM14: =IF(AA14="","",IF(AA14=1,3,IF(AA14=2,2,IF(AA14=3,1,0)))) -> 0 | AN14: =IF(AB14="","",IF(AB14=1,3,IF(AB14=2,2,IF(AB14=3,1,0)))) -> 0 | AO14: =IF(AC14="","",IF(AC14=1,3,IF(AC14=2,2,IF(AC14=3,1,0)))) -> 0 | AP14: =IF(AD14="","",IF(AD14=1,3,IF(AD14=2,2,IF(AD14=3,1,0)))) -> 0 | AQ14: =IF(AE14="","",IF(AE14=1,3,IF(AE14=2,2,IF(AE14=3,1,0)))) -> 0 | AR14: =IF(AF14="","",IF(AF14=1,3,IF(AF14=2,2,0))) -> 0 | AS14: 11 | AT14: Aceh | AU14: 1111 | AV14: 1111 | AW14: Aceh Utara | AX14: 388190.19 | AY14: 11354.47 | AZ14: 5808.154 | BA14: 280.54252 | BC14: 0 | BD14: 602793 | BE14: 4553 | BF14: 186.2277 | BG14: 0.27655617 | BH14: 17.02 | BI14: 43.608463 | BJ14: 0 | BK14: 38.301763 | BL14: 68.8 | BM14: 0.71092906 | BN14: 9.33 | BO14: 22.833254 | BP14: 6 | BQ14: 4 | BR14: 4 | BS14: 6 | BT14: 5 | BU14: 5 | BV14: 6 | BW14: 6 | BX14: 3 | BY14: 77.37775 | BZ14: 188 | CA14: 6 | CB14: =IF(BP14="","",IF(BP14=1,3,IF(BP14=2,2,IF(BP14=3,1,0)))) -> 0 | CC14: =IF(BQ14="","",IF(BQ14=1,3,IF(BQ14=2,2,IF(BQ14=3,1,0)))) -> 0 | CD14: =IF(BR14="","",IF(BR14=1,3,IF(BR14=2,2,IF(BR14=3,1,0)))) -> 0 | CE14: =IF(BS14="","",IF(BS14=1,3,IF(BS14=2,2,IF(BS14=3,1,0)))) -> 0 | CF14: =IF(BT14="","",IF(BT14=1,3,IF(BT14=2,2,IF(BT14=3,1,0)))) -> 0 | CG14: =IF(BU14="","",IF(BU14=1,3,IF(BU14=2,2,IF(BU14=3,1,0)))) -> 0 | CH14: =IF(BV14="","",IF(BV14=1,3,IF(BV14=2,2,IF(BV14=3,1,0)))) -> 0 | CI14: =IF(BW14="","",IF(BW14=1,3,IF(BW14=2,2,IF(BW14=3,1,0)))) -> 0 | CJ14: =IF(BX14="","",IF(BX14=1,3,IF(BX14=2,2,0))) -> 0 | CK14: =CA14-AI14 -> 0 | CL14: =BP14-X14 -> 0 | CM14: =BQ14-Y14 -> 0 | CN14: =BR14-Z14 -> 1 | CO14: =BS14-AA14 -> 0 | CP14: =BT14-AB14 -> 1 | CQ14: =BU14-AC14 -> 0 | CR14: =BV14-AD14 -> 0 | CS14: =BW14-AE14 -> 1 | CT14: =BX14-AF14 -> 0
A15: 12 | B15: Aceh | C15: 11 | D15: 1112 | E15: Aceh Barat Daya | F15: 72980.53 | G15: 3787.2664 | H15: 808.99308 | I15: 321.76788 | L15: 150390 | M15: 842 | N15: 80 | O15: 0.36813509 | P15: 16.26 | Q15: 42.511581 | R15: 0.41370431 | S15: 31.274577 | T15: 64.91 | U15: 2.2326306 | V15: 8.9641974 | W15: 26.349149 | X15: 6 | Y15: 4 | Z15: 4 | AA15: 6 | AB15: 5 | AC15: 4 | AD15: 6 | AE15: 5 | AF15: 3 | AG15: 76.601979 | AH15: 205 | AI15: 6 | AJ15: =IF(X15="","",IF(X15=1,3,IF(X15=2,2,IF(X15=3,1,0)))) -> 0 | AK15: =IF(Y15="","",IF(Y15=1,3,IF(Y15=2,2,IF(Y15=3,1,0)))) -> 0 | AL15: =IF(Z15="","",IF(Z15=1,3,IF(Z15=2,2,IF(Z15=3,1,0)))) -> 0 | AM15: =IF(AA15="","",IF(AA15=1,3,IF(AA15=2,2,IF(AA15=3,1,0)))) -> 0 | AN15: =IF(AB15="","",IF(AB15=1,3,IF(AB15=2,2,IF(AB15=3,1,0)))) -> 0 | AO15: =IF(AC15="","",IF(AC15=1,3,IF(AC15=2,2,IF(AC15=3,1,0)))) -> 0 | AP15: =IF(AD15="","",IF(AD15=1,3,IF(AD15=2,2,IF(AD15=3,1,0)))) -> 0 | AQ15: =IF(AE15="","",IF(AE15=1,3,IF(AE15=2,2,IF(AE15=3,1,0)))) -> 0 | AR15: =IF(AF15="","",IF(AF15=1,3,IF(AF15=2,2,0))) -> 0 | AS15: 12 | AT15: Aceh | AU15: 1112 | AV15: 1112 | AW15: Aceh Barat Daya | AX15: 68823.14 | AY15: 10354.726 | AZ15: 1362.1248 | BA15: 503.47483 | BC15: 0 | BD15: 150775 | BE15: 980 | BF15: 101.15054 | BG15: 0.36401894 | BH15: 15.93 | BI15: 44.380029 | BJ15: 0.7 | BK15: 30.230649 | BL15: 65 | BM15: 1.5210204 | BN15: 9.06 | BO15: 24.854349 | BP15: 6 | BQ15: 4 | BR15: 4 | BS15: 6 | BT15: 5 | BU15: 4 | BV15: 6 | BW15: 6 | BX15: 3 | BY15: 76.306473 | BZ15: 205 | CA15: 6 | CB15: =IF(BP15="","",IF(BP15=1,3,IF(BP15=2,2,IF(BP15=3,1,0)))) -> 0 | CC15: =IF(BQ15="","",IF(BQ15=1,3,IF(BQ15=2,2,IF(BQ15=3,1,0)))) -> 0 | CD15: =IF(BR15="","",IF(BR15=1,3,IF(BR15=2,2,IF(BR15=3,1,0)))) -> 0 | CE15: =IF(BS15="","",IF(BS15=1,3,IF(BS15=2,2,IF(BS15=3,1,0)))) -> 0 | CF15: =IF(BT15="","",IF(BT15=1,3,IF(BT15=2,2,IF(BT15=3,1,0)))) -> 0 | CG15: =IF(BU15="","",IF(BU15=1,3,IF(BU15=2,2,IF(BU15=3,1,0)))) -> 0 | CH15: =IF(BV15="","",IF(BV15=1,3,IF(BV15=2,2,IF(BV15=3,1,0)))) -> 0 | CI15: =IF(BW15="","",IF(BW15=1,3,IF(BW15=2,2,IF(BW15=3,1,0)))) -> 0 | CJ15: =IF(BX15="","",IF(BX15=1,3,IF(BX15=2,2,0))) -> 0 | CK15: =CA15-AI15 -> 0 | CL15: =BP15-X15 -> 0 | CM15: =BQ15-Y15 -> 0 | CN15: =BR15-Z15 -> 0 | CO15: =BS15-AA15 -> 0 | CP15: =BT15-AB15 -> 0 | CQ15: =BU15-AC15 -> 0 | CR15: =BV15-AD15 -> 0 | CS15: =BW15-AE15 -> 1 | CT15: =BX15-AF15 -> 0
... A419: 513 | B419: Papua | C419: 94 | D419: 9436 | E419: Deiyai | F419: 0 | G419: 0 | H419: 0 | I419: 0 | L419: 73199 | M419: 28 | N419: 31.47 | O419: 5 | P419: 43.65 | Q419: 9.7307645 | R419: 27.073376 | S419: 100 | T419: 65.11 | U419: 83.071179 | V419: 1.486262 | W419: 22.20378 | X419: 1 | Y419: 1 | Z419: 6 | AA419: 4 | AB419: 1 | AC419: 4 | AD419: 1 | AE419: 1 | AF419: 3 | AG419: 21.363473 | AH419: 408 | AI419: 1 | AJ419: =IF(X419="","",IF(X419=1,3,IF(X419=2,2,IF(X419=3,1,0)))) -> 3 | AK419: =IF(Y419="","",IF(Y419=1,3,IF(Y419=2,2,IF(Y419=3,1,0)))) -> 3 | AL419: =IF(Z419="","",IF(Z419=1,3,IF(Z419=2,2,IF(Z419=3,1,0)))) -> 0 | AM419: =IF(AA419="","",IF(AA419=1,3,IF(AA419=2,2,IF(AA419=3,1,0)))) -> 0 | AN419: =IF(AB419="","",IF(AB419=1,3,IF(AB419=2,2,IF(AB419=3,1,0)))) -> 3 | AO419: =IF(AC419="","",IF(AC419=1,3,IF(AC419=2,2,IF(AC419=3,1,0)))) -> 0 | AP419: =IF(AD419="","",IF(AD419=1,3,IF(AD419=2,2,IF(AD419=3,1,0)))) -> 3 | AQ419: =IF(AE419="","",IF(AE419=1,3,IF(AE419=2,2,IF(AE419=3,1,0)))) -> 3 | AR419: =IF(AF419="","",IF(AF419=1,3,IF(AF419=2,2,0))) -> 0 | AS419: 513 | AT419: Papua | AU419: 9436 | AV419: 9436 | AW419: Deiyai | AX419: 0 | AY419: 0 | AZ419: 0 | BA419: 0 | BC419: 0 | BD419: 99091 | BE419: 28 | BF419: 32.275096 | BG419: 5 | BH419: 41.76 | BI419: 6.3910318 | BJ419: 53.55 | BK419: 99.239366 | BL419: 65.24 | BM419: 100 | BN419: 2.83 | BO419: 20.439928 | BP419: 1 | BQ419: 1 | BR419: 6 | BS419: 1 | BT419: 1 | BU419: 4 | BV419: 1 | BW419: 1 | BX419: 3 | BY419: 18.652722 | BZ419: 412 | CA419: 1 | CB419: =IF(BP419="","",IF(BP419=1,3,IF(BP419=2,2,IF(BP419=3,1,0)))) -> 3 | CC419: =IF(BQ419="","",IF(BQ419=1,3,IF(BQ419=2,2,IF(BQ419=3,1,0)))) -> 3 | CD419: =IF(BR419="","",IF(BR419=1,3,IF(BR419=2,2,IF(BR419=3,1,0)))) -> 0 | CE419: =IF(BS419="","",IF(BS419=1,3,IF(BS419=2,2,IF(BS419=3,1,0)))) -> 3 | CF419: =IF(BT419="","",IF(BT419=1,3,IF(BT419=2,2,IF(BT419=3,1,0)))) -> 3 | CG419: =IF(BU419="","",IF(BU419=1,3,IF(BU419=2,2,IF(BU419=3,1,0)))) -> 0 | CH419: =IF(BV419="","",IF(BV419=1,3,IF(BV419=2,2,IF(BV419=3,1,0)))) -> 3 | CI419: =IF(BW419="","",IF(BW419=1,3,IF(BW419=2,2,IF(BW419=3,1,0)))) -> 3 | CJ419: =IF(BX419="","",IF(BX419=1,3,IF(BX419=2,2,0))) -> 0 | CK419: =CA419-AI419 -> 0 | CL419: =BP419-X419 -> 0 | CM419: =BQ419-Y419 -> 0 | CN419: =BR419-Z419 -> 0 | CO419: =BS419-AA419 -> -3 | CP419: =BT419-AB419 -> 0 | CQ419: =BU419-AC419 -> 0 | CR419: =BV419-AD419 -> 0 | CS419: =BW419-AE419 -> 0 | CT419: =BX419-AF419 -> 0
F421: =SUM(F81,F150,F165,F182,F209,F212,F213,F250,F254,F264,F284,F302,F346,F357,F361,F370,F378,F390) -> 1127453 | G421: =SUM(G81,G150,G165,G182,G209,G212,G213,G250,G254,G264,G284,G302,G346,G357,G361,G370,G378,G390) -> 597447.7 | H421: =SUM(H81,H150,H165,H182,H209,H212,H213,H250,H254,H264,H284,H302,H346,H357,H361,H370,H378,H390) -> 349859.46 | I421: =SUM(I81,I150,I165,I182,I209,I212,I213,I250,I254,I264,I284,I302,I346,I357,I361,I370,I378,I390) -> 63331.718 | J421: =SUM(J81,J150,J165,J182,J209,J212,J213,J250,J254,J264,J284,J302,J346,J357,J361,J370,J378,J390) -> 0 | K421: =SUM(K81,K150,K165,K182,K209,K212,K213,K250,K254,K264,K284,K302,K346,K357,K361,K370,K378,K390) -> 0 | L421: =SUM(L81,L150,L165,L182,L209,L212,L213,L250,L254,L264,L284,L302,L346,L357,L361,L370,L378,L390) -> 8230551 | M421: =SUM(M81,M150,M165,M182,M209,M212,M213,M250,M254,M264,M284,M302,M346,M357,M361,M370,M378,M390) -> 17516 | ... BP421: =SUM(BP81,BP150,BP165,BP182,BP209,BP212,BP213,BP250,BP254,BP264,BP284,BP302,BP346,BP357,BP361,BP370,BP378,BP390) -> 48 | CB421: =SUM(CB4:CB419) -> 414

Sheet Perb 20-21
A1: PERUBAHAN PRIORITAS DARI TAHUN 2020 Ke 2021
A3: Row Labels | B3: Count of Perubahan komposit 2021-2020 | C3: Perubahan komposit dari 2020 ke 2021
A4: -2 | B4: 3 | C4: P6 ke P4, P5 ke P3, P4 ke P2, P3 ke P1
A5: -1 | B5: 28 | C5: P6 ke P5, P5 ke P4, P4 ke P3, P3 ke P2, P3 ke P1
A6: 0 | B6: 357 | C6: tetap
A7: 1 | B7: 27 | C7: P1 ke P2, P2 ke P3, P3 ke P4, P4 ke P5, P5 ke P6
A8: 2 | B8: 1 | C8: P1 ke P3, P2 ke P4, P3 ke P5, P4 ke P6
A9: Grand Total | B9: 416
A12: Perubahan komposit 2021-2020 | B12: (Multiple Items) | C12: Perubahan komposit dari 2020 ke 2021 menunjukkan penurunan status
A14: Count of Perubahan komposit 2021-2020
A15: 31
A22: 1. FAKTOR BERPENGARUH PENURUNAN STATUS SECARA UMUM
A24: Perubahan komposit 2021-2020 | B24: (Multiple Items)
A30: Perubahan komposit 2021-2020 | B30: (Multiple Items)
A32: Sum of 1. Bobot NCPR-2021 | B32: Sum of 2. Bobot POVERTY-2021 | C32: Sum of 3. Bobot FOOD EXPENDITURE >65%-2021 | D32: Sum of 4. Bobot NoELECTRIC-2021 | E32: Sum of 5. Bobot NoWATER-2021 | F32: Sum of 6. Bobot LIFE-2021 | G32: Sum of 7. Bobot RASIO TENKES-2021 | H32: Sum of 8. Bobot FEMALE SCHOOL-2021 | I32: Sum of 9. Bobot STUNTING-2021
A33: 55 | B33: 12 | C33: 10 | D33: 1 | E33: 16 | F33: 7 | G33: 11 | H33: 8 | I33: 40
A37: 2. FAKTOR BERPENGARUH PENURUNAN STATUS UNTUK PRIORITAS 1-3 DITAHUN 2021 (Tahun 2020 semua prioritas)
A40: Perubahan komposit 2021-2020 | B40: (Multiple Items)
A42: Sum of 1. Bobot NCPR-2021 | B42: Sum of 2. Bobot POVERTY-2021 | C42: Sum of 3. Bobot FOOD EXPENDITURE >65%-2021 | D42: Sum of 4. Bobot NoELECTRIC-2021 | E42: Sum of 5. Bobot NoWATER-2021 | F42: Sum of 6. Bobot LIFE-2021 | G42: Sum of 7. Bobot RASIO TENKES-2021 | H42: Sum of 8. Bobot FEMALE SCHOOL-2021 | I42: Sum of 9. Bobot STUNTING-2021
A43: 55 | B43: 12 | C43: 10 | D43: 1 | E43: 16 | F43: 7 | G43: 11 | H43: 8 | I43: 40
A48: Perubahan komposit 2021-2020 | B48: (Multiple Items)
A55: 3. FAKTOR BERPENGARUH PENURUNAN STATUS UNTUK PRIORITAS 1-3 DITAHUN 2021 UNTUK PRIORITAS 4-6 DITAHUN 2020
A59: Perubahan komposit 2021-2020 | B59: (Multiple Items)
A67: Perubahan komposit 2021-2020 | B67: (Multiple Items)
A69: Sum of 1. Bobot NCPR-2021 | B69: Sum of 2. Bobot POVERTY-2021 | C69: Sum of 3. Bobot FOOD EXPENDITURE >65%-2021 | D69: Sum of 4. Bobot NoELECTRIC-2021 | E69: Sum of 5. Bobot NoWATER-2021 | F69: Sum of 6. Bobot LIFE-2021 | G69: Sum of 7. Bobot RASIO TENKES-2021 | H69: Sum of 8. Bobot FEMALE SCHOOL-2021 | I69: Sum of 9. Bobot STUNTING-2021
A70: 55 | B70: 12 | C70: 10 | D70: 1 | E70: 16 | F70: 7 | G70: 11 | H70: 8 | I70: 40
A76: Total Bobot | B76: 1. FAKTOR BERPENGARUH PENURUNAN STATUS SECARA UMUM | E76: 2. FAKTOR BERPENGARUH PENURUNAN STATUS UNTUK PRIORITAS 1-3 DITAHUN 2021 (Tahun 2020 semua prioritas) | H76: 3. FAKTOR BERPENGARUH PENURUNAN STATUS UNTUK PRIORITAS 1-3 DITAHUN 2021 UNTUK PRIORITAS 4-6 DITAHUN 2020
B77: 2020 | C77: 2021 | D77: Selisih | E77: 2020 | F77: 2021 | G77: Selisih | H77: 2020 | I77: 2021 | J77: Selisih
A78: NCPR | B78: 44 | C78: 55 | D78: =C78-B78 -> 11 | E78: 31 | F78: 33 | G78: =F78-E78 -> 2 | H78: 16 | I78: 18 | J78: =I78-H78 -> 2
A79: Poverty | B79: 11 | C79: 12 | D79: =C79-B79 -> 1 | E79: 7 | F79: 7 | G79: =F79-E79 -> 0 | H79: 5 | I79: 5 | J79: =I79-H79 -> 0
A80: Food Exp | B80: 12 | C80: 10 | D80: =C80-B80 -> -2 | E80: 6 | F80: 5 | G80: =F80-E80 -> -1 | H80: 2 | I80: 1 | J80: =I80-H80 -> -1
A81: No Electric | B81: 1 | C81: 1 | D81: =C81-B81 -> 0 | E81: 1 | F81: 1 | G81: =F81-E81 -> 0 | H81: 1 | I81: 1 | J81: =I81-H81 -> 0
A82: No Water | B82: 10 | C82: 16 | D82: =C82-B82 -> 6 | E82: 3 | F82: 6 | G82: =F82-E82 -> 3 | H82: 1 | I82: 1 | J82: =I82-H82 -> 0
A83: Life | B83: 7 | C83: 7 | D83: =C83-B83 -> 0 | E83: 5 | F83: 5 | G83: =F83-E83 -> 0 | H83: 3 | I83: 3 | J83: =I83-H83 -> 0
A84: Rasio Tenkes | B84: 13 | C84: 11 | D84: =C84-B84 -> -2 | E84: 11 | F84: 10 | G84: =F84-E84 -> -1 | H84: 5 | I84: 4 | J84: =I84-H84 -> -1
A85: Female Schoole | B85: 9 | C85: 8 | D85: =C85-B85 -> -1 | E85: 3 | F85: 4 | G85: =F85-E85 -> 1 | H85: 2 | I85: 3 | J85: =I85-H85 -> 1
A86: Stunting | B86: 48 | C86: 40 | D86: =C86-B86 -> -8 | E86: 17 | F86: 15 | G86: =F86-E86 -> -2 | H86: 10 | I86: 9 | J86: =I86-H86 -> -1

Sheet Pesan
A3: Row Labels | B3: Count of 20 - 1. Prioritas NCPR | E3: Row Labels | F3: Count of 21 - 1. Prioritas NCPR
A4: 4 | B4: 41 | E4: 4 | F4: 33
A5: 5 | B5: 72 | E5: 5 | F5: 74
A6: 6 | B6: 148 | E6: 6 | F6: 144
A7: Grand Total | B7: 261 | E7: Grand Total | F7: 251
A13: Row Labels | B13: Count of 20 - 2. Prioritas POVERTY | E13: Row Labels | F13: Count of 21 - 2. Prioritas POVERTY
A14: 1 | B14: 11 | E14: 1 | F14: 10
A15: 2 | B15: 33 | E15: 2 | F15: 34
A16: 3 | B16: 14 | E16: 3 | F16: 15
A17: Grand Total | B17: 58 | E17: Grand Total | F17: 59
A23: Row Labels | B23: Count of 20 - 3. Prioritas FOOD EXPENDITURE >65% | E23: Row Labels | F23: Count of 21 - 3. Prioritas FOOD EXPENDITURE >65%
A24: 1 | B24: 10 | E24: 1 | F24: 6
A25: 2 | B25: 8 | E25: 2 | F25: 5
A26: 3 | B26: 35 | E26: 3 | F26: 19
A27: Grand Total | B27: 53 | E27: Grand Total | F27: 30
A33: Row Labels | B33: Count of 20 - 4. Prioritas NoELECTRIC | E33: Row Labels | F33: Count of 21 - 4. Prioritas NoELECTRIC
A34: 1 | B34: 6 | E34: 1 | F34: 6
A35: 2 | B35: 1 | E35: 2 | F35: 3
A36: 3 | B36: 3 | E36: 3 | F36: 6
A37: Grand Total | B37: 10 | E37: Grand Total | F37: 15
A43: Row Labels | B43: Count of 20 - 5. Prioritas NoWATER | E43: Row Labels | F43: Count of 21 - 5. Prioritas NoWATER
A44: 1 | B44: 31 | E44: 1 | F44: 30
A45: 2 | B45: 15 | E45: 2 | F45: 17
A46: 3 | B46: 30 | E46: 3 | F46: 27
A47: Grand Total | B47: 76 | E47: Grand Total | F47: 74
A53: Row Labels | B53: Count of 20 - 6. Prioritas LIFE | E53: Row Labels | F53: Count of 21 - 6. Prioritas LIFE
A54: 1 | B54: 3 | E54: 1 | F54: 2
A55: 2 | B55: 7 | E55: 2 | F55: 8
A56: 3 | B56: 18 | E56: 3 | F56: 16
A57: Grand Total | B57: 28 | E57: Grand Total | F57: 26
A63: Row Labels | B63: Count of 20 - 7. Prioritas RASIO TENKES | E63: Row Labels | F63: Count of 21 - 7. Prioritas RASIO TENKES
A64: 1 | B64: 28 | E64: 1 | F64: 22
A65: 2 | B65: 12 | E65: 2 | F65: 12
A66: 3 | B66: 14 | E66: 3 | F66: 11
A67: Grand Total | B67: 54 | E67: Grand Total | F67: 45
A73: Row Labels | B73: Count of 20 - 8. Prioritas FEMALE SCHOOL | E73: Row Labels | F73: Count of 21 - 8. Prioritas FEMALE SCHOOL
A74: 1 | B74: 25 | E74: 1 | F74: 21
A75: 2 | B75: 14 | E75: 2 | F75: 10
A76: 3 | B76: 84 | E76: 3 | F76: 70
A77: Grand Total | B77: 123 | E77: Grand Total | F77: 101
A83: Row Labels | B83: Count of 20 - 9. Prioritas STUNTING | E83: Row Labels | F83: Count of 21 - 9. Prioritas STUNTING
A84: 1 | B84: 50 | E84: 1 | F84: 45
A85: 2 | B85: 130 | E85: 2 | F85: 111
A86: Grand Total | B86: 180 | E86: Grand Total | F86: 156
C95: FSVA 2020 | I95: FSVA 2021
C96: Kab | D96: % | E96: Kota | F96: % | G96: Total | H96: % | I96: Kab | J96: % | K96: Kota | L96: % | M96: Total | N96: %
A97: NCPR | B97: Kab dgn rasio > 1 (P4-6) | C97: 261 | D97: =C97/416*100 -> 62.740385 | F97: =E97/98*100 -> 0 | G97: =C97+E97 -> 261 | H97: =G97/514*100 -> 50.77821 | I97: 251 | J97: =I97/416*100 -> 60.336538 | L97: =K97/98*100 -> 0 | N97: =M97/514*100 -> 0
A98: Miskin | B98: Kab> 20% (Prio 1-3) | C98: 58 | D98: =C98/416*100 -> 13.942308 | E98: 1 | F98: =E98/98*100 -> 1.0204082 | G98: =C98+E98 -> 59 | H98: =G98/514*100 -> 11.478599 | I98: 59 | J98: =I98/416*100 -> 14.182692 | K98: 1 | L98: =K98/98*100 -> 1.0204082 | M98: =I98+K98 -> 60 | N98: =M98/514*100 -> 11.673152
A99: Pangan | B99: Prio 1-3 | C99: 53 | D99: =C99/416*100 -> 12.740385 | E99: 1 | F99: =E99/98*100 -> 1.0204082 | G99: =C99+E99 -> 54 | H99: =G99/514*100 -> 10.505837 | I99: 30 | J99: =I99/416*100 -> 7.2115385 | K99: 0 | L99: =K99/98*100 -> 0 | M99: =I99+K99 -> 30 | N99: =M99/514*100 -> 5.8365759
A100: Listrik | B100: Prio 1-3 | C100: 10 | D100: =C100/416*100 -> 2.4038462 | E100: 0 | F100: =E100/98*100 -> 0 | G100: =C100+E100 -> 10 | H100: =G100/514*100 -> 1.9455253 | I100: 15 | J100: =I100/416*100 -> 3.6057692 | K100: 0 | L100: =K100/98*100 -> 0 | M100: =I100+K100 -> 15 | N100: =M100/514*100 -> 2.9182879
A101: Air | B101: Prio 1-3 | C101: 76 | D101: =C101/416*100 -> 18.269231 | E101: 2 | F101: =E101/98*100 -> 2.0408163 | G101: =C101+E101 -> 78 | H101: =G101/514*100 -> 15.175097 | I101: 74 | J101: =I101/416*100 -> 17.788462 | K101: 1 | L101: =K101/98*100 -> 1.0204082 | M101: =I101+K101 -> 75 | N101: =M101/514*100 -> 14.59144
A102: Life | B102: Prio 1-3 | C102: 28 | D102: =C102/416*100 -> 6.7307692 | E102: 2 | F102: =E102/98*100 -> 2.0408163 | G102: =C102+E102 -> 30 | H102: =G102/514*100 -> 5.8365759 | I102: 26 | J102: =I102/416*100 -> 6.25 | K102: 1 | L102: =K102/98*100 -> 1.0204082 | M102: =I102+K102 -> 27 | N102: =M102/514*100 -> 5.2529183
A103: Tenkes | B103: Prio 1-3 | C103: 54 | D103: =C103/416*100 -> 12.980769 | E103: 0 | F103: =E103/98*100 -> 0 | G103: =C103+E103 -> 54 | H103: =G103/514*100 -> 10.505837 | I103: 45 | J103: =I103/416*100 -> 10.817308 | K103: 0 | L103: =K103/98*100 -> 0 | M103: =I103+K103 -> 45 | N103: =M103/514*100 -> 8.7548638
A104: Sekolah | B104: Prio 1-3 | C104: 123 | D104: =C104/416*100 -> 29.567308 | E104: 0 | F104: =E104/98*100 -> 0 | G104: =C104+E104 -> 123 | H104: =G104/514*100 -> 23.929961 | I104: 101 | J104: =I104/416*100 -> 24.278846 | K104: 0 | L104: =K104/98*100 -> 0 | M104: =I104+K104 -> 101 | N104: =M104/514*100 -> 19.649805
A105: Stunting | B105: Prio 1-3 | C105: 180 | D105: =C105/416*100 -> 43.269231 | E105: 9 | F105: =E105/98*100 -> 9.1836735 | G105: =C105+E105 -> 189 | H105: =G105/514*100 -> 36.770428 | I105: 156 | J105: =I105/416*100 -> 37.5 | K105: 5 | L105: =K105/98*100 -> 5.1020408 | M105: =I105+K105 -> 161 | N105: =M105/514*100 -> 31.322957

Sheet NCPR
A2: No. | B2: Nama Kabupaten | E2: Nama Kecamatan | F2: TAHUN 2020 | N2: TAHUN 2021
C3: Kode Kab | D3: Kode Kec | F3: Produksi Padi (ton) | G3: Produksi Jagung (ton) | H3: Produksi Ubi Kayu (ton) | I3: Produksi Ubi Jalar (ton) | J3: Jumlah Penduduk (jiwa) | K3: Tingkat Kepadatan Penduduk (jiwa/km2) | L3: NCPR | M3: Prioritas | N3: Produksi Padi (ton) | O3: Produksi Jagung (ton) | P3: Produksi Ubi Kayu (ton) | Q3: Produksi Ubi Jalar (ton) | R3: Stok atau Cadangan Pangan (ton) | S3: Jumlah Penduduk (jiwa) | T3: Tingkat Kepadatan Penduduk (jiwa/km2) | U3: NCPR | V3: Prioritas
A4: 1 | B4: Sumatera Selatan | C4: 16 | D4: 1604 | E4: Lahat | F4: 73128.99 | G4: 3965.975 | H4: 2166.5659 | I4: 1532.1077 | J4: 409382 | K4: 77.07 | L4: 0.98124047 | M4: 4 | N4: 70278.25 | O4: 5551.3813 | P4: 2529.611 | Q4: 1379.4707 | R4: 11.18 | S4: 430071 | T4: 80.966124 | U4: 1.0404542 | V4: 3
A5: 2 | B5: Jawa Tengah | C5: 33 | D5: 3308 | E5: Magelang | F5: 210268.5 | G5: 28270.378 | H5: 40918.622 | I5: 20667.642 | J5: 1290591 | K5: 1170.15 | L5: 0.91953944 | M5: 4 | N5: 167338.71 | O5: 40279.162 | P5: 47192.068 | Q5: 23461.899 | R5: 5.52 | S5: 1299859 | T5: 1178.5508 | U5: 1.0475155 | V5: 3
A6: 3 | B6: Jawa Tengah | C6: 33 | D6: 3323 | E6: Temanggung | F6: 87380.59 | G6: 64595.4 | H6: 21019.479 | I6: 6103.4813 | J6: 772018 | K6: 921.58 | L6: 0.99774691 | M6: 4 | N6: 76704.57 | O6: 67739.804 | P6: 11411.512 | Q6: 3695.2349 | R6: 0 | S6: 790174 | T6: 943.25483 | U6: 1.1780807 | V6: 3
A7: 4 | B7: Jawa Timur | C7: 35 | D7: 3507 | E7: Malang | F7: 281072.26 | G7: 211194.67 | H7: 158108.11 | I7: 17207.718 | J7: 2606000 | K7: 738 | L7: 0.94678864 | M7: 4 | N7: 274389.82 | O7: 280549.17 | P7: 85470.07 | Q7: 15371.146 | R7: 0 | S7: 2654448 | T7: 751.82983 | U7: 1.0017209 | V7: 3
A8: 5 | B8: Bali | C8: 51 | D8: 5101 | E8: Jembrana | F8: 60128.88 | G8: 1517.0261 | H8: 515.29983 | I8: 81.991602 | J8: 278100 | K8: 330.36 | L8: 0.84274718 | M8: 4 | N8: 47178.1 | O8: 5402.0099 | P8: 112 | Q8: 13.775351 | R8: 0 | S8: 317064 | T8: 376.65004 | U8: 1.1510221 | V8: 3
A9: 6 | B9: Bali | C9: 51 | D9: 5104 | E9: Gianyar | F9: 100867.49 | G9: 761.42665 | H9: 904.67739 | I9: 1295.4863 | J9: 512200 | K9: 1391.85 | L9: 0.9301754 | M9: 4 | N9: 91622.56 | O9: 226.6719 | P9: 1739.912 | Q9: 1684.624 | R9: 0 | S9: 515344 | T9: 1400.3913 | U9: 1.0055064 | V9: 3
A10: 7 | B10: Bali | C10: 51 | D10: 5105 | E10: Klungkung | F10: 28689.54 | G10: 4654.4614 | H10: 17536.755 | I10: 486.3317 | J10: 179100 | K10: 568.57 | L10: 0.80714336 | M10: 4 | N10: 25764.98 | O10: 6329.413 | P10: 7639.9133 | Q10: 532.77615 | R10: 0 | S10: 206925 | T10: 656.90476 | U10: 1.1252781 | V10: 3
A11: 8 | B11: Kalimantan Barat | C11: 61 | D11: 6105 | E11: Sanggau | F11: 85131.76 | G11: 36359.003 | H11: 47769.052 | I11: 1457.8165 | J11: 470224 | K11: 37 | L11: 0.64800294 | M11: 5 | N11: 65968.8 | O11: 17796.471 | P11: 20848.747 | Q11: 929.01441 | R11: 212.41 | S11: 484836 | T11: 37.707539 | U11: 1.0098755 | V11: 3
A12: 9 | B12: Kalimantan Barat | C12: 61 | D12: 6109 | E12: Sekadau | F12: 34451.49 | G12: 26063.847 | H12: 17319.346 | I12: 5966.168 | J12: 201578 | K12: 37 | L12: 0.58783559 | M12: 5 | N12: 30091.24 | O12: 3526.7903 | P12: 6806.4361 | Q12: 268.25624 | R12: 14.426 | S12: 211559 | T12: 38.85952 | U12: 1.079226 | V12: 3
A13: 10 | B13: Kalimantan Tengah | C13: 62 | D13: 6207 | E13: Lamandau | F13: 18285.2 | G13: 713.47397 | H13: 5937.5523 | I13: 934.48477 | J13: 82700 | K13: 13 | L13: 0.68752819 | M13: 5 | N13: 8441.46 | O13: 1210.2999 | P13: 6503.425 | Q13: 917.68743 | R13: 0 | S13: 97611 | T13: 15.218428 | U13: 1.3728047 | V13: 2
A14: 11 | B14: Kalimantan Timur | C14: 64 | D14: 6403 | E14: Kutai Kertanegara | F14: 121202.53 | G14: 24620.716 | H14: 22951.936 | I14: 4259.5434 | J14: 786100 | K14: 30.91 | L14: 0.96444935 | M14: 4 | N14: 110940.44 | O14: 11179.702 | P14: 24013.072 | Q14: 5165.9511 | R14: 0 | S14: 729382 | T14: 28.066021 | U14: 1.0056845 | V14: 3
A15: 12 | B15: Sulawesi Utara | C15: 71 | D15: 7110 | E15: Bolaang Mongondow Selatan | F15: 5728.13 | G15: 42008.538 | H15: 23 | I15: 0 | J15: 66071 | K15: 41 | L15: 0.36976003 | M15: 6 | N15: 4046.51 | O15: 14441.728 | P15: 0 | Q15: 0 | R15: 0 | S15: 69791 | T15: 43.191242 | U15: 1.0510855 | V15: 3
... A21: 18 | B21: Papua Barat | C21: 91 | D21: 9111 | E21: Manokwari Selatan | F21: 4664.44 | G21: 347.46599 | H21: 2110.4659 | I21: 1188.043 | J21: 24220 | K21: 8.61 | L21: 0.679838 | M21: 5 | N21: 5105.28 | O21: 259.21584 | P21: 152.96203 | Q21: 118.66105 | R21: 0 | S21: 35949 | T21: 12.782139 | U21: 1.216858 | V21: 3
A23: TOTAL | F23: =SUM(F4:F21) -> 1127453 | G23: =SUM(G4:G21) -> 597447.7 | H23: =SUM(H4:H21) -> 349859.46 | I23: =SUM(I4:I21) -> 63331.718 | J23: =SUM(J4:J21) -> 8230551 | K23: =SUM(K4:K21) -> 5660.61 | L23: =AVERAGE(L4:L21) -> 0.80960659 | N23: =SUM(N4:N21) -> 995937.05 | O23: =SUM(O4:O21) -> 546381.6 | P23: =SUM(P4:P21) -> 232361.13 | Q23: =SUM(Q4:Q21) -> 57807.222 | R23: =SUM(R4:R21) -> 243.536 | S23: =SUM(S4:S21) -> 8430516 | T23: =SUM(T4:T21) -> 5871.6765 | U23: =AVERAGE(U4:U21) -> 1.2342844

Sheet Miskin
A2: No. | B2: Nama Kabupaten | C2: Nama Kecamatan | D2: Tahun 2020 | F2: Tahun 2021 | I2: No. | J2: Nama Kabupaten | K2: Nama Kecamatan | L2: Tahun 2020 | N2: Tahun 2021
D3: Persentase Pnddk dibawah Garis Kemiskinan (%) | E3: Prioritas | F3: Persentase Pnddk dibawah Garis Kemiskinan (%) | G3: Prioritas | L3: Persentase Pnddk dibawah Garis Kemiskinan (%) | M3: Prioritas | N3: Persentase Pnddk dibawah Garis Kemiskinan (%) | O3: Prioritas
A4: 1 | B4: Aceh | C4: Aceh Singkil | D4: 20.78 | E4: 3 | F4: 20.2 | G4: 3 | I4: 31 | J4: Papua Barat | K4: Teluk Bintuni | L4: 30.57 | M4: 2 | N4: 29.39 | O4: 2
A5: 2 | B5: Sumatera Utara | C5: Nias Utara | D5: 24.99 | E5: 3 | F5: 25.07 | G5: 2 | I5: 32 | J5: Papua Barat | K5: Manokwari | L5: 21.06 | M5: 3 | N5: 20.14 | O5: 3
A6: 3 | B6: Sumatera Utara | C6: Nias Barat | D6: 25.51 | E6: 2 | F6: 25.69 | G6: 2 | I6: 33 | J6: Papua Barat | K6: Sorong | L6: 28.61 | M6: 2 | N6: 27.48 | O6: 2
A7: 4 | B7: Riau | C7: Kepulauan Meranti | D7: 26.93 | E7: 2 | F7: 25.28 | G7: 2 | I7: 34 | J7: Papua Barat | K7: Tambrauw | L7: 33.66 | M7: 2 | N7: 32.8 | O7: 2
A8: 5 | B8: Jawa Timur | C8: Bangkalan | D8: 18.9 | E8: 4 | F8: 20.56 | G8: 3 | I8: 35 | J8: Papua Barat | K8: Maybrat | L8: 32.2 | M8: 2 | N8: 30.78 | O8: 2
A9: 6 | B9: Jawa Timur | C9: Sampang | D9: 20.71 | E9: 3 | F9: 22.78 | G9: 3 | I9: 36 | J9: Papua Barat | K9: Manokwari Selatan | L9: 29.94 | M9: 2 | N9: 28.88 | O9: 2
A10: 7 | B10: Jawa Timur | C10: Sumenep | D10: 19.48 | E10: 4 | F10: 20.18 | G10: 3 | I10: 37 | J10: Papua Barat | K10: Pegunungan Arfak | L10: 34.83 | M10: 2 | N10: 33.81 | O10: 2
A11: 8 | B11: Nusa Tenggara Barat | C11: Lombok Utara | D11: 29.03 | E11: 2 | F11: 26.99 | G11: 2 | I11: 38 | J11: Papua | K11: Jayawijaya | L11: 38.33 | M11: 1 | N11: 37.22 | O11: 1
A12: 9 | B12: Nusa Tenggara Timur | C12: Sumba Barat | D12: 28.29 | E12: 2 | F12: 28.17 | G12: 2 | I12: 39 | J12: Papua | K12: Nabire | L12: 24.81 | M12: 3 | N12: 24.15 | O12: 3
A13: 10 | B13: Nusa Tenggara Timur | C13: Sumba Timur | D13: 30.02 | E13: 2 | F13: 29.65 | G13: 2 | I13: 40 | J13: Papua | K13: Kepulauan Yapen | L13: 27.13 | M13: 2 | N13: 26.3 | O13: 2
A14: 11 | B14: Nusa Tenggara Timur | C14: Kupang | D14: 23.03 | E14: 3 | F14: 22.77 | G14: 3 | I14: 41 | J14: Papua | K14: Biak Namfor | L14: 25.5 | M14: 2 | N14: 24.57 | O14: 3
A15: 12 | B15: Nusa Tenggara Timur | C15: Timor Tengah Selatan | D15: 27.87 | E15: 2 | F15: 27.49 | G15: 2 | I15: 42 | J15: Papua | K15: Paniai | L15: 37.16 | M15: 1 | N15: 36.71 | O15: 1
... A32: 29 | B32: Papua Barat | C32: Fak-Fak | D32: 23.25 | E32: 3 | F32: 22.27 | G32: 3 | I32: 59 | J32: Papua | K32: Deiyai | L32: 43.65 | M32: 1 | N32: 41.76 | O32: 1
A33: 30 | B33: Papua Barat | C33: Teluk Wondama | D33: 32.42 | E33: 2 | F33: 30.91 | G33: 2

Sheet Pangan
A2: No. | B2: Nama Kabupaten | C2: Nama Kecamatan | D2: Tahun 2020 | F2: Tahun 2021 | I2: No. | J2: Nama Kabupaten | K2: Nama Kecamatan | L2: Tahun 2020 | N2: Tahun 2021
D3: Persentase RT dgn Pengeluaran Pangan >65% thd Total Pengeluaran | E3: Prioritas | F3: Persentase RT dgn Pengeluaran Pangan >65% thd Total Pengeluaran | G3: Prioritas | L3: Persentase RT dgn Pengeluaran Pangan >65% thd Total Pengeluaran | M3: Prioritas | N3: Persentase RT dgn Pengeluaran Pangan >65% thd Total Pengeluaran | O3: Prioritas
A4: 1 | B4: Aceh | C4: Pidie | D4: 55.082146 | E4: 3 | F4: 50.780203 | G4: 3 | I4: 16 | J4: Nusa Tenggara Timur | K4: Sumba Barat Daya | L4: 82.712032 | M4: 1 | N4: 74.809056 | O4: 1
A5: 2 | B5: Aceh | C5: Pidie Jaya | D5: 49.054063 | E5: 4 | F5: 54.224065 | G5: 3 | I5: 17 | J5: Nusa Tenggara Timur | K5: Manggarai Timur | L5: 78.258344 | M5: 1 | N5: 74.662601 | O5: 1
A6: 3 | B6: Sumatera Utara | C6: Mandailing Natal | D6: 59.872431 | E6: 3 | F6: 50.796206 | G6: 3 | I6: 18 | J6: Nusa Tenggara Timur | K6: Sabu Raijua | L6: 72.29533 | M6: 1 | N6: 58.233238 | O6: 3
A7: 4 | B7: Sumatera Utara | C7: Karo | D7: 58.588243 | E7: 3 | F7: 50.372384 | G7: 3 | I7: 19 | J7: Sulawesi Tenggara | K7: Muna Barat | L7: 14.122769 | M7: 6 | N7: 52.786936 | O7: 3
A8: 5 | B8: Sumatera Utara | C8: Humbang Hasundutan | D8: 56.034181 | E8: 3 | F8: 52.356133 | G8: 3 | I8: 20 | J8: Papua Barat | K8: Tambrauw | L8: 55.0124 | M8: 3 | N8: 51.622758 | O8: 3
A9: 6 | B9: Sumatera Barat | C9: Kepulauan Mentawai | D9: 54.985567 | E9: 3 | F9: 58.614365 | G9: 3 | I9: 21 | J9: Papua | K9: Puncak Jaya | L9: 19.111047 | M9: 6 | N9: 52.611143 | O9: 3
A10: 7 | B10: Sumatera Selatan | C10: Ogan Komering Ulu Selatan | D10: 53.680975 | E10: 3 | F10: 57.761666 | G10: 3 | I10: 22 | J10: Papua | K10: Yahukimo | L10: 54.103193 | M10: 3 | N10: 51.362093 | O10: 3
A11: 8 | B11: DKI Jakarta | C11: Kep. Seribu | D11: 74.937 | E11: 1 | F11: 72.089888 | G11: 1 | I11: 23 | J11: Papua | K11: Pegunungan Bintang | L11: 85.301665 | M11: 1 | N11: 65.223685 | O11: 2
A12: 9 | B12: Jawa Barat | C12: Garut | D12: 59.662616 | E12: 3 | F12: 57.713149 | G12: 3 | I12: 24 | J12: Papua | K12: Tolikara | L12: 86.543803 | M12: 1 | N12: 61.478654 | O12: 2
A13: 10 | B13: Jawa Barat | C13: Tasikmalaya | D13: 63.343716 | E13: 2 | F13: 57.458154 | G13: 3 | I13: 25 | J13: Papua | K13: Sarmi | L13: 46.416328 | M13: 4 | N13: 55.062876 | O13: 3
A14: 11 | B14: Jawa Timur | C14: Sampang | D14: 65.246394 | E14: 2 | F14: 61.872955 | G14: 2 | I14: 26 | J14: Papua | K14: Supiori | L14: 49.166137 | M14: 4 | N14: 53.991069 | O14: 3
A15: 12 | B15: Nusa Tenggara Timur | C15: Timor Tengah Selatan | D15: 66.104132 | E15: 2 | F15: 58.726251 | G15: 3 | I15: 27 | J15: Papua | K15: Mamberamo Raya | L15: 79.775136 | M15: 1 | N15: 80.701897 | O15: 1
... A18: 15 | B18: Nusa Tenggara Timur | C18: Rote Ndao | D18: 48.430596 | E18: 4 | F18: 51.737435 | G18: 3 | I18: 30 | J18: Papua | K18: Puncak | L18: 93.564937 | M18: 1 | N18: 91.87932 | O18: 1

Sheet Listrik
A2: No. | B2: Nama Kabupaten | C2: Nama Kecamatan | D2: Tahun 2020 | F2: Tahun 2021
D3: Persentase Rumah Tangga Tanpa Akses Listrik | E3: Prioritas | F3: Persentase Rumah Tangga Tanpa Akses Listrik | G3: Prioritas
A4: 1 | B4: Nusa Tenggara Timur | C4: Timor Tengah Selatan | D4: 36.478741 | E4: 3 | F4: 38.28 | G4: 3
A5: 2 | B5: Nusa Tenggara Timur | C5: Sumba Barat Daya | D5: 31.015936 | E5: 3 | F5: 35.4 | G5: 3
A6: 3 | B6: Nusa Tenggara Timur | C6: Manggarai Timur | D6: 24.534497 | E6: 4 | F6: 36.14 | G6: 3
A7: 4 | B7: Papua Barat | C7: Pegunungan Arfak | D7: 43.241668 | E7: 2 | F7: 44.69 | G7: 2
A8: 5 | B8: Papua | C8: Jayawijaya | D8: 26.338708 | E8: 4 | F8: 48.86 | G8: 2
A9: 6 | B9: Papua | C9: Paniai | D9: 61.454843 | E9: 1 | F9: 32.09 | G9: 3
A10: 7 | B10: Papua | C10: Puncak Jaya | D10: 12.806746 | E10: 5 | F10: 38.72 | G10: 3
A11: 8 | B11: Papua | C11: Asmat | D11: 35.113334 | E11: 3 | F11: 40.38 | G11: 2
A12: 9 | B12: Papua | C12: Yahukimo | D12: 84.29796 | E12: 1 | F12: 70.27 | G12: 1
A13: 10 | B13: Papua | C13: Pegunungan Bintang | D13: 18.089287 | E13: 5 | F13: 52.39 | G13: 1
A14: 11 | B14: Papua | C14: Nduga | D14: 50.128068 | E14: 1 | F14: 57.09 | G14: 1
A15: 12 | B15: Papua | C15: Yalimo | D15: 14.090189 | E15: 5 | F15: 35.16 | G15: 3
... A18: 15 | B18: Papua | C18: Deiyai | D18: 27.073376 | E18: 4 | F18: 53.55 | G18: 1

Sheet Air
A3: No. | B3: Nama Kabupaten | C3: Nama Kecamatan | D3: Tahun 2020 | F3: Tahun 2021 | I3: No. | J3: Nama Kabupaten | K3: Nama Kecamatan | L3: Tahun 2020 | N3: Tahun 2021
D4: Persentase Rumah Tangga Tanpa Akses Air Bersih | E4: Prioritas | F4: Persentase Rumah Tangga Tanpa Akses Air Bersih | G4: Prioritas | L4: Persentase Rumah Tangga Tanpa Akses Air Bersih | M4: Prioritas | N4: Persentase Rumah Tangga Tanpa Akses Air Bersih | O4: Prioritas
A5: 1 | B5: Sumatera Utara | C5: Nias | D5: 81.814224 | E5: 1 | F5: 73.709509 | G5: 1 | I5: 38 | J5: Kalimantan Barat | K5: Landak | L5: 68.536289 | M5: 2 | N5: 59.015173 | O5: 3
A6: 2 | B6: Sumatera Utara | C6: Mandailing Natal | D6: 52.434562 | E6: 3 | F6: 56.342268 | G6: 3 | I6: 39 | J6: Kalimantan Barat | K6: Mempawah | L6: 73.771026 | M6: 1 | N6: 79.209359 | O6: 1
A7: 3 | B7: Sumatera Utara | C7: Tapanuli Selatan | D7: 46.514299 | E7: 4 | F7: 55.081623 | G7: 3 | I7: 40 | J7: Kalimantan Barat | K7: Sanggau | L7: 50.672833 | M7: 3 | N7: 54.385494 | O7: 3
A8: 4 | B8: Sumatera Utara | C8: Nias Selatan | D8: 66.150273 | E8: 2 | F8: 70.061967 | G8: 1 | I8: 41 | J8: Kalimantan Barat | K8: Ketapang | L8: 57.303348 | M8: 3 | N8: 57.170537 | O8: 3
A9: 5 | B9: Sumatera Utara | C9: Humbang Hasundutan | D9: 46.213075 | E9: 4 | F9: 53.169602 | G9: 3 | I9: 42 | J9: Kalimantan Barat | K9: Sekadau | L9: 57.165956 | M9: 3 | N9: 61.272072 | O9: 2
A10: 6 | B10: Sumatera Utara | C10: Pakpak Bharat | D10: 56.275153 | E10: 3 | F10: 60.003686 | G10: 2 | I10: 43 | J10: Kalimantan Barat | K10: Melawai | L10: 59.375673 | M10: 3 | N10: 55.943499 | O10: 3
A11: 7 | B11: Sumatera Utara | C11: Samosir | D11: 58.741785 | E11: 3 | F11: 51.268442 | G11: 3 | I11: 44 | J11: Kalimantan Barat | K11: Kayong Utara | L11: 59.207783 | M11: 3 | N11: 75.01222 | O11: 1
A12: 8 | B12: Sumatera Utara | C12: Padang Lawas Utara | D12: 47.764547 | E12: 4 | F12: 55.265392 | G12: 3 | I12: 45 | J12: Kalimantan Barat | K12: Kubu Raya | L12: 88.785394 | M12: 1 | N12: 86.468741 | O12: 1
A13: 9 | B13: Sumatera Utara | C13: Nias Utara | D13: 61.0407 | E13: 2 | F13: 61.8391 | G13: 2 | I13: 46 | J13: Kalimantan Tengah | K13: Murung Raya | L13: 55.738848 | M13: 3 | N13: 56.765318 | O13: 3
A14: 10 | B14: Sumatera Utara | C14: Nias Barat | D14: 81.370568 | E14: 1 | F14: 83.435455 | G14: 1 | I14: 47 | J14: Sulawesi Utara | K14: Kep. Siau Tagulandang Biaro | L14: 37.248451 | M14: 5 | N14: 55.360955 | O14: 3
A15: 11 | B15: Sumatera Barat | C15: Kepulauan Mentawai | D15: 68.078637 | E15: 2 | F15: 72.750667 | G15: 1 | I15: 48 | J15: Sulawesi Selatan | K15: Tana Toraja | L15: 51.241434 | M15: 3 | N15: 59.857611 | O15: 3
A16: 12 | B16: Riau | C16: Indragiri Hilir | D16: 74.851475 | E16: 1 | F16: 69.560094 | G16: 2 | I16: 49 | J16: Sulawesi Barat | K16: Mamasa | L16: 79.082239 | M16: 1 | N16: 78.630381 | O16: 1
... A41: 37 | B41: Kalimantan Barat | C41: Bengkayang | D41: 44.078958 | E41: 4 | F41: 56.094317 | G41: 3 | I41: 74 | J41: Papua | K41: Deiyai | L41: 100 | M41: 1 | N41: 99.239366 | O41: 1

Sheet Tenkes
B3: Nama Kabupaten | C3: Nama Kecamatan | D3: Tahun 2020 | F3: Tahun 2021 | I3: No. | J3: Nama Kabupaten | K3: Nama Kecamatan | L3: Tahun 2020 | N3: Tahun 2021
D4: Rasio Pnddk per Tenaga Kesehatan per Kepadatan | E4: Prioritas | F4: Rasio Pnddk per Tenaga Kesehatan per Kepadatan | G4: Prioritas | L4: Rasio Pnddk per Tenaga Kesehatan per Kepadatan | M4: Prioritas | N4: Rasio Pnddk per Tenaga Kesehatan per Kepadatan | O4: Prioritas
A5: 1 | B5: Kalimantan Barat | C5: Ketapang | D5: 23.757552 | E5: 2 | F5: 18.628945 | G5: 3 | I5: 24 | J5: Papua Barat | K5: Pegunungan Arfak | L5: 100 | M5: 1 | N5: 52.334717 | O5: 1
A6: 2 | B6: Kalimantan Barat | C6: Kapuas Hulu | D6: 34.48729 | E6: 1 | F6: 23.460692 | G6: 2 | I6: 25 | J6: Papua | K6: Merauke | L6: 100 | M6: 1 | N6: 91.578974 | O6: 1
A7: 3 | B7: Kalimantan Barat | C7: Melawai | D7: 20.433039 | E7: 2 | F7: 17.675748 | G7: 3 | I7: 26 | J7: Papua | K7: Jayapura | L7: 22.239358 | M7: 2 | N7: 21.073761 | O7: 2
A8: 4 | B8: Kalimantan Tengah | C8: Seruyan | D8: 22.339156 | E8: 2 | F8: 21.221216 | G8: 2 | I8: 27 | J8: Papua | K8: Paniai | L8: 96.172819 | M8: 1 | N8: 23.242986 | O8: 2
A9: 5 | B9: Kalimantan Tengah | C9: Katingan | D9: 23.51314 | E9: 2 | F9: 23.874488 | G9: 2 | I9: 28 | J9: Papua | K9: Puncak Jaya | L9: 14.738234 | M9: 4 | N9: 28.984162 | O9: 2
A10: 6 | B10: Kalimantan Tengah | C10: Pulang Pisau | D10: 16.843361 | E10: 3 | F10: 15.379487 | G10: 3 | I10: 29 | J10: Papua | K10: Boven Digoel | L10: 100 | M10: 1 | N10: 39.210462 | O10: 1
A11: 7 | B11: Kalimantan Tengah | C11: Gunung Mas | D11: 17.810458 | E11: 3 | F11: 16.149477 | G11: 3 | I11: 30 | J11: Papua | K11: Mappi | L11: 80.695614 | M11: 1 | N11: 51.878756 | O11: 1
A12: 8 | B12: Kalimantan Tengah | C12: Murung Raya | D12: 31.789474 | E12: 1 | F12: 28.623188 | G12: 2 | I12: 31 | J12: Papua | K12: Asmat | L12: 100 | M12: 1 | N12: 73.62392 | O12: 1
A13: 9 | B13: Kalimantan Timur | C13: Kutai Timur | D13: 25.02029 | E13: 2 | F13: 19.003494 | G13: 3 | I13: 32 | J13: Papua | K13: Yahukimo | L13: 82.263278 | M13: 1 | N13: 84.128066 | O13: 1
A14: 10 | B14: Kalimantan Timur | C14: Berau | D14: 19.771694 | E14: 3 | F14: 18.482304 | G14: 3 | I14: 33 | J14: Papua | K14: Pegunungan Bintang | L14: 62.115202 | M14: 1 | N14: 63.203475 | O14: 1
A15: 11 | B15: Kalimantan Timur | C15: Mahakam Ulu | D15: 71.895425 | E15: 1 | F15: 55.254006 | G15: 1 | I15: 34 | J15: Papua | K15: Tolikara | L15: 29.009017 | M15: 2 | N15: 17.28684 | O15: 3
A16: 12 | B16: Kalimantan Utara | C16: Malinau | D16: 61.413043 | E16: 1 | F16: 54.155909 | G16: 1 | I16: 35 | J16: Papua | K16: Sarmi | L16: 43.795265 | M16: 1 | N16: 32.645392 | O16: 1
... A26: 22 | B26: Papua Barat | C26: Maybrat | D26: 48.754291 | E26: 1 | F26: 40.758881 | G26: 1 | I26: 45 | J26: Papua | K26: Deiyai | L26: 83.071179 | M26: 1 | N26: 100 | O26: 1
A27: 23 | B27: Papua Barat | C27: Manokwari Selatan | D27: 100 | E27: 1 | F27: 28.1244 | G27: 2

Sheet Sekolah
A3: No. | B3: Nama Kabupaten | C3: Nama Kecamatan | D3: Tahun 2020 | F3: Tahun 2021 | I3: No. | J3: Nama Kabupaten | K3: Nama Kecamatan | L3: Tahun 2020 | N3: Tahun 2021
D4: Rata-rata Lama Sekolah Perempuan Usia >15 Tahun | E4: Prioritas | F4: Rata-rata Lama Sekolah Perempuan Usia >15 Tahun | G4: Prioritas | L4: Rata-rata Lama Sekolah Perempuan Usia >15 Tahun | M4: Prioritas | N4: Rata-rata Lama Sekolah Perempuan Usia >15 Tahun | O4: Prioritas
A5: 1 | B5: Sumatera Utara | C5: Nias | D5: 5.5671957 | E5: 1 | F5: 6.36 | G5: 2 | I5: 52 | J5: Bali | K5: Karangasem | L5: 5.7803683 | M5: 1 | N5: 6.01 | O5: 2
A6: 2 | B6: Sumatera Utara | C6: Nias Selatan | D6: 6.0504331 | E6: 2 | F6: 7.27 | G6: 3 | I6: 53 | J6: Bali | K6: Buleleng | L6: 6.5774371 | M6: 3 | N6: 7.11 | O6: 3
A7: 3 | B7: Sumatera Utara | C7: Nias Utara | D7: 6.3169423 | E7: 2 | F7: 7.11 | G7: 3 | I7: 54 | J7: Nusa Tenggara Barat | K7: Lombok Barat | L7: 6.8948174 | M7: 3 | N7: 6.67 | O7: 3
A8: 4 | B8: Sumatera Utara | C8: Nias Barat | D8: 6.4162283 | E8: 2 | F8: 6.92 | G8: 3 | I8: 55 | J8: Nusa Tenggara Barat | K8: Lombok Tengah | L8: 6.2915813 | M8: 2 | N8: 6.48 | O8: 2
A9: 5 | B9: Sumatera Barat | C9: Kepulauan Mentawai | D9: 7.1765705 | E9: 3 | F9: 6.7 | G9: 3 | I9: 56 | J9: Nusa Tenggara Barat | K9: Lombok Timur | L9: 6.9747894 | M9: 3 | N9: 7.11 | O9: 3
A10: 6 | B10: Jambi | C10: Tanjung Jabung Timur | D10: 6.7627674 | E10: 3 | F10: 7.23 | G10: 3 | I10: 57 | J10: Nusa Tenggara Barat | K10: Lombok Utara | L10: 5.8853204 | M10: 1 | N10: 6.92 | O10: 3
A11: 7 | B11: Sumatera Selatan | C11: Ogan Komering Ilir | D11: 7.1599068 | E11: 3 | F11: 7.24 | G11: 3 | I11: 58 | J11: Nusa Tenggara Timur | K11: Sumba Barat | L11: 7.1797912 | M11: 3 | N11: 7.25 | O11: 3
A12: 8 | B12: Sumatera Selatan | C12: Banyuasin | D12: 7.5085972 | E12: 4 | F12: 7.45 | G12: 3 | I12: 59 | J12: Nusa Tenggara Timur | K12: Kupang | L12: 7.7070297 | M12: 4 | N12: 7.5 | O12: 3
A13: 9 | B13: Sumatera Selatan | C13: Penukal Abab Lematang Ilir | D13: 7.0013514 | E13: 3 | F13: 7.19 | G13: 3 | I13: 60 | J13: Nusa Tenggara Timur | K13: Timor Tengah Selatan | L13: 6.8860971 | M13: 3 | N13: 6.43 | O13: 2
A14: 10 | B14: Sumatera Selatan | C14: Musi Rawas Utara | D14: 6.6839137 | E14: 3 | F14: 7.46 | G14: 3 | I14: 61 | J14: Nusa Tenggara Timur | K14: Flores Timur | L14: 7.771697 | M14: 4 | N14: 7.44 | O14: 3
A15: 11 | B15: Lampung | C15: Mesuji | D15: 6.6414943 | E15: 3 | F15: 7.2 | G15: 3 | I15: 62 | J15: Nusa Tenggara Timur | K15: Sikka | L15: 7.1075893 | M15: 3 | N15: 7.27 | O15: 3
A16: 12 | B16: Kep. Bangka Belitung | C16: Bangka Barat | D16: 7.3129444 | E16: 3 | F16: 7.4 | G16: 3 | I16: 63 | J16: Nusa Tenggara Timur | K16: Manggarai Barat | L16: 7.1763467 | M16: 3 | N16: 7.22 | O16: 3
... A54: 50 | B54: Bali | C54: Klungkung | D54: 7.6943708 | E54: 4 | F54: 7.47 | G54: 3 | I54: 101 | J54: Papua | K54: Deiyai | L54: 1.486262 | M54: 1 | N54: 2.83 | O54: 1
A55: 51 | B55: Bali | C55: Bangli | D55: 6.6581194 | E55: 3 | F55: 7.02 | G55: 3

Sheet Stunting
A3: No. | B3: Nama Provinsi | C3: Tahun 2020 | E3: Tahun 2021
C4: Persentase Balita Stunting | D4: Prioritas | E4: Persentase Balita Stunting | F4: Prioritas
A5: 1 | B5: Aceh | C5: 34.2 | D5: 2 | E5: 33.01 | F5: 2
A6: 2 | B6: Nusa Tenggara Barat | C6: 37.9 | D6: 2 | E6: 38.15 | F6: 2
A7: 3 | B7: Nusa Tenggara Timur | C7: 43.8 | D7: 1 | E7: 42.99 | F7: 1
A8: 4 | B8: Kalimantan Barat | C8: 31.5 | D8: 2 | E8: 30.9 | F8: 2
A9: 5 | B9: Kalimantan Tengah | C9: 32.3 | D9: 2 | E9: 30.48 | F9: 2
A10: 6 | B10: Kalimantan Selatan | C10: 31.8 | D10: 2 | E10: 30.93 | F10: 2
A11: 7 | B11: Gorontalo | C11: 34.9 | D11: 2 | E11: 32.72 | F11: 2
A12: 8 | B12: Sulawesi Barat | C12: 40.4 | D12: 1 | E12: 40.44 | F12: 1
